2016-12-31T22:00:00,True,966.9,1004.0,964.9,1003.9,13889
2017-01-01T22:00:00,True,1003.9,1036.8,995.4,1018.0,23867
2017-01-02T22:00:00,True,1018.0,1031.7,1013.7,1028.4,22879
2017-01-03T22:00:00,True,1028.4,1139.7,1025.4,1097.8,28193
2017-01-04T22:00:00,True,1097.8,1166.8,879.1,975.2,53631
2017-01-05T22:00:00,True,975.2,1024.8,879.1,901.3,83622
2017-01-06T22:00:00,True,901.3,908.0,820.7,890.3,79567
2017-01-07T22:00:00,True,890.3,940.3,889.6,909.3,51551
2017-01-08T22:00:00,True,909.3,914.2,880.2,899.7,48195
2017-01-09T22:00:00,True,899.7,913.7,895.0,911.8,36806
2017-01-10T22:00:00,True,911.8,923.7,761.3,787.6,48387
2017-01-11T22:00:00,True,787.6,827.3,751.5,825.7,52845
2017-01-12T22:00:00,True,825.7,833.2,776.9,832.1,48888
2017-01-13T22:00:00,True,832.1,839.8,815.9,817.9,41051
2017-01-14T22:00:00,True,817.9,829.3,812.7,820.4,37330
2017-01-15T22:00:00,True,820.4,840.3,820.4,831.4,21570
2017-01-16T22:00:00,True,831.4,911.0,831.4,898.5,40399
2017-01-17T22:00:00,True,898.5,916.9,851.8,877.7,51088
2017-01-18T22:00:00,True,877.7,908.4,877.7,907.3,40440
2017-01-19T22:00:00,True,907.3,908.3,885.3,900.4,41231
2017-01-20T22:00:00,True,900.4,928.5,896.9,926.6,34388
2017-01-21T22:00:00,True,926.6,939.5,922.8,937.7,7877
2017-01-22T22:00:00,True,923.2,927.6,915.2,920.2,27737
2017-01-23T22:00:00,True,920.2,925.3,889.8,898.4,41728
2017-01-24T22:00:00,True,898.4,902.6,882.0,896.0,35225
2017-01-25T22:00:00,True,896.0,921.0,893.6,914.8,25650
2017-01-26T22:00:00,True,914.8,925.1,909.9,921.2,23899
2017-01-27T22:00:00,True,921.2,923.3,919.0,922.9,11700
2017-01-28T22:00:00,True,922.2,923.3,919.3,919.5,11808
2017-01-29T22:00:00,True,918.0,923.6,916.7,923.6,14237
2017-01-30T22:00:00,True,923.6,962.7,919.9,959.7,27366
2017-01-31T22:00:00,True,959.7,979.9,959.5,979.6,34055
2017-02-01T22:00:00,True,979.6,1013.4,977.5,1011.1,26903
2017-02-02T22:00:00,True,1011.1,1023.6,995.6,1013.9,31172
2017-02-03T22:00:00,True,1013.9,1021.7,1005.1,1010.8,10281
2017-02-04T22:00:00,True,1027.9,1030.0,999.5,1008.8,20763
2017-02-05T22:00:00,True,1008.8,1020.0,1007.1,1016.0,8434
2017-02-07T22:00:00,True,1069.0,1070.8,1042.2,1060.8,13087
2017-02-08T22:00:00,True,1060.8,1079.8,947.2,975.0,45642
2017-02-09T22:00:00,True,975.0,989.9,966.9,980.1,10413
2017-02-11T22:00:00,True,1011.1,1013.4,1005.2,1006.1,13651
2017-02-12T22:00:00,True,1006.1,1015.1,990.0,1004.4,21774
2017-02-13T22:00:00,True,1004.3,1005.5,995.8,995.8,5794
2017-02-14T22:00:00,True,1010.2,1015.0,1005.7,1013.9,16364
2017-02-15T22:00:00,True,1013.9,1041.0,1012.9,1035.9,23054
2017-02-16T22:00:00,True,1035.9,1062.5,1033.9,1061.7,25398
2017-02-17T22:00:00,True,1061.7,1068.8,1054.3,1064.7,23431
2017-02-18T22:00:00,True,1064.7,1065.6,1053.6,1055.2,20623
2017-02-19T22:00:00,True,1055.1,1063.6,1052.6,1061.1,21142
2017-02-20T22:00:00,True,1061.1,1122.1,1060.2,1121.1,35773
2017-02-21T22:00:00,True,1121.1,1139.9,1110.3,1132.6,34703
2017-02-22T22:00:00,True,1132.6,1133.7,1126.2,1128.5,8702
2017-02-23T22:00:00,True,1199.0,1213.1,1108.9,1176.9,37588
2017-02-24T22:00:00,True,1176.9,1186.7,1176.8,1177.5,18670
2017-02-25T22:00:00,True,1154.9,1186.0,1153.5,1179.3,24775
2017-02-26T22:00:00,True,1179.3,1192.1,1176.3,1187.8,9633
2017-02-28T22:00:00,True,1197.2,1229.5,1190.7,1228.4,25130
2017-03-01T22:00:00,True,1228.4,1285.4,1215.7,1264.4,41318
2017-03-02T22:00:00,True,1264.4,1279.3,1256.3,1264.7,10826
2017-03-03T22:00:00,True,1287.1,1287.7,1240.4,1264.7,33323
2017-03-04T22:00:00,True,1264.7,1275.1,1245.4,1274.6,40836
2017-03-05T22:00:00,True,1274.6,1280.6,1274.0,1277.1,10590
2017-03-06T22:00:00,True,1280.6,1280.6,1189.8,1250.4,37103
2017-03-07T22:00:00,True,1250.4,1250.6,1162.3,1168.2,63082
2017-03-08T22:00:00,True,1168.2,1170.3,1135.5,1150.3,20143
2017-03-09T22:00:00,True,1198.3,1327.4,980.4,1105.6,48632
2017-03-10T22:00:00,True,1105.6,1197.3,1067.2,1172.6,59011
2017-03-11T22:00:00,True,1172.6,1237.5,1172.6,1224.8,36134
2017-03-12T21:00:00,True,1224.8,1234.3,1223.9,1234.1,10609
2017-03-13T21:00:00,True,1244.6,1258.1,1228.9,1253.6,27645
2017-03-14T21:00:00,True,1253.6,1255.1,1244.1,1249.8,11701
2017-03-15T21:00:00,True,1250.4,1250.4,1150.2,1159.3,40452
2017-03-16T21:00:00,True,1159.3,1188.8,1093.9,1109.7,63197
2017-03-17T21:00:00,True,1109.7,1109.7,948.8,955.9,59988
2017-03-18T21:00:00,True,955.4,1060.4,948.5,1052.2,62252
2017-03-19T21:00:00,True,1052.2,1054.4,1009.6,1030.0,51067
2017-03-20T21:00:00,True,1030.0,1119.7,1030.0,1095.5,50736
2017-03-21T21:00:00,True,1095.5,1115.1,990.2,1009.3,58772
2017-03-22T21:00:00,True,1009.3,1052.6,1009.0,1041.4,48659
2017-03-23T21:00:00,True,1041.4,1041.4,963.1,963.3,54030
2017-03-24T21:00:00,True,963.3,963.4,892.5,945.2,57767
2017-03-25T21:00:00,True,945.2,1000.3,945.2,976.4,54222
2017-03-26T21:00:00,True,976.4,982.2,953.8,974.6,14251
2017-03-27T21:00:00,True,1039.4,1065.3,1018.6,1028.4,35141
2017-03-28T21:00:00,True,1028.4,1055.3,1011.7,1038.6,52743
2017-03-29T21:00:00,True,1038.6,1050.2,1022.1,1035.0,49552
2017-03-30T21:00:00,True,1035.0,1054.3,1033.7,1054.3,14166
2017-03-31T21:00:00,True,1082.5,1110.4,1073.5,1081.8,26169
2017-04-01T21:00:00,True,1081.8,1114.3,1080.1,1111.4,38534
2017-04-02T21:00:00,True,1111.4,1153.7,1105.6,1152.6,46591
2017-04-03T21:00:00,True,1152.6,1160.9,1141.6,1149.2,13569
2017-04-04T21:00:00,True,1142.7,1143.3,1116.2,1128.5,28869
2017-04-05T21:00:00,True,1128.5,1199.2,1127.0,1199.1,44577
2017-04-06T21:00:00,True,1199.1,1207.4,1177.9,1199.5,41554
2017-04-07T21:00:00,True,1199.5,1205.8,1168.2,1182.2,44049
2017-04-08T21:00:00,True,1182.2,1217.1,1180.6,1213.4,38311
2017-04-09T21:00:00,True,1213.4,1214.2,1209.2,1211.4,9843
2017-04-10T21:00:00,True,1206.5,1233.2,1204.0,1224.9,29005
2017-04-11T21:00:00,True,1224.9,1230.6,1213.9,1217.3,56943
2017-04-12T21:00:00,True,1217.3,1221.7,1153.2,1171.1,64028
2017-04-13T21:00:00,True,1171.2,1191.2,1169.9,1182.3,56493
2017-04-14T21:00:00,True,1182.3,1194.4,1173.0,1181.8,52592
2017-04-15T21:00:00,True,1181.8,1185.1,1166.0,1179.7,53010
2017-04-16T21:00:00,True,1179.7,1181.2,1174.3,1181.2,39019
2017-04-17T21:00:00,True,1197.5,1208.7,1197.5,1201.1,39231
2017-04-18T21:00:00,True,1201.1,1207.5,1195.6,1205.9,56833
2017-04-19T21:00:00,True,1205.9,1244.7,1203.3,1243.4,56309
2017-04-20T21:00:00,True,1243.4,1256.4,1235.4,1242.6,53867
2017-04-21T21:00:00,True,1242.6,1249.8,1225.9,1246.4,55585
2017-04-22T21:00:00,True,1246.4,1250.6,1236.4,1248.6,56230
2017-04-23T21:00:00,True,1248.6,1256.8,1244.9,1256.8,55380
2017-04-24T21:00:00,True,1256.8,1283.2,1255.5,1279.6,54855
2017-04-25T21:00:00,True,1279.6,1314.5,1278.4,1295.3,58378
2017-04-26T21:00:00,True,1295.3,1369.9,1293.3,1351.6,56973
2017-04-27T21:00:00,True,1351.6,1366.9,1299.4,1310.0,68445
2017-04-28T21:00:00,True,1310.0,1354.4,1310.0,1348.2,59842
2017-04-29T21:00:00,True,1351.1,1355.4,1325.0,1348.3,61220
2017-04-30T21:00:00,True,1348.3,1460.9,1347.8,1451.9,69661
2017-05-01T21:00:00,True,1451.9,1490.2,1420.3,1438.0,65346
2017-05-02T21:00:00,True,1438.0,1518.9,1438.0,1518.9,67795
2017-05-03T21:00:00,True,1518.9,1645.0,1492.1,1492.1,72404
2017-05-04T21:00:00,True,1491.7,1624.6,1475.9,1589.1,51349
2017-05-05T21:00:00,True,1568.6,1586.2,1551.1,1582.3,45010
2017-05-06T21:00:00,True,1582.3,1593.3,1577.9,1593.3,38804
2017-05-07T21:00:00,True,1593.3,1673.5,1589.7,1673.1,72698
2017-05-08T21:00:00,True,1673.1,1778.8,1662.8,1723.3,73921
2017-05-09T21:00:00,True,1723.3,1794.6,1686.7,1777.9,67720
2017-05-10T21:00:00,True,1777.9,1883.2,1755.5,1820.1,72985
2017-05-11T21:00:00,True,1820.1,1837.9,1658.4,1693.4,71784
2017-05-12T21:00:00,True,1693.4,1754.2,1604.6,1754.2,76537
2017-05-13T21:00:00,True,1754.2,1818.3,1754.2,1797.5,72520
2017-05-14T21:00:00,True,1797.5,1797.5,1686.4,1709.7,74548
2017-05-15T21:00:00,True,1709.7,1769.2,1700.5,1762.1,71662
2017-05-16T21:00:00,True,1762.1,1836.5,1749.2,1811.7,74970
2017-05-17T21:00:00,True,1811.7,1873.7,1799.0,1873.7,73750
2017-05-18T21:00:00,True,1873.7,1916.7,1872.9,1910.9,23232
2017-05-19T21:00:00,True,1980.7,2032.5,1973.7,2032.5,46693
2017-05-20T21:00:00,True,2032.5,2090.0,1983.1,2016.2,77735
2017-05-21T21:00:00,True,2016.2,2248.2,2016.1,2131.7,74217
2017-05-22T21:00:00,True,2131.7,2262.9,1998.3,2237.9,82361
2017-05-23T21:00:00,True,2237.9,2477.0,2231.7,2453.5,79503
2017-05-24T21:00:00,True,2453.5,2778.5,2197.3,2484.4,83992
2017-05-25T21:00:00,True,2484.4,2624.5,2055.5,2302.4,79422
2017-05-26T21:00:00,True,2302.4,2341.7,1911.2,2085.6,85003
2017-05-27T21:00:00,True,2085.6,2324.6,2034.6,2177.4,83923
2017-05-28T21:00:00,True,2177.4,2299.1,2150.6,2299.1,76002
2017-05-29T21:00:00,True,2297.0,2324.0,2219.7,2262.0,74237
2017-05-30T21:00:00,True,2262.0,2326.2,2152.1,2286.2,83744
2017-05-31T21:00:00,True,2286.2,2458.2,2276.0,2412.7,83054
2017-06-01T21:00:00,True,2412.7,2454.2,2375.1,2438.3,78448
2017-06-02T21:00:00,True,2438.3,2590.5,2424.2,2566.5,77215
2017-06-03T21:00:00,True,2566.5,2571.6,2482.0,2498.9,78840
2017-06-04T21:00:00,True,2498.9,2664.3,2498.9,2664.3,77031
2017-06-05T21:00:00,True,2664.3,2923.5,2663.6,2873.6,82695
2017-06-06T21:00:00,True,2873.6,2885.1,2744.5,2744.5,82928
2017-06-07T21:00:00,True,2744.5,2807.9,2612.1,2740.7,80658
2017-06-08T21:00:00,True,2740.7,2852.7,2740.7,2826.5,78135
2017-06-09T21:00:00,True,2826.5,2905.1,2799.1,2805.7,79783
2017-06-10T21:00:00,True,2805.7,2947.9,2802.4,2937.1,79597
2017-06-11T21:00:00,True,2937.1,2975.9,2469.2,2571.1,82688
2017-06-12T21:00:00,True,2571.1,2772.8,2571.1,2695.4,80385
2017-06-13T21:00:00,True,2695.4,2798.1,2520.7,2553.6,83149
2017-06-14T21:00:00,True,2553.6,2555.0,2059.9,2349.1,84458
2017-06-15T21:00:00,True,2349.1,2508.8,2310.7,2484.1,79926
2017-06-16T21:00:00,True,2484.1,2660.4,2430.1,2629.4,80438
2017-06-17T21:00:00,True,2629.4,2664.9,2501.8,2501.8,75154
2017-06-18T21:00:00,True,2501.3,2582.5,2491.9,2569.8,71149
2017-06-19T21:00:00,True,2569.8,2631.1,2563.9,2611.1,29596
2017-06-20T21:00:00,True,2749.4,2769.1,2645.5,2673.2,54289
2017-06-21T21:00:00,True,2673.2,2727.8,2588.5,2684.5,77685
2017-06-22T21:00:00,True,2684.5,2729.0,2670.5,2713.0,69656
2017-06-23T21:00:00,True,2713.0,2713.1,2509.4,2572.0,74996
2017-06-24T21:00:00,True,2572.0,2633.9,2479.6,2481.6,77210
2017-06-25T21:00:00,True,2481.6,2550.2,2276.8,2350.8,78903
2017-06-26T21:00:00,True,2350.8,2468.9,2268.7,2457.8,80185
2017-06-27T21:00:00,True,2457.8,2589.2,2427.1,2579.9,80583
2017-06-28T21:00:00,True,2579.9,2596.1,2508.3,2561.3,76784
2017-06-29T21:00:00,True,2561.3,2561.3,2481.2,2508.0,71476
2017-06-30T21:00:00,True,2508.0,2510.7,2402.2,2402.2,72776
2017-07-01T21:00:00,True,2402.2,2505.8,2374.2,2503.9,72530
2017-07-02T21:00:00,True,2503.9,2532.3,2479.7,2522.0,47200
2017-07-03T21:00:00,True,2622.7,2631.9,2549.4,2573.4,49157
2017-07-04T21:00:00,True,2573.4,2621.4,2548.9,2610.3,78802
2017-07-05T21:00:00,True,2610.3,2641.1,2579.1,2601.9,76544
2017-07-06T21:00:00,True,2601.9,2610.1,2575.9,2576.3,32903
2017-07-07T21:00:00,True,2492.3,2540.0,2478.0,2535.7,49815
2017-07-08T21:00:00,True,2535.7,2571.4,2529.1,2529.1,76914
2017-07-09T21:00:00,True,2529.1,2529.7,2355.5,2384.8,73898
2017-07-10T21:00:00,True,2384.8,2399.5,2254.6,2324.9,77198
2017-07-11T21:00:00,True,2324.9,2402.2,2264.2,2375.7,66920
2017-07-12T21:00:00,True,2375.7,2417.7,2316.0,2339.0,74706
2017-07-13T21:00:00,True,2339.0,2354.3,2151.7,2160.8,68922
2017-07-14T21:00:00,True,2160.8,2224.9,1968.6,2002.5,80239
2017-07-15T21:00:00,True,2002.5,2050.1,1799.1,1850.9,81770
2017-07-16T21:00:00,True,1850.9,2184.8,1844.3,2170.9,82155
2017-07-17T21:00:00,True,2170.9,2388.9,2145.5,2349.0,83039
2017-07-18T21:00:00,True,2349.0,2400.8,2222.2,2257.2,84072
2017-07-19T21:00:00,True,2257.2,2738.7,2245.4,2738.7,83259
2017-07-20T21:00:00,True,2738.7,2949.1,2610.4,2639.1,52230
2017-07-21T21:00:00,True,2639.1,2871.6,2618.9,2800.7,82414
2017-07-22T21:00:00,True,2800.7,2851.0,2667.1,2791.3,83971
2017-07-23T21:00:00,True,2791.3,2794.7,2715.3,2761.3,82781
2017-07-24T21:00:00,True,2761.3,2773.9,2453.4,2472.2,82080
2017-07-25T21:00:00,True,2472.2,2600.2,2403.0,2493.9,85398
2017-07-26T21:00:00,True,2493.9,2594.0,2454.9,2584.8,85536
2017-07-27T21:00:00,True,2584.8,2821.1,2584.8,2752.5,76032
2017-07-28T21:00:00,True,2752.5,2802.6,2649.1,2726.6,81969
2017-07-29T21:00:00,True,2726.6,2749.6,2600.8,2719.7,80829
2017-07-30T21:00:00,True,2719.7,2929.1,2703.6,2899.1,75725
2017-07-31T21:00:00,True,2899.1,2942.8,2640.3,2737.0,79423
2017-08-01T21:00:00,True,2737.0,2753.4,2670.1,2688.2,82823
2017-08-02T21:00:00,True,2688.2,2797.0,2650.8,2779.2,82383
2017-08-03T21:00:00,True,2779.2,2870.3,2761.6,2830.9,81844
2017-08-04T21:00:00,True,2830.9,3329.4,2830.8,3238.2,84472
2017-08-05T21:00:00,True,3238.2,3280.4,3146.8,3241.0,84095
2017-08-06T21:00:00,True,3241.0,3409.7,3179.9,3350.1,85197
2017-08-07T21:00:00,True,3350.1,3483.0,3343.8,3448.2,85868
2017-08-08T21:00:00,True,3448.2,3453.7,3238.0,3358.2,85186
2017-08-09T21:00:00,True,3358.2,3359.2,3299.2,3331.0,24809
2017-08-10T21:00:00,True,3422.6,3568.6,3421.5,3568.6,58311
2017-08-11T21:00:00,True,3568.6,3972.1,3568.6,3789.7,84592
2017-08-12T21:00:00,True,3789.7,4175.4,3775.1,3993.4,85896
2017-08-13T21:00:00,True,3993.4,4308.0,3962.1,4238.7,83929
2017-08-14T21:00:00,True,4238.7,4432.1,4208.4,4398.3,25958
2017-08-15T21:00:00,True,4079.9,4082.8,3936.3,4079.2,17791
2017-08-16T21:00:00,True,4269.6,4473.5,4234.0,4309.1,44960
2017-08-17T21:00:00,True,4266.1,4353.0,4012.9,4012.9,58370
2017-08-18T21:00:00,True,4012.4,4184.5,3971.4,4127.3,82414
2017-08-19T21:00:00,True,4126.2,4186.6,4032.3,4114.5,75833
2017-08-20T21:00:00,True,4114.5,4147.3,3942.8,3998.9,79150
2017-08-21T21:00:00,True,3998.9,4142.2,3602.5,4069.4,86138
2017-08-22T21:00:00,True,4069.4,4250.3,4024.1,4131.3,85716
2017-08-23T21:00:00,True,4131.3,4240.6,4095.7,4229.3,82533
2017-08-24T21:00:00,True,4229.3,4480.9,4221.6,4323.5,76534
2017-08-25T21:00:00,True,4323.5,4395.0,4323.5,4370.4,7675
2017-08-26T21:00:00,True,4370.4,4370.4,4321.3,4356.6,37822
2017-08-27T21:00:00,True,4356.6,4358.9,4201.8,4298.5,49698
2017-08-28T21:00:00,True,4383.6,4701.7,4380.9,4588.2,39070
2017-08-29T21:00:00,True,4588.2,4640.1,4494.1,4570.5,85450
2017-08-30T21:00:00,True,4570.5,4762.5,4554.8,4738.9,70788
2017-08-31T21:00:00,True,4738.9,4922.0,4709.8,4871.6,70125
2017-09-01T21:00:00,True,4871.6,4980.9,4508.3,4565.4,86312
2017-09-02T21:00:00,True,4565.3,4708.5,4463.3,4543.1,66540
2017-09-03T21:00:00,True,4543.1,4633.7,4099.6,4305.8,82097
2017-09-04T21:00:00,True,4307.6,4479.2,4013.7,4429.1,77822
2017-09-05T21:00:00,True,4429.1,4643.6,4376.5,4550.5,84900
2017-09-06T21:00:00,True,4550.5,4663.5,4484.5,4571.7,85229
2017-09-07T21:00:00,True,4571.7,4668.3,4001.3,4232.5,74106
2017-09-08T21:00:00,True,4232.5,4405.3,4135.0,4278.1,83053
2017-09-09T21:00:00,True,4278.1,4347.4,4084.0,4290.6,83250
2017-09-10T21:00:00,True,4290.6,4371.1,4114.9,4185.0,84743
2017-09-11T21:00:00,True,4185.0,4373.6,4185.0,4282.5,53871
2017-09-12T21:00:00,True,3954.7,3979.9,3745.3,3894.6,50156
2017-09-13T21:00:00,True,3894.6,3950.8,3255.3,3396.0,86383
2017-09-14T21:00:00,True,3396.0,3777.2,2953.7,3734.2,86347
2017-09-15T21:00:00,True,3734.2,3854.9,3581.0,3710.5,43638
2017-09-16T21:00:00,True,3710.5,3826.1,3506.5,3759.8,84499
2017-09-17T21:00:00,True,3759.8,3840.0,3707.4,3796.1,24474
2017-09-18T21:00:00,True,3988.4,4040.9,3848.6,3901.6,60575
2017-09-19T21:00:00,True,3901.7,4036.6,3835.8,3957.9,85048
2017-09-20T21:00:00,True,3957.9,3966.9,3572.6,3651.3,86242
2017-09-21T21:00:00,True,3651.3,3756.3,3511.4,3608.3,86378
2017-09-22T21:00:00,True,3608.3,3814.1,3574.5,3768.4,73085
2017-09-23T21:00:00,True,3768.4,3782.6,3621.8,3670.5,82477
2017-09-24T21:00:00,True,3670.5,3958.3,3662.1,3928.8,84133
2017-09-25T21:00:00,True,3928.8,3953.8,3852.3,3905.9,47377
2017-09-26T21:00:00,True,3905.9,3934.0,3877.8,3931.3,29811
2017-09-27T21:00:00,True,3647.7,4183.4,3632.8,4162.0,25925
2017-09-28T21:00:00,True,4162.0,4211.4,4018.3,4170.3,75756
2017-09-29T21:00:00,True,4170.3,4340.6,4170.3,4333.3,52033
2017-09-30T21:00:00,True,4333.3,4347.0,4248.2,4340.1,69441
2017-10-01T21:00:00,True,4340.1,4458.4,4340.1,4386.2,79964
2017-10-02T21:00:00,True,4386.2,4418.2,4235.6,4284.0,86190
2017-10-03T21:00:00,True,4284.0,4341.7,4185.7,4199.6,83736
2017-10-04T21:00:00,True,4199.6,4358.1,4144.5,4347.1,84737
2017-10-05T21:00:00,True,4347.1,4410.7,4299.7,4336.9,86023
2017-10-06T21:00:00,True,4336.9,4367.8,4318.6,4336.3,65712
2017-10-07T21:00:00,True,4336.3,4609.9,4336.2,4579.9,86391
2017-10-08T21:00:00,True,4579.9,4641.9,4549.8,4641.9,67867
2017-10-09T21:00:00,True,4771.6,4919.9,4763.4,4869.7,53460
2017-10-10T21:00:00,True,4869.7,4869.7,4720.8,4822.0,60484
2017-10-11T21:00:00,True,4822.0,5397.1,4787.8,5312.8,82034
2017-10-12T21:00:00,True,5312.8,5869.9,5278.1,5709.8,25078
2017-10-13T21:00:00,True,5662.3,5664.3,5560.0,5663.6,23640
2017-10-14T21:00:00,True,5774.0,5799.2,5451.5,5508.9,60269
2017-10-15T21:00:00,True,5508.9,5752.3,5501.8,5683.9,86205
2017-10-16T21:00:00,True,5683.9,5779.0,5514.6,5568.6,86348
2017-10-17T21:00:00,True,5568.6,5593.0,5087.9,5516.2,85830
2017-10-18T21:00:00,True,5516.2,5744.9,5486.1,5699.5,86248
2017-10-19T21:00:00,True,5699.5,6047.1,5613.1,5960.6,85047
2017-10-20T21:00:00,True,5960.6,6100.8,5897.1,6087.9,59653
2017-10-21T21:00:00,True,6087.9,6096.7,5750.6,5869.2,84071
2017-10-22T21:00:00,True,5869.2,6056.2,5643.6,5903.7,85876
2017-10-23T21:00:00,True,5903.7,5928.5,5551.0,5663.4,67877
2017-10-24T21:00:00,True,5550.5,5690.5,5437.4,5679.6,61119
2017-10-25T21:00:00,True,5679.6,5977.0,5651.4,5833.5,86150
2017-10-26T21:00:00,True,5833.5,5992.0,5704.3,5753.9,86338
2017-10-27T21:00:00,True,5753.9,5887.7,5663.8,5736.1,86400
2017-10-28T21:00:00,True,5736.1,6296.8,5700.4,6189.2,86308
2017-10-29T21:00:00,True,6189.2,6214.8,6025.9,6103.1,86159
2017-10-30T21:00:00,True,6103.1,6148.0,6086.0,6130.0,36918
2017-10-31T21:00:00,True,6433.2,6627.8,6368.1,6564.8,60939
2017-11-01T21:00:00,True,6565.5,7336.9,6565.5,7028.9,86352
2017-11-02T21:00:00,True,7028.9,7452.2,6956.6,7236.2,85025
2017-11-03T21:00:00,True,7236.2,7513.1,7102.2,7455.8,65591
2017-11-04T21:00:00,True,7455.8,7589.2,7297.0,7343.0,79785
2017-11-05T22:00:00,True,7343.0,7427.1,6950.7,7130.3,82787
2017-11-06T22:00:00,True,7130.3,7227.8,6969.9,7080.3,85668
2017-11-07T22:00:00,True,7080.3,7951.8,7047.0,7261.8,86063
2017-11-08T22:00:00,True,7261.8,7496.0,7099.6,7107.2,86207
2017-11-09T22:00:00,True,7107.2,7336.0,6420.6,6583.3,86327
2017-11-10T22:00:00,True,6583.3,6852.9,6190.9,6461.2,86396
2017-11-11T22:00:00,True,6461.2,6493.6,5450.8,5904.8,86384
2017-11-12T22:00:00,True,5904.8,6806.4,5607.4,6485.3,85655
2017-11-13T22:00:00,True,6485.3,6765.3,6452.3,6651.1,25791
2017-11-14T22:00:00,True,6650.5,7354.4,6650.5,7296.6,78068
2017-11-15T22:00:00,True,7296.6,7902.4,7134.3,7902.0,85431
2017-11-16T22:00:00,True,7902.0,7993.6,7546.9,7702.8,83843
2017-11-17T22:00:00,True,7703.7,7852.7,7446.9,7840.8,82602
2017-11-18T22:00:00,True,7840.9,8096.6,7668.4,8017.3,76024
2017-11-19T22:00:00,True,8017.3,8303.3,7936.9,8254.9,78746
2017-11-20T22:00:00,True,8254.9,8358.0,7790.6,8163.4,82637
2017-11-21T22:00:00,True,8163.4,8301.3,8003.3,8209.9,81590
2017-11-22T22:00:00,True,8209.9,8282.7,8090.0,8170.4,81376
2017-11-23T22:00:00,True,8170.4,8343.1,7897.2,8266.5,80687
2017-11-24T22:00:00,True,8266.5,8734.8,8162.3,8719.4,77536
2017-11-25T22:00:00,True,8719.4,9474.7,8691.7,9346.5,82031
2017-11-26T22:00:00,True,9346.5,9727.1,9269.7,9650.7,80444
2017-11-27T22:00:00,True,9650.7,9980.5,9606.7,9976.2,81003
2017-11-28T22:00:00,True,9976.2,11446.5,9505.6,10273.4,75911
2017-11-29T22:00:00,True,10273.4,10901.6,9639.7,10718.9,24007
2017-11-30T22:00:00,True,9852.6,10952.5,9356.6,10897.1,60681
2017-12-01T22:00:00,True,10898.1,11198.1,10698.2,11019.9,85017
2017-12-02T22:00:00,True,11020.4,11868.6,10766.6,10993.0,70624
2017-12-03T22:00:00,True,10993.0,11606.9,10511.4,11549.8,85186
2017-12-04T22:00:00,True,11549.8,11894.6,11491.7,11789.0,82420
2017-12-05T22:00:00,True,11789.0,13211.2,11704.7,13210.8,82385
2017-12-06T22:00:00,True,13210.8,14699.9,13201.5,14266.0,31438
2017-12-07T22:00:00,True,15944.9,16493.6,14006.1,15871.5,60721
2017-12-08T22:00:00,True,15871.5,16509.1,14993.9,15217.4,59009
2017-12-09T22:00:00,True,15217.4,15933.8,13161.5,14745.5,83555
2017-12-10T22:00:00,True,14745.5,17477.9,14616.6,17231.9,84203
2017-12-11T22:00:00,True,17242.2,17605.8,16346.3,17398.5,83122
2017-12-12T22:00:00,True,17398.5,17581.4,15915.9,16842.6,41233
2017-12-13T22:00:00,True,16797.4,17147.3,16144.4,16517.4,83109
2017-12-14T22:00:00,True,16517.4,17911.8,16398.4,17686.0,81387
2017-12-15T22:00:00,True,17686.0,19505.9,17460.9,19443.8,63202
2017-12-16T22:00:00,True,19443.8,19996.7,18906.4,19248.9,81026
2017-12-17T22:00:00,True,19291.4,19736.3,18128.5,18746.0,83588
2017-12-18T22:00:00,True,18746.0,19049.1,16810.0,17098.2,83256
2017-12-19T22:00:00,True,17098.2,17857.9,15603.8,16278.6,85226
2017-12-20T22:00:00,True,16277.1,17371.4,15077.2,15658.2,84872
2017-12-21T22:00:00,True,15658.2,15946.6,13117.0,14897.6,25593
2017-12-22T22:00:00,True,14897.4,15900.7,13729.3,15550.6,45856
2017-12-23T22:00:00,True,15550.6,15688.0,12595.8,13306.4,83347
2017-12-24T22:00:00,True,13306.4,14685.3,13179.7,13922.2,82328
2017-12-25T22:00:00,True,13922.2,16124.4,13745.2,15921.5,84207
2017-12-26T22:00:00,True,15921.7,16504.1,15641.6,15835.1,45704
2017-12-27T22:00:00,True,14472.9,14572.7,13511.7,13961.6,60325
2017-12-28T22:00:00,True,13961.6,15098.1,13948.8,14352.8,85860
2017-12-29T22:00:00,True,14352.8,14749.2,13593.1,13593.1,51132
2017-12-30T22:00:00,True,12937.9,14194.7,12587.8,13982.0,60282
2017-12-31T22:00:00,True,13985.6,14004.1,13228.4,13510.5,36679
2018-01-01T22:00:00,True,13510.5,13858.0,12953.9,13015.6,11098
2018-01-02T22:00:00,True,15094.4,15400.8,14589.6,15022.7,60482
2018-01-03T22:00:00,True,15022.6,15498.8,14100.1,14974.9,84696
2018-01-04T22:00:00,True,14975.9,16927.9,14795.6,16731.8,83359
2018-01-05T22:00:00,True,16731.5,17119.4,16294.4,16816.3,75711
2018-01-06T22:00:00,True,16816.3,17222.6,15736.9,16166.8,84460
2018-01-07T22:00:00,True,16147.9,16495.4,13843.4,14928.3,84764
2018-01-08T22:00:00,True,14928.3,15396.2,14161.3,14549.3,84481
2018-01-09T22:00:00,True,14549.3,14617.9,13506.5,14511.1,80024
2018-01-10T22:00:00,True,14511.1,14534.7,12811.7,13484.5,77439
2018-01-11T22:00:00,True,13484.3,13747.1,12904.1,13743.5,59352
2018-01-12T22:00:00,True,13743.5,14545.3,13584.6,14168.3,64900
2018-01-13T22:00:00,True,14168.3,14313.4,13095.9,13411.9,83798
2018-01-14T22:00:00,True,13411.9,14279.9,13397.6,13883.5,83231
2018-01-15T22:00:00,True,13883.5,13905.9,10331.5,10713.0,85728
2018-01-16T22:00:00,True,10713.0,11805.4,9127.5,11371.0,86148
2018-01-17T22:00:00,True,11371.0,12108.9,10675.7,11590.0,85728
2018-01-18T22:00:00,True,11590.3,12014.3,11052.6,11351.7,85961
2018-01-19T22:00:00,True,11351.4,13004.7,11243.7,12904.4,85853
2018-01-20T22:00:00,True,12904.4,12961.8,11117.0,11363.5,75479
2018-01-21T22:00:00,True,11363.5,11855.7,10042.1,10358.4,85958
2018-01-22T22:00:00,True,10358.4,11366.8,9943.4,11006.1,86127
2018-01-23T22:00:00,True,11006.1,11477.9,10497.8,11207.8,85475
2018-01-24T22:00:00,True,11207.8,11694.5,10832.5,11244.4,84537
2018-01-25T22:00:00,True,11244.4,11595.6,10299.5,10892.6,84591
2018-01-26T22:00:00,True,10892.6,11203.3,10758.3,11047.1,33438
2018-01-27T22:00:00,True,11594.1,11831.3,11416.6,11666.3,56561
2018-01-28T22:00:00,True,11666.3,11693.9,10896.6,11197.9,81665
2018-01-29T22:00:00,True,11197.9,11204.2,9737.4,10075.8,83778
2018-01-30T22:00:00,True,10075.8,10303.7,9557.8,9957.2,83611
2018-01-31T22:00:00,True,9957.4,10162.3,8422.8,9098.9,84469
2018-02-01T22:00:00,True,9098.9,9129.7,7616.5,8571.5,85080
2018-02-02T22:00:00,True,8571.5,9479.6,8147.1,9157.9,84447
2018-02-03T22:00:00,True,9157.9,9229.5,7850.2,8081.6,72552
2018-02-04T22:00:00,True,8079.5,8404.4,6498.3,7092.5,84944
2018-02-05T22:00:00,True,7092.5,7934.6,5932.5,7781.4,85853
2018-02-06T22:00:00,True,7783.4,8585.0,7214.4,8095.7,85411
2018-02-07T22:00:00,True,8095.7,8638.2,7536.4,8155.6,84803
2018-02-08T22:00:00,True,8153.9,8719.1,7764.1,8546.2,84551
2018-02-09T22:00:00,True,8546.2,9064.6,8152.5,8276.1,80580
2018-02-10T22:00:00,True,8269.7,8603.5,7837.0,8323.5,85443
2018-02-11T22:00:00,True,8323.5,8903.1,8019.0,8844.7,77173
2018-02-12T22:00:00,True,8844.7,8978.1,8380.2,8550.0,85697
2018-02-13T22:00:00,True,8550.3,9380.4,8475.3,9276.2,85955
2018-02-14T22:00:00,True,9276.5,10248.8,9229.4,9886.4,86034
2018-02-15T22:00:00,True,9886.4,10309.6,9716.0,10088.4,86160
2018-02-16T22:00:00,True,10088.4,10897.3,10034.7,10842.1,84806
2018-02-17T22:00:00,True,10842.1,11271.5,10168.8,10772.5,85315
2018-02-18T22:00:00,True,10772.5,11246.1,10315.5,11087.1,85099
2018-02-19T22:00:00,True,11087.1,11750.6,11048.7,11702.0,85645
2018-02-20T22:00:00,True,11702.0,11751.2,10245.8,10294.4,86040
2018-02-21T22:00:00,True,10293.4,10934.4,9738.6,9922.6,85916
2018-02-22T22:00:00,True,9922.6,10400.0,9601.5,9924.3,86014
2018-02-23T22:00:00,True,9924.3,10520.4,9924.3,10441.6,25177
2018-02-24T22:00:00,True,9726.6,9868.7,9291.1,9600.2,60419
2018-02-25T22:00:00,True,9600.2,10434.4,9396.2,10369.8,85554
2018-02-26T22:00:00,True,10369.8,10399.2,10114.4,10293.0,28880
2018-02-27T22:00:00,True,10883.9,11048.0,10883.9,10890.0,5852
2018-02-28T22:00:00,True,10427.7,11085.7,10336.2,10926.7,59802
2018-03-01T22:00:00,True,10938.6,11192.1,10781.3,10998.1,66742
2018-03-02T22:00:00,True,11000.7,11481.9,10940.7,11291.7,60573
2018-03-03T22:00:00,True,11291.7,11459.5,11058.4,11396.3,81754
2018-03-04T22:00:00,True,11396.3,11644.9,11347.7,11562.2,72158
2018-03-05T22:00:00,True,11562.2,11601.8,10568.5,10777.7,83692
2018-03-06T22:00:00,True,10777.7,10890.0,9396.0,9947.2,84872
2018-03-07T22:00:00,True,9947.2,10106.9,9072.0,9321.8,85162
2018-03-08T22:00:00,True,9321.8,9407.5,8371.6,9002.1,85688
2018-03-09T22:00:00,True,8998.9,9423.9,8797.6,8843.4,62265
2018-03-10T22:00:00,True,8841.2,9734.8,8544.9,9609.8,75935
2018-03-11T21:00:00,True,9609.8,9898.3,8764.2,9009.6,85595
2018-03-12T21:00:00,True,9009.6,9440.5,8847.3,9062.5,85196
2018-03-13T21:00:00,True,9062.5,9368.3,8196.9,8303.0,84756
2018-03-14T21:00:00,True,8303.0,8419.6,7683.6,8260.4,84781
2018-03-15T21:00:00,True,8260.4,8368.3,7908.7,8038.3,24616
2018-03-16T21:00:00,True,8217.4,8344.1,7735.6,7836.1,60827
2018-03-17T21:00:00,True,7836.1,8064.9,7316.0,7649.2,84449
2018-03-18T21:00:00,True,7649.0,8735.8,7633.2,8427.8,83228
2018-03-19T21:00:00,True,8427.9,9039.3,8321.2,8917.3,83243
2018-03-20T21:00:00,True,8917.3,9176.2,8755.8,8884.8,83700
2018-03-21T21:00:00,True,8884.8,9101.9,8491.8,8601.4,84275
2018-03-22T21:00:00,True,8601.4,8766.1,8288.4,8622.6,84718
2018-03-23T21:00:00,True,8621.0,8996.6,8620.8,8931.3,71768
2018-03-24T21:00:00,True,8931.3,8931.3,8375.2,8606.1,84762
2018-03-25T21:00:00,True,8606.1,8649.5,7845.6,7888.0,83844
2018-03-26T21:00:00,True,7888.0,8269.0,7825.3,7985.3,81073
2018-03-27T21:00:00,True,7985.3,8094.5,7814.4,7899.5,71128
2018-03-28T21:00:00,True,7902.1,7993.6,7100.8,7100.8,84579
2018-03-29T21:00:00,True,7100.8,7339.4,6599.7,6845.2,85082
2018-03-30T21:00:00,True,6845.2,7111.5,6747.4,6962.6,24436
2018-03-31T21:00:00,True,6919.2,6965.5,6438.3,6891.1,60734
2018-04-01T21:00:00,True,6891.1,7115.1,6755.8,6930.4,84711
2018-04-02T21:00:00,True,6930.4,7499.4,6928.2,7399.8,84321
2018-04-03T21:00:00,True,7399.6,7441.5,6740.6,6838.5,84390
2018-04-04T21:00:00,True,6838.5,6920.3,6573.0,6743.7,85358
2018-04-05T21:00:00,True,6744.0,6843.5,6511.4,6607.6,78918
2018-04-06T21:00:00,True,6607.6,7064.0,6541.6,6998.2,66239
2018-04-07T21:00:00,True,6998.2,7100.0,6858.6,6948.5,83342
2018-04-08T21:00:00,True,6948.5,7174.7,6618.5,6665.9,82897
2018-04-09T21:00:00,True,6665.9,6859.7,6651.9,6837.4,79907
2018-04-10T21:00:00,True,6837.4,6964.6,6781.6,6898.9,81038
2018-04-11T21:00:00,True,6898.9,8077.9,6766.6,7721.9,80899
2018-04-12T21:00:00,True,7721.9,8227.2,7697.3,7900.2,82613
2018-04-13T21:00:00,True,7900.2,8173.2,7802.0,8071.4,50554
2018-04-14T21:00:00,True,8071.3,8405.1,7995.2,8285.1,79263
2018-04-15T21:00:00,True,8285.1,8421.5,7904.6,7985.4,82547
2018-04-16T21:00:00,True,7984.9,8162.8,7817.5,7913.8,83064
2018-04-17T21:00:00,True,7913.8,8223.9,7872.3,8186.2,81040
2018-04-18T21:00:00,True,8186.2,8267.5,8092.4,8233.2,68454
2018-04-19T21:00:00,True,8233.2,8556.0,8211.4,8525.3,59462
2018-04-20T21:00:00,True,8525.3,9034.6,8516.6,8778.0,70953
2018-04-21T21:00:00,True,8778.0,9014.3,8753.1,8883.3,82320
2018-04-22T21:00:00,True,8883.3,8986.6,8756.0,8931.1,80200
2018-04-23T21:00:00,True,8931.1,9463.2,8925.0,9454.6,80268
2018-04-24T21:00:00,True,9454.6,9764.4,8765.7,9080.8,83926
2018-04-25T21:00:00,True,9080.8,9181.5,8664.5,9113.7,81813
2018-04-26T21:00:00,True,9113.7,9369.1,8957.9,8987.9,82180
2018-04-27T21:00:00,True,8987.7,9420.8,8878.9,9311.3,79934
2018-04-28T21:00:00,True,9311.3,9523.3,9180.8,9301.2,77736
2018-04-29T21:00:00,True,9301.2,9436.1,9108.4,9275.7,79109
2018-04-30T21:00:00,True,9275.7,9283.5,8816.7,9012.7,79660
2018-05-01T21:00:00,True,9012.7,9193.5,8977.0,9168.5,70806
2018-05-02T21:00:00,True,9168.5,9734.0,9156.4,9632.7,75701
2018-05-03T21:00:00,True,9632.7,9783.0,9510.8,9673.6,77080
2018-05-04T21:00:00,True,9673.6,9938.2,9658.6,9718.9,74630
2018-05-05T21:00:00,True,9718.9,9890.0,9396.6,9495.4,73441
2018-05-06T21:00:00,True,9497.5,9627.9,9171.7,9427.9,76205
2018-05-07T21:00:00,True,9427.9,9449.0,9046.8,9158.3,75120
2018-05-08T21:00:00,True,9156.5,9358.0,8960.0,9248.8,74747
2018-05-09T21:00:00,True,9248.8,9387.1,9055.6,9094.1,79154
2018-05-10T21:00:00,True,9094.1,9124.9,8871.8,8934.6,31511
2018-05-11T21:00:00,True,8415.9,8644.1,8218.1,8426.6,54596
2018-05-12T21:00:00,True,8426.6,8549.0,8337.0,8443.0,35149
2018-05-13T21:00:00,True,8443.6,8443.7,8280.8,8410.2,26597
2018-05-14T21:00:00,True,8721.4,8842.8,8429.7,8531.2,56101
2018-05-15T21:00:00,True,8531.2,8568.2,8112.2,8296.9,78975
2018-05-15T21:00:00,True,8531.2,8568.2,8112.2,8296.9,78975
2018-05-16T21:00:00,True,8296.9,8489.9,8111.3,8206.3,76943
2018-05-17T21:00:00,True,8206.3,8279.3,7928.0,8227.0,77708
2018-05-18T21:00:00,True,8227.0,8389.1,8150.7,8255.8,62430
2018-05-19T21:00:00,True,8254.5,8600.8,8167.8,8553.6,71255
2018-05-20T21:00:00,True,8553.6,8586.3,8317.7,8395.5,72238
2018-05-21T21:00:00,True,8395.5,8419.0,8080.2,8103.1,77168
2018-05-22T21:00:00,True,8103.1,8105.3,7869.0,7939.3,25095
2018-05-23T21:00:00,True,7617.5,7732.6,7265.5,7556.4,58158
2018-05-24T21:00:00,True,7556.4,7659.6,7324.6,7452.5,76675
2018-05-25T21:00:00,True,7452.5,7651.1,7363.3,7527.6,70664
2018-05-26T21:00:00,True,7527.6,7629.0,7222.5,7322.6,72652
2018-05-27T21:00:00,True,7322.6,7449.3,7165.2,7214.3,77711
2018-05-28T21:00:00,True,7214.3,7534.8,7056.4,7498.1,79045
2018-05-29T21:00:00,True,7498.1,7566.3,7271.5,7337.3,77248
2018-05-30T21:00:00,True,7337.3,7604.4,7325.3,7538.4,76770
2018-05-31T21:00:00,True,7538.4,7618.4,7355.4,7440.8,77058
2018-06-01T21:00:00,True,7440.8,7701.0,7437.1,7617.5,69936
2018-06-02T21:00:00,True,7617.5,7788.7,7592.3,7722.9,64782
2018-06-03T21:00:00,True,7722.0,7763.8,7450.2,7527.4,73981
2018-06-04T21:00:00,True,7527.4,7679.9,7355.7,7628.3,72683
2018-06-05T21:00:00,True,7628.3,7682.4,7482.5,7619.9,68466
2018-06-06T21:00:00,True,7617.8,7742.5,7608.1,7662.2,78376
2018-06-07T21:00:00,True,7662.3,7694.6,7543.4,7645.2,70831
2018-06-08T21:00:00,True,7645.2,7681.0,7572.4,7631.1,61758
2018-06-09T21:00:00,True,7631.1,7631.1,6631.6,6718.5,75072
2018-06-10T21:00:00,True,6718.5,6843.6,6664.4,6763.9,43583
2018-06-11T21:00:00,True,6764.3,6911.4,6762.6,6825.4,42469
2018-06-12T21:00:00,True,6553.6,6618.5,6125.3,6256.5,55914
2018-06-13T21:00:00,True,6256.5,6713.7,6235.8,6655.9,79377
2018-06-14T21:00:00,True,6655.9,6680.2,6452.5,6500.4,76438
2018-06-15T21:00:00,True,6501.0,6543.9,6332.6,6516.2,78483
2018-06-16T21:00:00,True,6516.2,6577.2,6447.2,6495.3,77002
2018-06-17T21:00:00,True,6495.3,6803.7,6379.2,6721.0,75772
2018-06-18T21:00:00,True,6721.0,6833.6,6661.5,6695.5,71650
2018-06-19T21:00:00,True,6695.5,6813.0,6558.1,6752.5,72828
2018-06-20T21:00:00,True,6752.5,6792.2,6686.9,6714.6,70149
2018-06-21T21:00:00,True,6714.6,6750.9,6019.2,6072.1,76862
2018-06-22T21:00:00,True,6072.1,6197.0,5941.8,6141.7,52060
2018-06-23T21:00:00,True,6141.7,6261.0,5769.8,6187.8,76008
2018-06-24T21:00:00,True,6187.8,6344.3,6074.3,6250.4,76462
2018-06-25T21:00:00,True,6251.8,6276.2,6128.1,6181.5,73999
2018-06-26T21:00:00,True,6181.5,6256.4,5985.1,6121.7,77230
2018-06-27T21:00:00,True,6121.7,6175.9,6069.8,6094.3,67278
2018-06-28T21:00:00,True,5877.2,5952.6,5789.7,5887.7,51798
2018-06-29T21:00:00,True,5887.7,6529.9,5887.7,6357.8,77231
2018-06-30T21:00:00,True,6357.8,6428.0,6252.9,6340.8,79257
2018-07-01T21:00:00,True,6340.8,6675.1,6270.0,6621.4,80205
2018-07-02T21:00:00,True,6621.4,6671.9,6597.1,6630.1,35844
2018-07-03T21:00:00,True,6460.6,6793.9,6454.2,6687.8,56196
2018-07-04T21:00:00,True,6687.8,6696.4,6444.1,6506.6,81820
2018-07-05T21:00:00,True,6506.1,6641.4,6453.8,6570.5,79091
2018-07-06T21:00:00,True,6570.5,6620.2,6505.9,6523.5,68573
2018-07-07T21:00:00,True,6523.5,6825.7,6517.8,6733.0,76639
2018-07-08T21:00:00,True,6733.0,6754.4,6660.2,6691.1,76097
2018-07-09T21:00:00,True,6691.1,6800.1,6317.1,6391.8,78467
2018-07-10T21:00:00,True,6391.8,6403.7,6266.9,6350.4,75202
2018-07-11T21:00:00,True,6347.7,6397.4,6135.4,6172.7,75170
2018-07-12T21:00:00,True,6172.7,6334.9,6075.8,6183.9,72005
2018-07-13T21:00:00,True,6183.9,6324.1,6179.7,6271.8,68176
2018-07-14T21:00:00,True,6272.6,6385.4,6201.7,6375.6,67839
2018-07-15T21:00:00,True,6375.6,6713.5,6332.0,6660.7,70040
2018-07-16T21:00:00,True,6660.7,7468.5,6651.4,7314.9,77805
2018-07-17T21:00:00,True,7314.9,7587.0,7240.5,7333.8,80381
2018-07-18T21:00:00,True,7333.8,7496.6,7279.8,7414.8,76978
2018-07-19T21:00:00,True,7414.6,7679.6,7275.5,7353.0,77321
2018-07-20T21:00:00,True,7353.0,7457.7,7213.1,7415.9,73795
2018-07-21T21:00:00,True,7415.9,7547.5,7350.9,7519.3,64519
2018-07-22T21:00:00,True,7519.7,7810.9,7338.1,7703.9,73273
2018-07-23T21:00:00,True,7703.9,8357.4,7694.6,8230.8,74637
2018-07-24T21:00:00,True,8231.8,8480.8,8217.6,8347.1,27612
2018-07-25T21:00:00,True,8217.7,8288.3,8115.6,8145.4,53553
2018-07-26T21:00:00,True,8145.4,8266.6,7794.2,8233.1,76056
2018-07-27T21:00:00,True,8233.1,8268.5,8053.2,8172.3,56071
2018-07-28T21:00:00,True,8172.3,8283.7,8166.0,8198.7,44639
2018-07-29T21:00:00,True,8198.7,8273.6,7848.4,8145.0,59319
2018-07-30T21:00:00,True,8146.2,8195.9,7665.1,7683.4,75702
2018-07-31T21:00:00,True,7683.5,7764.3,7460.8,7486.7,75362
2018-08-01T21:00:00,True,7486.7,7704.7,7433.4,7547.1,74245
2018-08-02T21:00:00,True,7547.1,7562.0,7311.3,7330.1,21897
2018-08-05T21:00:00,True,7049.6,7164.0,6889.9,6919.4,175685
2018-08-06T21:00:00,True,6919.6,7147.8,6838.1,6883.3,164529
2018-08-07T21:00:00,True,6875.4,6875.4,6121.0,6316.5,80019
2018-08-08T21:00:00,True,6319.7,6553.1,6190.7,6508.2,47783
2018-08-09T21:00:00,True,6509.8,6622.1,6330.7,6350.2,33522
2018-08-12T21:00:00,True,6368.1,6541.0,6150.7,6278.0,57568
2018-08-13T21:00:00,True,6276.5,6287.9,5884.4,6078.7,93686
2018-08-14T21:00:00,True,6075.0,6623.3,6075.0,6375.3,104461
2018-08-15T21:00:00,True,6374.8,6477.7,6208.4,6252.4,87478
2018-08-16T21:00:00,True,6252.8,6558.6,6238.1,6476.3,76892
2018-08-19T21:00:00,True,6498.9,6526.4,6385.6,6450.6,39675
2018-08-20T21:00:00,True,6453.3,6480.3,6228.0,6450.8,50950
2018-08-21T21:00:00,True,6452.3,6876.7,6289.8,6330.5,75030
2018-08-22T21:00:00,True,6331.4,6485.2,6251.4,6418.4,43382
2018-08-23T21:00:00,True,6417.8,6642.3,6417.7,6611.9,24646
2018-08-26T21:00:00,True,6679.7,6761.6,6649.3,6718.7,15330
2018-08-27T21:00:00,True,6717.9,7126.1,6711.0,7080.6,25074
2018-08-28T21:00:00,True,7083.7,7119.1,6903.3,7035.7,20670
2018-08-29T21:00:00,True,7040.1,7064.7,6793.4,6912.9,23480
2018-08-30T21:00:00,True,6912.4,7088.4,6879.3,7042.9,20534
2018-09-02T21:00:00,True,7280.3,7322.0,7191.4,7295.2,29208
2018-09-03T21:00:00,True,7295.7,7401.5,7224.4,7358.2,27888
2018-09-04T21:00:00,True,7362.6,7382.4,6855.6,6948.8,34571
2018-09-05T21:00:00,True,6949.9,6976.5,6229.2,6417.5,66712
2018-09-09T21:00:00,True,6387.7,6387.7,6220.1,6297.4,49126
2018-09-10T21:00:00,True,6300.0,6412.6,6168.3,6251.7,50655
2018-09-11T21:00:00,True,6252.7,6349.4,6196.7,6303.8,86785
2018-09-12T21:00:00,True,6304.3,6530.5,6293.6,6465.8,107176
2018-09-13T21:00:00,True,6465.4,6580.3,6379.9,6533.8,119815
2018-09-16T21:00:00,True,6506.7,6525.1,6363.0,6368.1,12885
2018-09-17T21:00:00,True,6382.0,6452.0,6369.2,6419.1,11105
2018-09-18T21:00:00,True,6420.2,6520.1,6312.2,6469.0,13544
2018-09-19T21:00:00,True,6475.2,6482.0,6429.6,6447.1,8072
2018-09-20T21:00:00,True,6444.5,6775.3,6439.5,6713.9,35467
2018-09-23T21:00:00,True,6681.2,6719.2,6570.2,6625.5,64994
2018-09-24T21:00:00,True,6622.6,6628.8,6325.1,6386.8,37709
2018-09-25T21:00:00,True,6384.7,6536.6,6369.3,6496.6,19946
2018-09-26T21:00:00,True,6497.2,6734.0,6427.0,6688.2,26333
2018-09-27T21:00:00,True,6688.6,6789.4,6527.9,6639.7,40818
2018-09-30T21:00:00,True,6557.3,6638.1,6483.1,6550.1,17767
2018-10-01T21:00:00,True,6549.5,6605.8,6450.6,6529.6,28797
2018-10-02T21:00:00,True,6528.8,6535.9,6398.4,6437.3,23963
2018-10-03T21:00:00,True,6436.0,6606.3,6413.1,6550.3,32602
2018-10-04T21:00:00,True,6549.3,6595.5,6519.0,6541.1,29242
2018-10-07T21:00:00,True,6541.9,6660.1,6536.3,6621.6,21209
2018-10-08T21:00:00,True,6620.9,6624.7,6550.1,6579.3,15331
2018-10-09T21:00:00,True,6578.8,6598.0,6450.7,6537.1,15892
2018-10-10T21:00:00,True,6536.5,6541.6,6047.7,6209.8,70120
2018-10-11T21:00:00,True,6208.9,6241.0,6115.1,6217.4,24311
2018-10-14T21:00:00,True,6212.5,6769.6,6152.8,6425.8,145712
2018-10-15T21:00:00,True,6425.8,6425.8,6425.8,6425.8,1
2018-10-16T21:00:00,True,6425.8,6425.8,6425.8,6425.8,4
2018-10-17T21:00:00,True,6425.8,6425.8,6425.8,6425.8,4
2018-10-18T21:00:00,True,6425.8,6425.8,6425.8,6425.8,5
2018-10-21T21:00:00,True,6427.0,6429.3,6375.4,6413.8,16284
2018-10-22T21:00:00,True,6413.1,6420.8,6356.6,6393.5,27225
2018-10-23T21:00:00,True,6394.0,6476.6,6392.2,6427.9,40023
2018-10-24T21:00:00,True,6435.5,6484.6,6368.1,6398.1,23572
2018-10-25T21:00:00,True,6399.0,6458.7,6378.0,6403.2,8039
2018-10-28T21:00:00,True,6393.6,6424.0,6203.6,6239.6,17508
2018-10-29T21:00:00,True,6239.2,6286.1,6234.4,6264.0,12745
2018-10-30T21:00:00,True,6263.4,6348.0,6200.0,6303.1,10829
2018-10-31T21:00:00,True,6302.6,6341.6,6289.8,6336.5,10082
2018-11-01T21:00:00,True,6335.0,6377.9,6329.9,6352.6,7794
2018-11-04T22:00:00,True,6407.3,6441.6,6371.1,6400.3,15810
2018-11-05T22:00:00,True,6400.9,6450.6,6384.5,6420.2,8725
2018-11-06T22:00:00,True,6420.8,6542.1,6420.2,6502.6,13212
2018-11-07T22:00:00,True,6501.9,6511.3,6390.5,6418.2,13443
2018-11-08T22:00:00,True,6418.7,6425.8,6310.3,6327.3,14406
2018-11-11T22:00:00,True,6311.4,6389.7,6308.1,6315.9,17100
2018-11-12T22:00:00,True,6315.4,6331.6,6247.9,6278.7,42792
2018-11-13T22:00:00,True,6279.1,6294.8,5285.8,5540.3,122195
2018-11-14T22:00:00,True,5541.4,5639.9,5201.0,5471.5,105547
2018-11-15T22:00:00,True,5474.6,5612.6,5436.1,5456.9,32650
2018-11-18T22:00:00,True,5543.7,5559.7,4666.9,4784.2,116308
2018-11-19T22:00:00,True,4786.4,4893.2,4040.3,4334.8,245833
2018-11-20T22:00:00,True,4336.2,4639.3,4180.0,4451.2,146992
2018-11-21T22:00:00,True,4450.6,4597.0,4362.7,4429.6,49716
2018-11-22T22:00:00,True,4430.2,4447.8,4088.8,4262.9,66865
2018-11-25T22:00:00,True,3948.6,4076.7,3518.6,3662.0,115253
2018-11-26T22:00:00,True,3660.5,3802.9,3562.7,3768.8,85810
2018-11-27T22:00:00,True,3765.1,4356.5,3744.7,4295.5,66824
2018-11-28T22:00:00,True,4295.5,4295.5,4128.2,4188.1,1795
2018-11-29T22:00:00,True,4182.8,4298.8,3864.6,3918.6,66947
2018-12-02T22:00:00,True,4113.5,4140.5,3743.2,3873.4,41374
2018-12-03T22:00:00,True,3875.3,4034.6,3731.6,3897.1,41248
2018-12-04T22:00:00,True,3897.5,3916.7,3664.7,3721.2,31372
2018-12-05T22:00:00,True,3720.7,3843.2,3543.1,3598.7,54317
2018-12-06T22:00:00,True,3598.0,3625.5,3208.7,3373.0,605060
2018-12-09T22:00:00,True,3373.0,3600.0,3355.5,3403.6,35296
2018-12-10T22:00:00,True,3402.8,3427.1,3293.6,3371.7,33334
2018-12-11T22:00:00,True,3372.6,3488.5,3326.1,3438.4,22796
2018-12-12T22:00:00,True,3439.8,3441.7,3225.2,3254.0,24030
2018-12-13T22:00:00,True,3254.4,3299.0,3137.1,3154.5,20934
2018-12-16T22:00:00,True,3195.6,3587.8,3182.0,3493.1,23463
2018-12-17T22:00:00,True,3492.6,3570.4,3434.7,3535.7,22152
2018-12-18T22:00:00,True,3535.2,3924.4,3522.2,3666.8,48727
2018-12-19T22:00:00,True,3672.7,4173.7,3656.2,3990.3,73321
2018-12-20T22:00:00,True,3997.8,4165.6,3774.3,3848.6,76573
2018-12-23T22:00:00,True,3950.1,4237.6,3928.1,4063.4,40308
2018-12-25T22:00:00,True,3746.6,3866.8,3685.5,3774.6,37250
2018-12-26T22:00:00,True,3776.2,3840.5,3569.5,3586.5,31819
2018-12-27T22:00:00,True,3584.4,3964.3,3566.9,3895.0,54483
2018-12-30T22:00:00,True,3822.3,3844.8,3629.2,3674.2,25119
2019-01-01T22:00:00,True,3719.8,3899.4,3715.3,3883.9,26127
2019-01-02T22:00:00,True,3884.6,3914.9,3756.1,3795.0,17494
2019-01-03T22:00:00,True,3794.2,3851.2,3726.4,3836.3,21836
2019-01-06T22:00:00,True,4035.5,4071.3,3967.4,4005.5,14382
2019-01-07T22:00:00,True,4006.4,4114.4,3947.4,3999.2,19512
2019-01-08T22:00:00,True,3997.5,4044.8,3964.0,4003.3,16127
2019-01-09T22:00:00,True,4004.2,4035.8,3564.2,3630.4,38937
2019-01-10T22:00:00,True,3629.4,3677.6,3586.7,3646.1,15036
2019-01-13T22:00:00,True,3507.0,3714.0,3494.7,3665.4,16886
2019-01-14T22:00:00,True,3665.0,3688.8,3609.6,3636.2,10537
2019-01-15T22:00:00,True,3636.2,3636.2,3636.2,3636.2,1
2019-01-16T22:00:00,True,3636.2,3636.2,3636.2,3636.2,2
2019-01-17T22:00:00,True,3636.2,3636.2,3636.2,3636.2,6
2019-01-20T22:00:00,True,3542.3,3570.1,3506.3,3520.7,10013
2019-01-21T22:00:00,True,3521.1,3611.0,3424.7,3572.6,17983
2019-01-22T22:00:00,True,3573.2,3616.1,3544.4,3571.5,6047
2019-01-23T22:00:00,True,3571.5,3571.5,3571.5,3571.5,7
2019-01-24T22:00:00,True,3571.5,3571.5,3571.5,3571.5,4
2019-01-27T22:00:00,True,3540.8,3541.6,3372.3,3416.7,13639
2019-01-28T22:00:00,True,3416.1,3443.4,3337.0,3402.2,12121
2019-01-29T22:00:00,True,3399.7,3460.0,3372.2,3433.6,10937
2019-01-30T22:00:00,True,3434.0,3473.9,3395.1,3416.8,6362
2019-01-31T22:00:00,True,3416.4,3458.8,3374.4,3449.5,7289
2019-02-03T22:00:00,True,3449.5,3449.5,3396.2,3418.1,3828
2019-02-04T22:00:00,True,3417.6,3430.0,3399.2,3422.6,3548
2019-02-05T22:00:00,True,3423.0,3445.3,3334.9,3366.9,7534
2019-02-06T22:00:00,True,3367.4,3381.0,3352.7,3359.1,3511
2019-02-07T22:00:00,True,3358.4,3709.6,3342.9,3595.2,23341
2019-02-10T22:00:00,True,3623.8,3657.0,3580.0,3593.4,6193
2019-02-11T22:00:00,True,3592.9,3618.6,3546.8,3576.3,7348
2019-02-12T22:00:00,True,3575.8,3629.4,3561.2,3570.4,6354
2019-02-13T22:00:00,True,3571.1,3602.3,3535.9,3570.2,6326
2019-02-14T22:00:00,True,3569.7,3617.1,3546.4,3565.0,4700
2019-02-17T22:00:00,True,3602.4,3915.1,3600.0,3852.0,36348
2019-02-18T22:00:00,True,3851.6,3970.4,3829.7,3887.4,26748
2019-02-19T22:00:00,True,3887.8,3965.4,3865.0,3915.1,13080
2019-02-20T22:00:00,True,3913.2,3987.0,3866.8,3898.2,11291
2019-02-21T22:00:00,True,3898.6,3955.4,3885.3,3942.0,10804
2019-02-24T22:00:00,True,3759.2,3860.3,3727.8,3803.9,21616
2019-02-25T22:00:00,True,3804.4,3830.9,3763.5,3789.5,13418
2019-02-26T22:00:00,True,3789.9,3823.8,3651.8,3747.4,16156
2019-02-27T22:00:00,True,3749.0,3895.4,3741.1,3800.9,22263
2019-02-28T22:00:00,True,3800.5,3843.8,3783.8,3829.2,7796
2019-03-03T22:00:00,True,3785.7,3807.1,3670.1,3701.5,12511
2019-03-04T22:00:00,True,3701.1,3874.7,3682.6,3834.0,17717
2019-03-05T22:00:00,True,3834.4,3894.8,3811.2,3844.9,12828
2019-03-06T22:00:00,True,3844.3,3890.5,3829.3,3869.9,16790
2019-03-07T22:00:00,True,3870.3,3912.0,3846.7,3872.0,10323
2019-03-10T21:00:00,True,3893.9,3912.9,3815.1,3847.4,9553
2019-03-11T21:00:00,True,3846.8,3876.8,3798.9,3865.1,8563
2019-03-12T21:00:00,True,3865.7,3870.3,3824.6,3852.0,6786
2019-03-13T21:00:00,True,3851.6,3900.8,3784.5,3850.5,12005
2019-03-14T21:00:00,True,3850.1,3907.8,3845.7,3898.0,7198
2019-03-17T21:00:00,True,3977.4,4017.3,3934.5,3971.5,8212
2019-03-18T21:00:00,True,3971.9,4013.3,3949.7,3992.5,5811
2019-03-19T21:00:00,True,3991.6,4018.9,3962.0,4011.8,5136
2019-03-20T21:00:00,True,4012.3,4059.4,3913.0,3974.3,9400
2019-03-21T21:00:00,True,3975.0,3999.9,3961.2,3979.0,2776
2019-03-24T21:00:00,True,3979.0,3979.0,3979.0,3979.0,1
2019-03-25T21:00:00,True,3979.0,3979.0,3880.3,3913.7,2765
2019-03-26T21:00:00,True,3914.1,4032.9,3910.1,4008.8,4799
2019-03-27T21:00:00,True,4009.3,4035.5,3993.2,4011.3,2907
2019-03-28T21:00:00,True,4011.8,4098.9,4007.4,4072.9,6214
2019-03-31T21:00:00,True,4072.5,4148.6,4051.2,4128.2,4579
2019-04-01T21:00:00,True,4128.6,5089.2,4126.7,4803.3,136204
2019-04-02T21:00:00,True,4802.9,5318.7,4775.5,5296.2,83261
2019-04-03T21:00:00,True,5299.5,5338.3,4782.6,4849.1,198047
2019-04-04T21:00:00,True,4848.5,4948.2,4839.5,4899.2,6486
2019-04-07T21:00:00,True,5165.3,5351.1,5129.3,5252.8,195405
2019-04-08T21:00:00,True,5254.1,5312.4,5144.2,5219.1,45357
2019-04-09T21:00:00,True,5219.6,5469.9,5156.9,5303.4,56660
2019-04-10T21:00:00,True,5303.9,5345.8,4968.4,5053.4,107132
2019-04-11T21:00:00,True,5052.9,5120.1,4905.8,5042.1,48736
2019-04-14T21:00:00,True,5104.5,5191.8,4946.9,5023.7,36280
2019-04-15T21:00:00,True,5023.2,5232.3,5010.7,5184.3,20100
2019-04-16T21:00:00,True,5183.6,5273.0,5171.9,5216.5,22310
2019-04-17T21:00:00,True,5217.0,5317.3,5205.0,5307.5,19270
2019-04-18T21:00:00,True,5308.0,5358.6,5195.6,5267.6,25755
2019-04-21T21:00:00,True,5276.6,5443.5,5249.9,5368.2,22950
2019-04-22T21:00:00,True,5367.5,5645.0,5357.0,5582.8,27975
2019-04-23T21:00:00,True,5582.0,5623.3,5374.4,5438.9,54463
2019-04-24T21:00:00,True,5439.8,5512.8,5378.5,5496.3,18687
2019-04-25T21:00:00,True,5499.2,5503.3,4967.4,5096.2,230603
2019-04-28T21:00:00,True,5134.3,5188.1,5070.6,5127.9,54994
2019-04-29T21:00:00,True,5127.3,5285.5,5096.2,5237.0,46944
2019-04-30T21:00:00,True,5236.4,5358.4,5236.1,5310.9,31168
2019-05-01T21:00:00,True,5311.9,5423.1,5287.0,5406.7,35835
2019-05-02T21:00:00,True,5406.0,5799.7,5362.0,5689.9,145812
2019-05-05T21:00:00,True,5746.2,5755.3,5565.5,5693.4,98179
2019-05-06T21:00:00,True,5694.0,5967.7,5676.2,5849.3,87463
2019-05-07T21:00:00,True,5845.3,5913.8,5657.4,5902.4,76982
2019-05-08T21:00:00,True,5901.2,6097.3,5847.7,6080.0,132011
2019-05-09T21:00:00,True,6079.3,6428.4,6077.7,6277.3,155753
2019-05-12T21:00:00,True,7161.1,7979.7,6860.5,7867.2,622952
2019-05-13T21:00:00,True,7868.8,8350.6,7597.9,7720.8,669517
2019-05-14T21:00:00,True,7726.9,8268.1,7627.8,8172.3,514794
2019-05-15T21:00:00,True,8171.6,8386.4,7681.4,7681.5,232092
2019-05-16T21:00:00,True,7668.4,7964.5,6603.8,7103.4,342330
2019-05-19T21:00:00,True,8082.3,8309.8,7572.7,8004.7,184264
2019-05-20T21:00:00,True,8009.5,8148.9,7806.7,8091.2,148910
2019-05-21T21:00:00,True,8089.0,8110.2,7682.7,7833.2,189244
2019-05-22T21:00:00,True,7828.0,7886.1,7465.8,7884.4,103736
2019-05-23T21:00:00,True,7883.8,8182.1,7795.4,8104.0,179530
2019-05-26T21:00:00,True,8635.4,8950.5,8626.7,8756.3,143365
2019-05-27T21:00:00,True,8755.8,8857.2,8541.0,8685.9,225787
2019-05-28T21:00:00,True,8686.9,8760.8,8424.4,8646.1,77198
2019-05-29T21:00:00,True,8644.4,9092.1,8388.7,8458.5,64052
2019-05-30T21:00:00,True,8460.1,8516.3,7992.4,8508.9,285737
2019-06-02T21:00:00,True,8508.8,8730.2,8328.6,8558.2,56877
2019-06-03T21:00:00,False,8557.0,8561.9,8400.3,8451.3,10258
