2019-03-01T00:00:00,True,0.68202,0.68202,0.68092,0.68110,482
2019-03-01T01:00:00,True,0.68114,0.68214,0.68110,0.68152,716
2019-03-01T02:00:00,True,0.68155,0.68156,0.68089,0.68134,465
2019-03-01T03:00:00,True,0.68132,0.68196,0.68100,0.68116,340
2019-03-01T04:00:00,True,0.68118,0.68198,0.68116,0.68172,290
2019-03-01T05:00:00,True,0.68174,0.68178,0.68125,0.68128,225
2019-03-01T06:00:00,True,0.68126,0.68176,0.68077,0.68104,318
2019-03-01T07:00:00,True,0.68106,0.68225,0.68100,0.68204,508
2019-03-01T08:00:00,True,0.68201,0.68235,0.68120,0.68134,569
2019-03-01T09:00:00,True,0.68137,0.68176,0.68124,0.68136,518
2019-03-01T10:00:00,True,0.68134,0.68246,0.68094,0.68244,496
2019-03-01T11:00:00,True,0.68242,0.68364,0.68242,0.68322,475
2019-03-01T12:00:00,True,0.68324,0.68390,0.68316,0.68370,431
2019-03-01T13:00:00,True,0.68372,0.68374,0.68243,0.68254,1059
2019-03-01T14:00:00,True,0.68256,0.68266,0.68163,0.68227,924
2019-03-01T15:00:00,True,0.68229,0.68356,0.68158,0.68161,1277
2019-03-01T16:00:00,True,0.68164,0.68171,0.68044,0.68048,789
2019-03-01T17:00:00,True,0.68052,0.68086,0.68007,0.68056,470
2019-03-01T18:00:00,True,0.68054,0.68078,0.68016,0.68016,228
2019-03-01T19:00:00,True,0.68018,0.68025,0.67966,0.67974,308
2019-03-01T20:00:00,True,0.67971,0.67994,0.67944,0.67962,294
2019-03-01T21:00:00,True,0.67964,0.67994,0.67942,0.67979,208
2019-03-03T22:00:00,True,0.68270,0.68275,0.68156,0.68210,281
2019-03-03T23:00:00,True,0.68212,0.68280,0.68188,0.68216,523
2019-03-04T00:00:00,True,0.68213,0.68213,0.68090,0.68094,711
2019-03-04T01:00:00,True,0.68092,0.68157,0.68078,0.68130,323
2019-03-04T02:00:00,True,0.68128,0.68128,0.68066,0.68066,270
2019-03-04T03:00:00,True,0.68064,0.68168,0.68014,0.68168,453
2019-03-04T04:00:00,True,0.68166,0.68168,0.68098,0.68106,291
2019-03-04T05:00:00,True,0.68108,0.68137,0.68067,0.68086,297
2019-03-04T06:00:00,True,0.68084,0.68121,0.68069,0.68097,223
2019-03-04T07:00:00,True,0.68100,0.68116,0.68054,0.68103,368
2019-03-04T08:00:00,True,0.68100,0.68108,0.68002,0.68044,787
2019-03-04T09:00:00,True,0.68047,0.68076,0.68010,0.68035,395
2019-03-04T10:00:00,True,0.68033,0.68059,0.68017,0.68055,332
2019-03-04T11:00:00,True,0.68057,0.68096,0.68006,0.68030,416
2019-03-04T12:00:00,True,0.68028,0.68108,0.68000,0.68006,345
2019-03-04T13:00:00,True,0.68008,0.68118,0.68008,0.68106,548
2019-03-04T14:00:00,True,0.68108,0.68113,0.67984,0.68009,533
2019-03-04T15:00:00,True,0.68012,0.68032,0.67963,0.67990,653
2019-03-04T16:00:00,True,0.67988,0.68066,0.67970,0.68057,816
2019-03-04T17:00:00,True,0.68059,0.68110,0.68055,0.68090,610
2019-03-04T18:00:00,True,0.68088,0.68196,0.68078,0.68178,221
2019-03-04T19:00:00,True,0.68176,0.68206,0.68163,0.68166,211
2019-03-04T20:00:00,True,0.68163,0.68237,0.68156,0.68236,177
2019-03-04T21:00:00,True,0.68234,0.68270,0.68232,0.68243,160
2019-03-04T22:00:00,True,0.68207,0.68276,0.68191,0.68214,245
2019-03-04T23:00:00,True,0.68216,0.68264,0.68206,0.68218,259
2019-03-05T00:00:00,True,0.68216,0.68229,0.68124,0.68136,683
2019-03-05T01:00:00,True,0.68138,0.68178,0.68014,0.68032,767
2019-03-05T02:00:00,True,0.68034,0.68055,0.67984,0.68018,561
2019-03-05T03:00:00,True,0.68020,0.68094,0.67988,0.67997,892
2019-03-05T04:00:00,True,0.67999,0.67999,0.67881,0.67940,515
2019-03-05T05:00:00,True,0.67938,0.67952,0.67915,0.67938,259
2019-03-05T06:00:00,True,0.67940,0.67970,0.67906,0.67938,423
2019-03-05T07:00:00,True,0.67940,0.67966,0.67902,0.67964,498
2019-03-05T08:00:00,True,0.67966,0.67974,0.67916,0.67958,720
2019-03-05T09:00:00,True,0.67956,0.68030,0.67948,0.68018,535
2019-03-05T10:00:00,True,0.68016,0.68018,0.67938,0.67956,345
2019-03-05T11:00:00,True,0.67953,0.67982,0.67916,0.67960,417
2019-03-05T12:00:00,True,0.67962,0.67976,0.67899,0.67930,445
2019-03-05T13:00:00,True,0.67932,0.67944,0.67884,0.67899,532
2019-03-05T14:00:00,True,0.67901,0.67976,0.67901,0.67954,658
2019-03-05T15:00:00,True,0.67951,0.67951,0.67688,0.67796,1319
2019-03-05T16:00:00,True,0.67794,0.67876,0.67766,0.67862,722
2019-03-05T17:00:00,True,0.67864,0.67930,0.67846,0.67918,402
2019-03-05T18:00:00,True,0.67920,0.68028,0.67913,0.68026,203
2019-03-05T19:00:00,True,0.68028,0.68035,0.67978,0.67995,156
2019-03-05T20:00:00,True,0.67998,0.68032,0.67998,0.68016,84
2019-03-05T21:00:00,True,0.68018,0.68038,0.67962,0.67978,123
2019-03-05T22:00:00,True,0.67966,0.68010,0.67896,0.67898,290
2019-03-05T23:00:00,True,0.67896,0.68006,0.67894,0.68000,291
2019-03-06T00:00:00,True,0.68003,0.68016,0.67804,0.67854,1024
2019-03-06T01:00:00,True,0.67852,0.67886,0.67802,0.67828,447
2019-03-06T02:00:00,True,0.67830,0.67864,0.67634,0.67660,643
2019-03-06T03:00:00,True,0.67657,0.67702,0.67533,0.67611,605
2019-03-06T04:00:00,True,0.67608,0.67686,0.67568,0.67644,532
2019-03-06T05:00:00,True,0.67642,0.67656,0.67593,0.67634,278
2019-03-06T06:00:00,True,0.67637,0.67726,0.67599,0.67714,302
2019-03-06T07:00:00,True,0.67716,0.67788,0.67704,0.67756,578
2019-03-06T08:00:00,True,0.67753,0.67838,0.67743,0.67798,633
2019-03-06T09:00:00,True,0.67796,0.67885,0.67769,0.67862,567
2019-03-06T10:00:00,True,0.67860,0.67862,0.67748,0.67756,514
2019-03-06T11:00:00,True,0.67758,0.67788,0.67709,0.67711,471
2019-03-06T12:00:00,True,0.67713,0.67786,0.67713,0.67780,328
2019-03-06T13:00:00,True,0.67782,0.67815,0.67712,0.67784,860
2019-03-06T14:00:00,True,0.67782,0.67812,0.67742,0.67789,673
2019-03-06T15:00:00,True,0.67787,0.67787,0.67642,0.67722,990
2019-03-06T16:00:00,True,0.67725,0.67770,0.67680,0.67731,576
2019-03-06T17:00:00,True,0.67733,0.67758,0.67713,0.67734,367
2019-03-06T18:00:00,True,0.67732,0.67743,0.67712,0.67722,147
2019-03-06T19:00:00,True,0.67720,0.67720,0.67686,0.67702,184
2019-03-06T20:00:00,True,0.67700,0.67718,0.67663,0.67685,220
2019-03-06T21:00:00,True,0.67687,0.67708,0.67679,0.67694,103
2019-03-06T22:00:00,True,0.67702,0.67704,0.67660,0.67664,114
2019-03-06T23:00:00,True,0.67667,0.67714,0.67666,0.67698,111
2019-03-07T00:00:00,True,0.67696,0.67803,0.67672,0.67778,594
2019-03-07T01:00:00,True,0.67776,0.67868,0.67757,0.67833,470
2019-03-07T02:00:00,True,0.67831,0.67922,0.67797,0.67885,515
2019-03-07T03:00:00,True,0.67887,0.67903,0.67830,0.67841,282
2019-03-07T04:00:00,True,0.67843,0.67876,0.67832,0.67860,162
2019-03-07T05:00:00,True,0.67858,0.67879,0.67834,0.67844,293
2019-03-07T06:00:00,True,0.67846,0.67869,0.67822,0.67846,289
2019-03-07T07:00:00,True,0.67844,0.67856,0.67811,0.67816,395
2019-03-07T08:00:00,True,0.67814,0.67836,0.67784,0.67832,460
2019-03-07T09:00:00,True,0.67834,0.67846,0.67784,0.67788,291
2019-03-07T10:00:00,True,0.67790,0.67857,0.67768,0.67854,423
2019-03-07T11:00:00,True,0.67856,0.67900,0.67831,0.67846,339
2019-03-07T12:00:00,True,0.67844,0.67884,0.67821,0.67866,543
2019-03-07T13:00:00,True,0.67862,0.67864,0.67695,0.67748,905
2019-03-07T14:00:00,True,0.67746,0.67750,0.67676,0.67727,840
2019-03-07T15:00:00,True,0.67730,0.67770,0.67674,0.67674,750
2019-03-07T16:00:00,True,0.67677,0.67740,0.67620,0.67706,811
2019-03-07T17:00:00,True,0.67708,0.67714,0.67587,0.67636,834
2019-03-07T18:00:00,True,0.67634,0.67638,0.67578,0.67605,174
2019-03-07T19:00:00,True,0.67602,0.67602,0.67472,0.67478,418
2019-03-07T20:00:00,True,0.67476,0.67498,0.67452,0.67482,286
2019-03-07T21:00:00,True,0.67484,0.67591,0.67467,0.67544,255
2019-03-07T22:00:00,True,0.67564,0.67582,0.67510,0.67544,175
2019-03-07T23:00:00,True,0.67546,0.67664,0.67546,0.67650,253
2019-03-08T00:00:00,True,0.67648,0.67648,0.67536,0.67566,374
2019-03-08T01:00:00,True,0.67569,0.67672,0.67556,0.67656,439
2019-03-08T02:00:00,True,0.67654,0.67717,0.67630,0.67646,600
2019-03-08T03:00:00,True,0.67644,0.67678,0.67566,0.67590,867
2019-03-08T04:00:00,True,0.67588,0.67619,0.67540,0.67607,399
2019-03-08T05:00:00,True,0.67609,0.67630,0.67574,0.67621,382
2019-03-08T06:00:00,True,0.67618,0.67653,0.67596,0.67638,420
2019-03-08T07:00:00,True,0.67636,0.67638,0.67589,0.67611,559
2019-03-08T08:00:00,True,0.67613,0.67727,0.67576,0.67719,507
2019-03-08T09:00:00,True,0.67721,0.67876,0.67720,0.67872,503
2019-03-08T10:00:00,True,0.67870,0.67916,0.67844,0.67876,418
2019-03-08T11:00:00,True,0.67874,0.67928,0.67861,0.67886,386
2019-03-08T12:00:00,True,0.67889,0.67913,0.67848,0.67894,383
2019-03-08T13:00:00,True,0.67892,0.68098,0.67884,0.67950,1467
2019-03-08T14:00:00,True,0.67952,0.68028,0.67934,0.67974,934
2019-03-08T15:00:00,True,0.67976,0.68034,0.67955,0.67974,944
2019-03-08T16:00:00,True,0.67972,0.68098,0.67963,0.68067,740
2019-03-08T17:00:00,True,0.68064,0.68106,0.68044,0.68057,401
2019-03-08T18:00:00,True,0.68060,0.68084,0.68052,0.68065,120
2019-03-08T19:00:00,True,0.68062,0.68086,0.68052,0.68056,180
2019-03-08T20:00:00,True,0.68058,0.68078,0.68042,0.68056,128
2019-03-08T21:00:00,True,0.68053,0.68064,0.68034,0.68042,154
2019-03-10T21:00:00,True,0.67912,0.68090,0.67905,0.67936,197
2019-03-10T22:00:00,True,0.67940,0.68056,0.67940,0.68014,257
2019-03-10T23:00:00,True,0.68016,0.68068,0.68016,0.68028,137
2019-03-11T00:00:00,True,0.68026,0.68026,0.67912,0.67938,378
2019-03-11T01:00:00,True,0.67936,0.68008,0.67916,0.67958,482
2019-03-11T02:00:00,True,0.67960,0.67967,0.67904,0.67960,274
2019-03-11T03:00:00,True,0.67958,0.67990,0.67948,0.67986,158
2019-03-11T04:00:00,True,0.67990,0.68037,0.67988,0.68025,198
2019-03-11T05:00:00,True,0.68028,0.68048,0.68018,0.68034,191
2019-03-11T06:00:00,True,0.68036,0.68080,0.68018,0.68018,165
2019-03-11T07:00:00,True,0.68020,0.68190,0.68013,0.68156,371
2019-03-11T08:00:00,True,0.68154,0.68158,0.68076,0.68128,447
2019-03-11T09:00:00,True,0.68130,0.68176,0.68096,0.68108,336
2019-03-11T10:00:00,True,0.68106,0.68118,0.68064,0.68074,330
2019-03-11T11:00:00,True,0.68072,0.68088,0.68042,0.68055,278
2019-03-11T12:00:00,True,0.68058,0.68170,0.68058,0.68138,725
2019-03-11T13:00:00,True,0.68136,0.68278,0.68136,0.68246,648
2019-03-11T14:00:00,True,0.68244,0.68355,0.68237,0.68276,498
2019-03-11T15:00:00,True,0.68278,0.68308,0.68263,0.68267,355
2019-03-11T16:00:00,True,0.68270,0.68276,0.68205,0.68273,346
2019-03-11T17:00:00,True,0.68276,0.68306,0.68251,0.68288,406
2019-03-11T18:00:00,True,0.68290,0.68316,0.68242,0.68247,211
2019-03-11T19:00:00,True,0.68249,0.68360,0.68201,0.68329,453
2019-03-11T20:00:00,True,0.68331,0.68336,0.68296,0.68313,96
2019-03-11T21:00:00,True,0.68316,0.68334,0.68310,0.68333,48
2019-03-11T22:00:00,True,0.68330,0.68403,0.68324,0.68369,374
2019-03-11T23:00:00,True,0.68371,0.68394,0.68330,0.68342,146
2019-03-12T00:00:00,True,0.68339,0.68394,0.68272,0.68308,535
2019-03-12T01:00:00,True,0.68310,0.68428,0.68310,0.68402,296
2019-03-12T02:00:00,True,0.68400,0.68439,0.68358,0.68424,194
2019-03-12T03:00:00,True,0.68422,0.68464,0.68408,0.68416,147
2019-03-12T04:00:00,True,0.68418,0.68443,0.68414,0.68420,127
2019-03-12T05:00:00,True,0.68423,0.68448,0.68402,0.68404,187
2019-03-12T06:00:00,True,0.68406,0.68448,0.68406,0.68442,143
2019-03-12T07:00:00,True,0.68440,0.68452,0.68408,0.68414,383
2019-03-12T08:00:00,True,0.68412,0.68450,0.68385,0.68441,402
2019-03-12T09:00:00,True,0.68444,0.68466,0.68404,0.68466,393
2019-03-12T10:00:00,True,0.68468,0.68502,0.68424,0.68444,331
2019-03-12T11:00:00,True,0.68441,0.68450,0.68382,0.68398,739
2019-03-12T12:00:00,True,0.68400,0.68648,0.68377,0.68636,912
2019-03-12T13:00:00,True,0.68638,0.68678,0.68591,0.68664,552
2019-03-12T14:00:00,True,0.68661,0.68703,0.68645,0.68662,526
2019-03-12T15:00:00,True,0.68665,0.68683,0.68612,0.68638,552
2019-03-12T16:00:00,True,0.68640,0.68686,0.68619,0.68686,387
2019-03-12T17:00:00,True,0.68684,0.68718,0.68672,0.68687,272
2019-03-12T18:00:00,True,0.68689,0.68730,0.68689,0.68714,223
2019-03-12T19:00:00,True,0.68716,0.68716,0.68634,0.68643,443
2019-03-12T20:00:00,True,0.68641,0.68658,0.68586,0.68608,151
2019-03-12T21:00:00,True,0.68606,0.68616,0.68584,0.68599,46
2019-03-12T22:00:00,True,0.68597,0.68618,0.68594,0.68602,105
2019-03-12T23:00:00,True,0.68604,0.68608,0.68501,0.68526,595
2019-03-13T00:00:00,True,0.68522,0.68559,0.68519,0.68544,464
2019-03-13T01:00:00,True,0.68542,0.68549,0.68354,0.68362,619
2019-03-13T02:00:00,True,0.68366,0.68423,0.68362,0.68415,459
2019-03-13T03:00:00,True,0.68413,0.68425,0.68385,0.68412,176
2019-03-13T04:00:00,True,0.68414,0.68420,0.68383,0.68392,145
2019-03-13T05:00:00,True,0.68390,0.68436,0.68382,0.68420,245
2019-03-13T06:00:00,True,0.68417,0.68418,0.68380,0.68381,212
2019-03-13T07:00:00,True,0.68379,0.68379,0.68298,0.68326,385
2019-03-13T08:00:00,True,0.68328,0.68430,0.68306,0.68384,430
2019-03-13T09:00:00,True,0.68386,0.68454,0.68360,0.68374,395
2019-03-13T10:00:00,True,0.68377,0.68424,0.68362,0.68364,278
2019-03-13T11:00:00,True,0.68366,0.68440,0.68366,0.68428,296
2019-03-13T12:00:00,True,0.68430,0.68438,0.68292,0.68326,566
2019-03-13T13:00:00,True,0.68328,0.68442,0.68312,0.68392,588
2019-03-13T14:00:00,True,0.68394,0.68450,0.68382,0.68397,434
2019-03-13T15:00:00,True,0.68394,0.68582,0.68390,0.68568,515
2019-03-13T16:00:00,True,0.68566,0.68574,0.68466,0.68477,385
2019-03-13T17:00:00,True,0.68479,0.68491,0.68460,0.68464,214
2019-03-13T18:00:00,True,0.68462,0.68561,0.68442,0.68550,375
2019-03-13T19:00:00,True,0.68548,0.68596,0.68506,0.68577,569
2019-03-13T20:00:00,True,0.68574,0.68594,0.68562,0.68579,155
2019-03-13T21:00:00,True,0.68582,0.68590,0.68546,0.68560,37
2019-03-13T22:00:00,True,0.68562,0.68628,0.68562,0.68624,98
2019-03-13T23:00:00,True,0.68628,0.68652,0.68563,0.68568,245
2019-03-14T00:00:00,True,0.68570,0.68598,0.68501,0.68504,350
2019-03-14T01:00:00,True,0.68501,0.68532,0.68442,0.68491,317
2019-03-14T02:00:00,True,0.68489,0.68564,0.68472,0.68500,412
2019-03-14T03:00:00,True,0.68502,0.68523,0.68438,0.68444,328
2019-03-14T04:00:00,True,0.68446,0.68454,0.68356,0.68356,295
2019-03-14T05:00:00,True,0.68354,0.68404,0.68353,0.68396,267
2019-03-14T06:00:00,True,0.68394,0.68394,0.68343,0.68345,285
2019-03-14T07:00:00,True,0.68347,0.68424,0.68328,0.68385,436
2019-03-14T08:00:00,True,0.68383,0.68414,0.68344,0.68372,422
2019-03-14T09:00:00,True,0.68370,0.68370,0.68258,0.68264,337
2019-03-14T10:00:00,True,0.68266,0.68266,0.68108,0.68126,819
2019-03-14T11:00:00,True,0.68129,0.68226,0.68129,0.68215,399
2019-03-14T12:00:00,True,0.68218,0.68258,0.68152,0.68152,509
2019-03-14T13:00:00,True,0.68155,0.68174,0.68104,0.68124,725
2019-03-14T14:00:00,True,0.68122,0.68164,0.68088,0.68128,784
2019-03-14T15:00:00,True,0.68130,0.68228,0.68128,0.68224,651
2019-03-14T16:00:00,True,0.68222,0.68222,0.68140,0.68172,423
2019-03-14T17:00:00,True,0.68170,0.68198,0.68158,0.68172,251
2019-03-14T18:00:00,True,0.68174,0.68224,0.68174,0.68186,272
2019-03-14T19:00:00,True,0.68184,0.68243,0.68178,0.68232,217
2019-03-14T20:00:00,True,0.68234,0.68264,0.68232,0.68254,75
2019-03-14T21:00:00,True,0.68264,0.68340,0.68234,0.68340,168
2019-03-14T22:00:00,True,0.68337,0.68384,0.68317,0.68336,290
2019-03-14T23:00:00,True,0.68332,0.68378,0.68312,0.68358,299
2019-03-15T00:00:00,True,0.68360,0.68430,0.68346,0.68400,500
2019-03-15T01:00:00,True,0.68398,0.68438,0.68340,0.68410,490
2019-03-15T02:00:00,True,0.68412,0.68503,0.68358,0.68498,608
2019-03-15T03:00:00,True,0.68500,0.68520,0.68406,0.68406,559
2019-03-15T04:00:00,True,0.68404,0.68454,0.68404,0.68449,222
2019-03-15T05:00:00,True,0.68447,0.68492,0.68418,0.68482,259
2019-03-15T06:00:00,True,0.68479,0.68523,0.68455,0.68488,242
2019-03-15T07:00:00,True,0.68485,0.68584,0.68457,0.68584,514
2019-03-15T08:00:00,True,0.68586,0.68588,0.68508,0.68538,390
2019-03-15T09:00:00,True,0.68536,0.68548,0.68450,0.68450,334
2019-03-15T10:00:00,True,0.68448,0.68488,0.68404,0.68426,291
2019-03-15T11:00:00,True,0.68423,0.68435,0.68404,0.68428,159
2019-03-15T12:00:00,True,0.68430,0.68445,0.68390,0.68392,313
2019-03-15T13:00:00,True,0.68390,0.68528,0.68364,0.68506,579
2019-03-15T14:00:00,True,0.68503,0.68556,0.68474,0.68526,489
2019-03-15T15:00:00,True,0.68529,0.68588,0.68462,0.68496,626
2019-03-15T16:00:00,True,0.68494,0.68503,0.68424,0.68448,415
2019-03-15T17:00:00,True,0.68450,0.68498,0.68450,0.68464,277
2019-03-15T18:00:00,True,0.68462,0.68495,0.68458,0.68466,124
2019-03-15T19:00:00,True,0.68468,0.68470,0.68433,0.68448,164
2019-03-15T20:00:00,True,0.68444,0.68500,0.68444,0.68460,151
2019-03-17T21:00:00,True,0.68484,0.68498,0.68420,0.68461,217
2019-03-17T22:00:00,True,0.68458,0.68477,0.68435,0.68435,168
2019-03-17T23:00:00,True,0.68437,0.68444,0.68400,0.68432,142
2019-03-18T00:00:00,True,0.68430,0.68514,0.68430,0.68448,351
2019-03-18T01:00:00,True,0.68446,0.68458,0.68399,0.68428,467
2019-03-18T02:00:00,True,0.68426,0.68550,0.68418,0.68530,450
2019-03-18T03:00:00,True,0.68528,0.68676,0.68524,0.68664,461
2019-03-18T04:00:00,True,0.68666,0.68666,0.68608,0.68666,345
2019-03-18T05:00:00,True,0.68664,0.68674,0.68624,0.68650,286
2019-03-18T06:00:00,True,0.68648,0.68713,0.68645,0.68700,315
2019-03-18T07:00:00,True,0.68698,0.68728,0.68675,0.68708,287
2019-03-18T08:00:00,True,0.68705,0.68742,0.68647,0.68649,424
2019-03-18T09:00:00,True,0.68647,0.68700,0.68622,0.68676,315
2019-03-18T10:00:00,True,0.68674,0.68674,0.68633,0.68660,272
2019-03-18T11:00:00,True,0.68658,0.68710,0.68638,0.68660,264
2019-03-18T12:00:00,True,0.68658,0.68688,0.68620,0.68630,358
2019-03-18T13:00:00,True,0.68628,0.68646,0.68586,0.68614,401
2019-03-18T14:00:00,True,0.68616,0.68651,0.68564,0.68632,358
2019-03-18T15:00:00,True,0.68630,0.68656,0.68522,0.68548,753
2019-03-18T16:00:00,True,0.68551,0.68580,0.68487,0.68498,378
2019-03-18T17:00:00,True,0.68496,0.68498,0.68429,0.68473,270
2019-03-18T18:00:00,True,0.68471,0.68506,0.68447,0.68497,124
2019-03-18T19:00:00,True,0.68495,0.68557,0.68490,0.68545,132
2019-03-18T20:00:00,True,0.68547,0.68571,0.68520,0.68531,124
2019-03-18T21:00:00,True,0.68534,0.68534,0.68484,0.68500,89
2019-03-18T22:00:00,True,0.68498,0.68513,0.68446,0.68446,125
2019-03-18T23:00:00,True,0.68448,0.68476,0.68432,0.68446,186
2019-03-19T00:00:00,True,0.68448,0.68498,0.68410,0.68438,611
2019-03-19T01:00:00,True,0.68434,0.68557,0.68426,0.68516,546
2019-03-19T02:00:00,True,0.68513,0.68554,0.68472,0.68552,757
2019-03-19T03:00:00,True,0.68550,0.68606,0.68543,0.68596,350
2019-03-19T04:00:00,True,0.68598,0.68618,0.68587,0.68597,294
2019-03-19T05:00:00,True,0.68594,0.68620,0.68564,0.68568,386
2019-03-19T06:00:00,True,0.68570,0.68618,0.68568,0.68588,250
2019-03-19T07:00:00,True,0.68585,0.68592,0.68541,0.68570,312
2019-03-19T08:00:00,True,0.68568,0.68618,0.68560,0.68577,369
2019-03-19T09:00:00,True,0.68575,0.68598,0.68550,0.68596,287
2019-03-19T10:00:00,True,0.68598,0.68617,0.68574,0.68616,269
2019-03-19T11:00:00,True,0.68614,0.68620,0.68590,0.68602,217
2019-03-19T12:00:00,True,0.68600,0.68674,0.68583,0.68653,421
2019-03-19T13:00:00,True,0.68651,0.68708,0.68634,0.68658,402
2019-03-19T14:00:00,True,0.68660,0.68708,0.68624,0.68672,434
2019-03-19T15:00:00,True,0.68675,0.68712,0.68641,0.68643,311
2019-03-19T16:00:00,True,0.68645,0.68665,0.68558,0.68592,681
2019-03-19T17:00:00,True,0.68594,0.68628,0.68574,0.68595,201
2019-03-19T18:00:00,True,0.68598,0.68604,0.68568,0.68569,95
2019-03-19T19:00:00,True,0.68566,0.68572,0.68532,0.68564,147
2019-03-19T20:00:00,True,0.68562,0.68568,0.68531,0.68548,112
2019-03-19T21:00:00,True,0.68544,0.68550,0.68509,0.68511,102
2019-03-19T22:00:00,True,0.68513,0.68558,0.68502,0.68548,176
2019-03-19T23:00:00,True,0.68545,0.68555,0.68506,0.68528,269
2019-03-20T00:00:00,True,0.68526,0.68556,0.68332,0.68332,550
2019-03-20T01:00:00,True,0.68330,0.68360,0.68280,0.68342,732
2019-03-20T02:00:00,True,0.68344,0.68369,0.68328,0.68366,253
2019-03-20T03:00:00,True,0.68364,0.68369,0.68322,0.68358,198
2019-03-20T04:00:00,True,0.68360,0.68360,0.68310,0.68337,200
2019-03-20T05:00:00,True,0.68340,0.68350,0.68331,0.68336,142
2019-03-20T06:00:00,True,0.68333,0.68390,0.68318,0.68372,318
2019-03-20T07:00:00,True,0.68374,0.68434,0.68359,0.68401,381
2019-03-20T08:00:00,True,0.68404,0.68424,0.68354,0.68392,429
2019-03-20T09:00:00,True,0.68390,0.68474,0.68376,0.68472,288
2019-03-20T10:00:00,True,0.68470,0.68480,0.68436,0.68454,265
2019-03-20T11:00:00,True,0.68452,0.68513,0.68438,0.68512,258
2019-03-20T12:00:00,True,0.68514,0.68569,0.68509,0.68513,413
2019-03-20T13:00:00,True,0.68515,0.68552,0.68507,0.68517,345
2019-03-20T14:00:00,True,0.68515,0.68561,0.68432,0.68467,390
2019-03-20T15:00:00,True,0.68469,0.68510,0.68412,0.68476,481
2019-03-20T16:00:00,True,0.68478,0.68490,0.68412,0.68451,554
2019-03-20T17:00:00,True,0.68448,0.68484,0.68443,0.68455,317
2019-03-20T18:00:00,True,0.68450,0.69180,0.68450,0.69121,2978
2019-03-20T19:00:00,True,0.69119,0.69155,0.68850,0.68888,1247
2019-03-20T20:00:00,True,0.68884,0.68884,0.68769,0.68824,404
2019-03-20T21:00:00,True,0.68836,0.69186,0.68706,0.69186,1005
2019-03-20T22:00:00,True,0.69184,0.69235,0.69117,0.69142,575
2019-03-20T23:00:00,True,0.69140,0.69186,0.69097,0.69178,393
2019-03-21T00:00:00,True,0.69176,0.69340,0.69167,0.69282,1844
2019-03-21T01:00:00,True,0.69285,0.69326,0.69222,0.69276,911
2019-03-21T02:00:00,True,0.69274,0.69387,0.69264,0.69322,740
2019-03-21T03:00:00,True,0.69319,0.69338,0.69153,0.69153,443
2019-03-21T04:00:00,True,0.69156,0.69198,0.69133,0.69186,463
2019-03-21T05:00:00,True,0.69184,0.69204,0.69157,0.69170,295
2019-03-21T06:00:00,True,0.69173,0.69208,0.69136,0.69190,432
2019-03-21T07:00:00,True,0.69192,0.69286,0.69190,0.69220,729
2019-03-21T08:00:00,True,0.69218,0.69280,0.69164,0.69172,639
2019-03-21T09:00:00,True,0.69174,0.69197,0.69136,0.69154,377
2019-03-21T10:00:00,True,0.69152,0.69154,0.68977,0.68981,583
2019-03-21T11:00:00,True,0.68984,0.69058,0.68964,0.68988,570
2019-03-21T12:00:00,True,0.68986,0.69048,0.68929,0.68946,630
2019-03-21T13:00:00,True,0.68944,0.69018,0.68892,0.68997,521
2019-03-21T14:00:00,True,0.68994,0.69018,0.68838,0.68859,698
2019-03-21T15:00:00,True,0.68862,0.68888,0.68728,0.68746,891
2019-03-21T16:00:00,True,0.68748,0.68748,0.68573,0.68693,896
2019-03-21T17:00:00,True,0.68691,0.68726,0.68618,0.68719,474
2019-03-21T18:00:00,True,0.68716,0.68762,0.68654,0.68734,669
2019-03-21T19:00:00,True,0.68732,0.68750,0.68703,0.68750,269
2019-03-21T20:00:00,True,0.68754,0.68778,0.68734,0.68766,188
2019-03-21T21:00:00,True,0.68791,0.68844,0.68752,0.68794,306
2019-03-21T22:00:00,True,0.68796,0.68883,0.68755,0.68852,216
2019-03-21T23:00:00,True,0.68850,0.68882,0.68798,0.68812,313
2019-03-22T00:00:00,True,0.68815,0.68898,0.68800,0.68814,716
2019-03-22T01:00:00,True,0.68816,0.68939,0.68796,0.68888,865
2019-03-22T02:00:00,True,0.68890,0.68906,0.68834,0.68858,510
2019-03-22T03:00:00,True,0.68860,0.68892,0.68832,0.68876,401
2019-03-22T04:00:00,True,0.68874,0.68917,0.68874,0.68901,209
2019-03-22T05:00:00,True,0.68903,0.68908,0.68865,0.68893,325
2019-03-22T06:00:00,True,0.68891,0.68915,0.68884,0.68906,268
2019-03-22T07:00:00,True,0.68904,0.68976,0.68901,0.68952,489
2019-03-22T08:00:00,True,0.68954,0.68974,0.68705,0.68724,1409
2019-03-22T09:00:00,True,0.68726,0.68770,0.68656,0.68692,984
2019-03-22T10:00:00,True,0.68690,0.68782,0.68684,0.68705,704
2019-03-22T11:00:00,True,0.68702,0.68758,0.68695,0.68716,702
2019-03-22T12:00:00,True,0.68713,0.68756,0.68668,0.68746,794
2019-03-22T13:00:00,True,0.68748,0.68890,0.68744,0.68839,838
2019-03-22T14:00:00,True,0.68837,0.68928,0.68780,0.68787,1294
2019-03-22T15:00:00,True,0.68789,0.68917,0.68699,0.68874,1153
2019-03-22T16:00:00,True,0.68876,0.68904,0.68716,0.68762,1061
2019-03-22T17:00:00,True,0.68760,0.68769,0.68696,0.68736,597
2019-03-22T18:00:00,True,0.68734,0.68763,0.68664,0.68742,228
2019-03-22T19:00:00,True,0.68744,0.68804,0.68736,0.68756,218
2019-03-22T20:00:00,True,0.68754,0.68779,0.68742,0.68779,128
2019-03-24T21:00:00,True,0.68716,0.68860,0.68716,0.68852,131
2019-03-24T22:00:00,True,0.68848,0.68848,0.68743,0.68745,358
2019-03-24T23:00:00,True,0.68743,0.68766,0.68726,0.68766,92
2019-03-25T00:00:00,True,0.68764,0.68838,0.68746,0.68764,915
2019-03-25T01:00:00,True,0.68766,0.68796,0.68726,0.68746,843
2019-03-25T02:00:00,True,0.68744,0.68801,0.68733,0.68766,665
2019-03-25T03:00:00,True,0.68763,0.68796,0.68737,0.68782,509
2019-03-25T04:00:00,True,0.68780,0.68787,0.68743,0.68770,453
2019-03-25T05:00:00,True,0.68772,0.68836,0.68764,0.68814,502
2019-03-25T06:00:00,True,0.68816,0.68846,0.68784,0.68844,621
2019-03-25T07:00:00,True,0.68842,0.68878,0.68796,0.68838,690
2019-03-25T08:00:00,True,0.68836,0.68838,0.68773,0.68794,800
2019-03-25T09:00:00,True,0.68792,0.68820,0.68767,0.68796,516
2019-03-25T10:00:00,True,0.68798,0.68848,0.68772,0.68788,494
2019-03-25T11:00:00,True,0.68786,0.68824,0.68745,0.68816,393
2019-03-25T12:00:00,True,0.68813,0.69018,0.68804,0.68964,672
2019-03-25T13:00:00,True,0.68966,0.69002,0.68934,0.68966,885
2019-03-25T14:00:00,True,0.68962,0.69040,0.68943,0.69023,764
2019-03-25T15:00:00,True,0.69021,0.69186,0.69012,0.69146,861
2019-03-25T16:00:00,True,0.69144,0.69166,0.69028,0.69096,681
2019-03-25T17:00:00,True,0.69094,0.69148,0.69086,0.69122,419
2019-03-25T18:00:00,True,0.69124,0.69172,0.69068,0.69074,297
2019-03-25T19:00:00,True,0.69076,0.69084,0.69017,0.69076,221
2019-03-25T20:00:00,True,0.69074,0.69106,0.69067,0.69085,140
2019-03-25T21:00:00,True,0.69089,0.69166,0.69078,0.69103,126
2019-03-25T22:00:00,True,0.69100,0.69134,0.69074,0.69087,173
2019-03-25T23:00:00,True,0.69089,0.69147,0.69076,0.69118,329
2019-03-26T00:00:00,True,0.69116,0.69190,0.69114,0.69168,573
2019-03-26T01:00:00,True,0.69170,0.69246,0.69155,0.69157,744
2019-03-26T02:00:00,True,0.69160,0.69176,0.69132,0.69138,624
2019-03-26T03:00:00,True,0.69136,0.69148,0.69076,0.69108,471
2019-03-26T04:00:00,True,0.69110,0.69160,0.69106,0.69114,552
2019-03-26T05:00:00,True,0.69117,0.69127,0.69006,0.69016,644
2019-03-26T06:00:00,True,0.69018,0.69049,0.68974,0.68988,618
2019-03-26T07:00:00,True,0.68986,0.69050,0.68983,0.69037,527
2019-03-26T08:00:00,True,0.69035,0.69044,0.68972,0.68998,510
2019-03-26T09:00:00,True,0.68995,0.69037,0.68945,0.69016,554
2019-03-26T10:00:00,True,0.69014,0.69060,0.68997,0.69048,564
2019-03-26T11:00:00,True,0.69046,0.69082,0.69008,0.69058,554
2019-03-26T12:00:00,True,0.69056,0.69134,0.68984,0.69028,848
2019-03-26T13:00:00,True,0.69026,0.69117,0.69007,0.69093,791
2019-03-26T14:00:00,True,0.69096,0.69159,0.69096,0.69150,833
2019-03-26T15:00:00,True,0.69153,0.69192,0.69106,0.69114,540
2019-03-26T16:00:00,True,0.69116,0.69166,0.69092,0.69144,456
2019-03-26T17:00:00,True,0.69141,0.69187,0.69090,0.69136,532
2019-03-26T18:00:00,True,0.69138,0.69194,0.69126,0.69148,245
2019-03-26T19:00:00,True,0.69146,0.69188,0.69118,0.69118,209
2019-03-26T20:00:00,True,0.69116,0.69122,0.69037,0.69069,189
2019-03-26T21:00:00,True,0.69074,0.69124,0.69025,0.69033,97
2019-03-26T22:00:00,True,0.69030,0.69102,0.69020,0.69071,199
2019-03-26T23:00:00,True,0.69068,0.69118,0.69067,0.69076,227
2019-03-27T00:00:00,True,0.69079,0.69147,0.69032,0.69136,765
2019-03-27T01:00:00,True,0.69129,0.69133,0.68065,0.68095,4051
2019-03-27T02:00:00,True,0.68098,0.68126,0.67962,0.68012,1773
2019-03-27T03:00:00,True,0.68014,0.68036,0.67982,0.68013,477
2019-03-27T04:00:00,True,0.68016,0.68028,0.67958,0.67992,508
2019-03-27T05:00:00,True,0.67990,0.68041,0.67970,0.67991,425
2019-03-27T06:00:00,True,0.67989,0.68074,0.67983,0.68057,413
2019-03-27T07:00:00,True,0.68060,0.68094,0.67979,0.67990,849
2019-03-27T08:00:00,True,0.67992,0.68122,0.67933,0.68106,1064
2019-03-27T09:00:00,True,0.68102,0.68178,0.68092,0.68135,672
2019-03-27T10:00:00,True,0.68137,0.68182,0.68048,0.68104,785
2019-03-27T11:00:00,True,0.68106,0.68120,0.67999,0.68030,746
2019-03-27T12:00:00,True,0.68032,0.68044,0.67886,0.67980,1262
2019-03-27T13:00:00,True,0.67977,0.68106,0.67938,0.68024,1452
2019-03-27T14:00:00,True,0.68022,0.68045,0.67902,0.67934,1025
2019-03-27T15:00:00,True,0.67932,0.67942,0.67882,0.67903,937
2019-03-27T16:00:00,True,0.67901,0.68026,0.67870,0.68000,885
2019-03-27T17:00:00,True,0.68002,0.68038,0.67974,0.67994,649
2019-03-27T18:00:00,True,0.67991,0.68078,0.67950,0.68034,579
2019-03-27T19:00:00,True,0.68036,0.68056,0.67974,0.67974,367
2019-03-27T20:00:00,True,0.67977,0.67994,0.67957,0.67972,173
2019-03-27T21:00:00,True,0.67953,0.68032,0.67946,0.67992,163
2019-03-27T22:00:00,True,0.67996,0.68060,0.67972,0.68044,351
2019-03-27T23:00:00,True,0.68042,0.68042,0.67963,0.67972,351
2019-03-28T00:00:00,True,0.67969,0.67969,0.67808,0.67912,1324
2019-03-28T01:00:00,True,0.67910,0.67954,0.67873,0.67892,755
2019-03-28T02:00:00,True,0.67894,0.68104,0.67860,0.68082,842
2019-03-28T03:00:00,True,0.68080,0.68121,0.68011,0.68084,652
2019-03-28T04:00:00,True,0.68082,0.68226,0.68078,0.68173,707
2019-03-28T05:00:00,True,0.68176,0.68262,0.68168,0.68230,640
2019-03-28T06:00:00,True,0.68232,0.68284,0.68220,0.68240,508
2019-03-28T07:00:00,True,0.68238,0.68276,0.68126,0.68135,895
2019-03-28T08:00:00,True,0.68132,0.68168,0.68076,0.68135,903
2019-03-28T09:00:00,True,0.68133,0.68140,0.68048,0.68074,617
2019-03-28T10:00:00,True,0.68076,0.68130,0.68054,0.68077,632
2019-03-28T11:00:00,True,0.68079,0.68090,0.68001,0.68006,692
2019-03-28T12:00:00,True,0.68004,0.68066,0.67998,0.68022,814
2019-03-28T13:00:00,True,0.68020,0.68024,0.67866,0.67909,1265
2019-03-28T14:00:00,True,0.67911,0.68006,0.67900,0.67977,889
2019-03-28T15:00:00,True,0.67974,0.68020,0.67816,0.67936,1172
2019-03-28T16:00:00,True,0.67934,0.67934,0.67811,0.67855,762
2019-03-28T17:00:00,True,0.67857,0.67936,0.67828,0.67910,712
2019-03-28T18:00:00,True,0.67908,0.67940,0.67836,0.67876,351
2019-03-28T19:00:00,True,0.67874,0.67882,0.67816,0.67848,312
2019-03-28T20:00:00,True,0.67850,0.67896,0.67752,0.67761,486
2019-03-28T21:00:00,True,0.67778,0.67831,0.67752,0.67764,158
2019-03-28T22:00:00,True,0.67766,0.67852,0.67758,0.67768,338
2019-03-28T23:00:00,True,0.67770,0.67823,0.67746,0.67817,291
2019-03-29T00:00:00,True,0.67814,0.67890,0.67784,0.67846,804
2019-03-29T01:00:00,True,0.67848,0.67872,0.67786,0.67796,782
2019-03-29T02:00:00,True,0.67793,0.67867,0.67769,0.67844,781
2019-03-29T03:00:00,True,0.67842,0.67855,0.67800,0.67842,333
2019-03-29T04:00:00,True,0.67840,0.67881,0.67811,0.67873,435
2019-03-29T05:00:00,True,0.67871,0.67991,0.67868,0.67988,397
2019-03-29T06:00:00,True,0.67986,0.68026,0.67952,0.68025,481
2019-03-29T07:00:00,True,0.68020,0.68044,0.67963,0.67964,670
2019-03-29T08:00:00,True,0.67966,0.68003,0.67916,0.67956,624
2019-03-29T09:00:00,True,0.67958,0.67967,0.67875,0.67904,453
2019-03-29T10:00:00,True,0.67902,0.67904,0.67835,0.67888,654
2019-03-29T11:00:00,True,0.67890,0.68025,0.67885,0.67990,525
2019-03-29T12:00:00,True,0.67992,0.68119,0.67992,0.68043,933
2019-03-29T13:00:00,True,0.68041,0.68114,0.68041,0.68086,785
2019-03-29T14:00:00,True,0.68084,0.68166,0.68014,0.68118,1047
2019-03-29T15:00:00,True,0.68116,0.68235,0.68044,0.68191,1003
2019-03-29T16:00:00,True,0.68194,0.68202,0.68068,0.68080,755
2019-03-29T17:00:00,True,0.68082,0.68097,0.68037,0.68093,453
2019-03-29T18:00:00,True,0.68091,0.68113,0.68054,0.68086,286
2019-03-29T19:00:00,True,0.68084,0.68106,0.68062,0.68094,151
2019-03-29T20:00:00,True,0.68096,0.68124,0.68022,0.68049,247
2019-03-31T21:00:00,True,0.68239,0.68239,0.68143,0.68171,184
2019-03-31T22:00:00,True,0.68168,0.68204,0.68135,0.68140,229
2019-03-31T23:00:00,True,0.68143,0.68270,0.68136,0.68232,385
2019-04-01T00:00:00,True,0.68230,0.68243,0.68152,0.68220,633
2019-04-01T01:00:00,True,0.68218,0.68302,0.68190,0.68268,706
2019-04-01T02:00:00,True,0.68270,0.68345,0.68245,0.68326,567
2019-04-01T03:00:00,True,0.68322,0.68342,0.68233,0.68242,397
2019-04-01T04:00:00,True,0.68244,0.68306,0.68244,0.68290,266
2019-04-01T05:00:00,True,0.68292,0.68374,0.68292,0.68372,512
2019-04-01T06:00:00,True,0.68370,0.68370,0.68262,0.68300,658
2019-04-01T07:00:00,True,0.68302,0.68308,0.68213,0.68304,621
2019-04-01T08:00:00,True,0.68302,0.68330,0.68268,0.68296,560
2019-04-01T09:00:00,True,0.68294,0.68346,0.68254,0.68272,539
2019-04-01T10:00:00,True,0.68270,0.68282,0.68224,0.68224,465
2019-04-01T11:00:00,True,0.68226,0.68276,0.68215,0.68237,436
2019-04-01T12:00:00,True,0.68240,0.68358,0.68228,0.68290,859
2019-04-01T13:00:00,True,0.68293,0.68336,0.68243,0.68256,744
2019-04-01T14:00:00,True,0.68252,0.68252,0.68150,0.68228,1200
2019-04-01T15:00:00,True,0.68226,0.68240,0.68111,0.68123,777
2019-04-01T16:00:00,True,0.68121,0.68126,0.68038,0.68070,512
2019-04-01T17:00:00,True,0.68068,0.68130,0.68051,0.68121,298
2019-04-01T18:00:00,True,0.68123,0.68132,0.68095,0.68112,201
2019-04-01T19:00:00,True,0.68109,0.68114,0.68074,0.68094,168
2019-04-01T20:00:00,True,0.68092,0.68106,0.68052,0.68064,171
2019-04-01T21:00:00,True,0.67946,0.67946,0.67750,0.67831,589
2019-04-01T22:00:00,True,0.67834,0.67915,0.67791,0.67910,506
2019-04-01T23:00:00,True,0.67913,0.67930,0.67848,0.67899,268
2019-04-02T00:00:00,True,0.67896,0.67934,0.67851,0.67892,514
2019-04-02T01:00:00,True,0.67894,0.67896,0.67770,0.67854,453
2019-04-02T02:00:00,True,0.67856,0.67866,0.67825,0.67852,186
2019-04-02T03:00:00,True,0.67855,0.67987,0.67715,0.67780,1346
2019-04-02T04:00:00,True,0.67782,0.67806,0.67719,0.67738,488
2019-04-02T05:00:00,True,0.67740,0.67836,0.67740,0.67801,393
2019-04-02T06:00:00,True,0.67804,0.67812,0.67754,0.67774,574
2019-04-02T07:00:00,True,0.67772,0.67784,0.67676,0.67738,674
2019-04-02T08:00:00,True,0.67740,0.67756,0.67646,0.67665,748
2019-04-02T09:00:00,True,0.67668,0.67737,0.67663,0.67687,432
2019-04-02T10:00:00,True,0.67685,0.67725,0.67644,0.67654,460
2019-04-02T11:00:00,True,0.67652,0.67744,0.67647,0.67718,464
2019-04-02T12:00:00,True,0.67720,0.67730,0.67568,0.67584,655
2019-04-02T13:00:00,True,0.67587,0.67630,0.67499,0.67518,744
2019-04-02T14:00:00,True,0.67516,0.67530,0.67434,0.67454,868
2019-04-02T15:00:00,True,0.67452,0.67461,0.67388,0.67430,593
2019-04-02T16:00:00,True,0.67428,0.67444,0.67390,0.67418,392
2019-04-02T17:00:00,True,0.67416,0.67488,0.67408,0.67451,782
2019-04-02T18:00:00,True,0.67453,0.67484,0.67428,0.67469,202
2019-04-02T19:00:00,True,0.67467,0.67534,0.67422,0.67524,194
2019-04-02T20:00:00,True,0.67522,0.67586,0.67515,0.67576,126
2019-04-02T21:00:00,True,0.67571,0.67581,0.67548,0.67562,91
2019-04-02T22:00:00,True,0.67560,0.67569,0.67513,0.67525,168
2019-04-02T23:00:00,True,0.67522,0.67540,0.67471,0.67504,208
2019-04-03T00:00:00,True,0.67506,0.67692,0.67438,0.67648,1643
2019-04-03T01:00:00,True,0.67646,0.67734,0.67594,0.67732,857
2019-04-03T02:00:00,True,0.67730,0.67734,0.67690,0.67710,477
2019-04-03T03:00:00,True,0.67712,0.67752,0.67679,0.67719,177
2019-04-03T04:00:00,True,0.67716,0.67795,0.67716,0.67779,252
2019-04-03T05:00:00,True,0.67782,0.67822,0.67771,0.67808,279
2019-04-03T06:00:00,True,0.67805,0.67872,0.67787,0.67817,856
2019-04-03T07:00:00,True,0.67814,0.67898,0.67776,0.67874,692
2019-04-03T08:00:00,True,0.67872,0.67899,0.67852,0.67892,443
2019-04-03T09:00:00,True,0.67894,0.67998,0.67894,0.67980,384
2019-04-03T10:00:00,True,0.67982,0.67998,0.67908,0.67933,431
2019-04-03T11:00:00,True,0.67935,0.67960,0.67923,0.67938,326
2019-04-03T12:00:00,True,0.67940,0.67982,0.67892,0.67899,677
2019-04-03T13:00:00,True,0.67896,0.67910,0.67812,0.67830,627
2019-04-03T14:00:00,True,0.67832,0.67947,0.67832,0.67902,911
2019-04-03T15:00:00,True,0.67904,0.67960,0.67892,0.67929,448
2019-04-03T16:00:00,True,0.67926,0.67946,0.67878,0.67888,331
2019-04-03T17:00:00,True,0.67890,0.67910,0.67858,0.67860,267
2019-04-03T18:00:00,True,0.67858,0.67884,0.67842,0.67844,194
2019-04-03T19:00:00,True,0.67842,0.67846,0.67802,0.67818,147
2019-04-03T20:00:00,True,0.67816,0.67816,0.67774,0.67788,142
2019-04-03T21:00:00,True,0.67786,0.67798,0.67772,0.67781,68
2019-04-03T22:00:00,True,0.67779,0.67854,0.67776,0.67852,134
2019-04-03T23:00:00,True,0.67850,0.67890,0.67846,0.67886,199
2019-04-04T00:00:00,True,0.67884,0.67966,0.67882,0.67946,252
2019-04-04T01:00:00,True,0.67949,0.67996,0.67946,0.67989,327
2019-04-04T02:00:00,True,0.67991,0.67996,0.67901,0.67922,291
2019-04-04T03:00:00,True,0.67924,0.67924,0.67856,0.67870,265
2019-04-04T04:00:00,True,0.67872,0.67900,0.67814,0.67817,196
2019-04-04T05:00:00,True,0.67814,0.67878,0.67808,0.67868,221
2019-04-04T06:00:00,True,0.67866,0.67919,0.67836,0.67902,453
2019-04-04T07:00:00,True,0.67900,0.67930,0.67871,0.67909,461
2019-04-04T08:00:00,True,0.67906,0.67909,0.67727,0.67770,462
2019-04-04T09:00:00,True,0.67772,0.67798,0.67728,0.67793,506
2019-04-04T10:00:00,True,0.67790,0.67805,0.67750,0.67784,447
2019-04-04T11:00:00,True,0.67782,0.67784,0.67652,0.67660,642
2019-04-04T12:00:00,True,0.67662,0.67672,0.67534,0.67558,737
2019-04-04T13:00:00,True,0.67555,0.67555,0.67484,0.67522,729
2019-04-04T14:00:00,True,0.67524,0.67586,0.67494,0.67564,773
2019-04-04T15:00:00,True,0.67562,0.67624,0.67552,0.67554,615
2019-04-04T16:00:00,True,0.67552,0.67590,0.67506,0.67570,439
2019-04-04T17:00:00,True,0.67567,0.67618,0.67519,0.67598,334
2019-04-04T18:00:00,True,0.67596,0.67608,0.67562,0.67570,191
2019-04-04T19:00:00,True,0.67572,0.67575,0.67530,0.67550,136
2019-04-04T20:00:00,True,0.67548,0.67565,0.67500,0.67538,180
2019-04-04T21:00:00,True,0.67534,0.67604,0.67527,0.67575,261
2019-04-04T22:00:00,True,0.67573,0.67593,0.67550,0.67562,140
2019-04-04T23:00:00,True,0.67559,0.67586,0.67548,0.67562,163
2019-04-05T00:00:00,True,0.67560,0.67636,0.67498,0.67502,705
2019-04-05T01:00:00,True,0.67504,0.67550,0.67488,0.67524,334
2019-04-05T02:00:00,True,0.67526,0.67550,0.67524,0.67545,160
2019-04-05T03:00:00,True,0.67543,0.67566,0.67526,0.67556,142
2019-04-05T04:00:00,True,0.67558,0.67586,0.67554,0.67568,128
2019-04-05T05:00:00,True,0.67571,0.67600,0.67544,0.67562,238
2019-04-05T06:00:00,True,0.67564,0.67638,0.67564,0.67638,458
2019-04-05T07:00:00,True,0.67640,0.67655,0.67544,0.67546,530
2019-04-05T08:00:00,True,0.67548,0.67550,0.67354,0.67394,539
2019-04-05T09:00:00,True,0.67392,0.67435,0.67388,0.67394,409
2019-04-05T10:00:00,True,0.67397,0.67408,0.67378,0.67380,237
2019-04-05T11:00:00,True,0.67382,0.67413,0.67375,0.67386,245
2019-04-05T12:00:00,True,0.67388,0.67507,0.67261,0.67422,1743
2019-04-05T13:00:00,True,0.67424,0.67462,0.67216,0.67242,1152
2019-04-05T14:00:00,True,0.67240,0.67358,0.67230,0.67278,941
2019-04-05T15:00:00,True,0.67276,0.67283,0.67186,0.67248,675
2019-04-05T16:00:00,True,0.67245,0.67266,0.67208,0.67255,375
2019-04-05T17:00:00,True,0.67252,0.67264,0.67226,0.67264,217
2019-04-05T18:00:00,True,0.67267,0.67288,0.67254,0.67274,83
2019-04-05T19:00:00,True,0.67272,0.67294,0.67244,0.67294,163
2019-04-05T20:00:00,True,0.67296,0.67352,0.67294,0.67319,168
2019-04-07T21:00:00,True,0.67329,0.67358,0.67316,0.67320,129
2019-04-07T22:00:00,True,0.67324,0.67364,0.67312,0.67318,129
2019-04-07T23:00:00,True,0.67320,0.67351,0.67288,0.67308,182
2019-04-08T00:00:00,True,0.67306,0.67316,0.67224,0.67289,564
2019-04-08T01:00:00,True,0.67292,0.67324,0.67249,0.67313,393
2019-04-08T02:00:00,True,0.67311,0.67344,0.67286,0.67337,304
2019-04-08T03:00:00,True,0.67334,0.67372,0.67280,0.67296,310
2019-04-08T04:00:00,True,0.67298,0.67330,0.67282,0.67328,215
2019-04-08T05:00:00,True,0.67330,0.67340,0.67290,0.67314,161
2019-04-08T06:00:00,True,0.67312,0.67361,0.67293,0.67325,394
2019-04-08T07:00:00,True,0.67327,0.67356,0.67306,0.67356,319
2019-04-08T08:00:00,True,0.67358,0.67358,0.67322,0.67330,264
2019-04-08T09:00:00,True,0.67334,0.67357,0.67324,0.67340,329
2019-04-08T10:00:00,True,0.67342,0.67364,0.67328,0.67346,293
2019-04-08T11:00:00,True,0.67344,0.67386,0.67340,0.67354,331
2019-04-08T12:00:00,True,0.67351,0.67445,0.67315,0.67441,534
2019-04-08T13:00:00,True,0.67443,0.67512,0.67396,0.67495,648
2019-04-08T14:00:00,True,0.67497,0.67536,0.67426,0.67439,568
2019-04-08T15:00:00,True,0.67442,0.67442,0.67382,0.67414,416
2019-04-08T16:00:00,True,0.67412,0.67448,0.67404,0.67428,275
2019-04-08T17:00:00,True,0.67426,0.67454,0.67406,0.67452,164
2019-04-08T18:00:00,True,0.67454,0.67466,0.67401,0.67414,189
2019-04-08T19:00:00,True,0.67416,0.67434,0.67408,0.67430,81
2019-04-08T20:00:00,True,0.67428,0.67428,0.67396,0.67418,74
2019-04-08T21:00:00,True,0.67410,0.67500,0.67392,0.67438,143
2019-04-08T22:00:00,True,0.67440,0.67466,0.67384,0.67400,178
2019-04-08T23:00:00,True,0.67402,0.67416,0.67378,0.67382,113
2019-04-09T00:00:00,True,0.67384,0.67460,0.67384,0.67410,342
2019-04-09T01:00:00,True,0.67412,0.67473,0.67382,0.67398,441
2019-04-09T02:00:00,True,0.67401,0.67478,0.67401,0.67464,233
2019-04-09T03:00:00,True,0.67466,0.67488,0.67413,0.67470,256
2019-04-09T04:00:00,True,0.67472,0.67503,0.67450,0.67472,281
2019-04-09T05:00:00,True,0.67469,0.67472,0.67428,0.67444,219
2019-04-09T06:00:00,True,0.67446,0.67534,0.67418,0.67516,496
2019-04-09T07:00:00,True,0.67514,0.67546,0.67494,0.67508,472
2019-04-09T08:00:00,True,0.67506,0.67584,0.67500,0.67559,472
2019-04-09T09:00:00,True,0.67556,0.67570,0.67505,0.67524,497
2019-04-09T10:00:00,True,0.67522,0.67530,0.67462,0.67476,325
2019-04-09T11:00:00,True,0.67478,0.67491,0.67413,0.67443,455
2019-04-09T12:00:00,True,0.67446,0.67527,0.67432,0.67510,483
2019-04-09T13:00:00,True,0.67512,0.67546,0.67434,0.67434,648
2019-04-09T14:00:00,True,0.67432,0.67476,0.67414,0.67466,485
2019-04-09T15:00:00,True,0.67464,0.67474,0.67408,0.67442,397
2019-04-09T16:00:00,True,0.67444,0.67460,0.67397,0.67408,258
2019-04-09T17:00:00,True,0.67410,0.67434,0.67368,0.67418,285
2019-04-09T18:00:00,True,0.67416,0.67438,0.67397,0.67414,186
2019-04-09T19:00:00,True,0.67416,0.67448,0.67408,0.67439,133
2019-04-09T20:00:00,True,0.67442,0.67486,0.67426,0.67440,266
2019-04-09T21:00:00,True,0.67435,0.67457,0.67421,0.67438,84
2019-04-09T22:00:00,True,0.67436,0.67458,0.67420,0.67458,94
2019-04-09T23:00:00,True,0.67454,0.67539,0.67452,0.67512,223
2019-04-10T00:00:00,True,0.67514,0.67528,0.67459,0.67459,300
2019-04-10T01:00:00,True,0.67457,0.67502,0.67420,0.67442,538
2019-04-10T02:00:00,True,0.67444,0.67472,0.67430,0.67462,248
2019-04-10T03:00:00,True,0.67460,0.67504,0.67418,0.67465,585
2019-04-10T04:00:00,True,0.67467,0.67546,0.67454,0.67516,583
2019-04-10T05:00:00,True,0.67514,0.67525,0.67474,0.67518,277
2019-04-10T06:00:00,True,0.67516,0.67553,0.67505,0.67520,606
2019-04-10T07:00:00,True,0.67518,0.67523,0.67448,0.67500,432
2019-04-10T08:00:00,True,0.67496,0.67544,0.67484,0.67542,391
2019-04-10T09:00:00,True,0.67544,0.67638,0.67538,0.67636,336
2019-04-10T10:00:00,True,0.67634,0.67638,0.67536,0.67538,454
2019-04-10T11:00:00,True,0.67536,0.67574,0.67526,0.67540,482
2019-04-10T12:00:00,True,0.67542,0.67564,0.67426,0.67436,1141
2019-04-10T13:00:00,True,0.67434,0.67486,0.67404,0.67468,842
2019-04-10T14:00:00,True,0.67465,0.67479,0.67381,0.67434,574
2019-04-10T15:00:00,True,0.67436,0.67590,0.67436,0.67556,607
2019-04-10T16:00:00,True,0.67554,0.67684,0.67542,0.67672,461
2019-04-10T17:00:00,True,0.67669,0.67739,0.67669,0.67676,365
2019-04-10T18:00:00,True,0.67679,0.67688,0.67588,0.67599,716
2019-04-10T19:00:00,True,0.67602,0.67659,0.67584,0.67602,190
2019-04-10T20:00:00,True,0.67604,0.67657,0.67598,0.67652,159
2019-04-10T21:00:00,True,0.67672,0.67678,0.67620,0.67655,116
2019-04-10T22:00:00,True,0.67658,0.67676,0.67592,0.67670,164
2019-04-10T23:00:00,True,0.67667,0.67700,0.67648,0.67676,116
2019-04-11T00:00:00,True,0.67674,0.67704,0.67635,0.67654,424
2019-04-11T01:00:00,True,0.67656,0.67713,0.67654,0.67664,427
2019-04-11T02:00:00,True,0.67666,0.67686,0.67613,0.67637,296
2019-04-11T03:00:00,True,0.67634,0.67634,0.67580,0.67594,228
2019-04-11T04:00:00,True,0.67591,0.67646,0.67584,0.67646,214
2019-04-11T05:00:00,True,0.67644,0.67666,0.67589,0.67634,391
2019-04-11T06:00:00,True,0.67631,0.67642,0.67546,0.67562,718
2019-04-11T07:00:00,True,0.67564,0.67586,0.67524,0.67547,734
2019-04-11T08:00:00,True,0.67545,0.67613,0.67518,0.67590,415
2019-04-11T09:00:00,True,0.67592,0.67635,0.67582,0.67602,367
2019-04-11T10:00:00,True,0.67600,0.67616,0.67566,0.67580,279
2019-04-11T11:00:00,True,0.67578,0.67578,0.67487,0.67488,388
2019-04-11T12:00:00,True,0.67485,0.67486,0.67297,0.67331,722
2019-04-11T13:00:00,True,0.67334,0.67401,0.67262,0.67401,706
2019-04-11T14:00:00,True,0.67399,0.67399,0.67312,0.67340,623
2019-04-11T15:00:00,True,0.67342,0.67350,0.67252,0.67282,478
2019-04-11T16:00:00,True,0.67284,0.67302,0.67252,0.67262,347
2019-04-11T17:00:00,True,0.67264,0.67286,0.67228,0.67282,369
2019-04-11T18:00:00,True,0.67280,0.67282,0.67240,0.67256,303
2019-04-11T19:00:00,True,0.67258,0.67310,0.67256,0.67300,136
2019-04-11T20:00:00,True,0.67302,0.67307,0.67273,0.67280,185
2019-04-11T21:00:00,True,0.67296,0.67296,0.67236,0.67285,93
2019-04-11T22:00:00,True,0.67288,0.67300,0.67218,0.67250,393
2019-04-11T23:00:00,True,0.67248,0.67296,0.67236,0.67246,224
2019-04-12T00:00:00,True,0.67249,0.67291,0.67138,0.67251,759
2019-04-12T01:00:00,True,0.67248,0.67288,0.67213,0.67276,588
2019-04-12T02:00:00,True,0.67278,0.67364,0.67278,0.67330,398
2019-04-12T03:00:00,True,0.67328,0.67380,0.67298,0.67358,271
2019-04-12T04:00:00,True,0.67355,0.67386,0.67354,0.67383,155
2019-04-12T05:00:00,True,0.67380,0.67382,0.67313,0.67345,159
2019-04-12T06:00:00,True,0.67348,0.67350,0.67288,0.67298,611
2019-04-12T07:00:00,True,0.67296,0.67334,0.67288,0.67296,508
2019-04-12T08:00:00,True,0.67299,0.67466,0.67294,0.67438,1106
2019-04-12T09:00:00,True,0.67435,0.67455,0.67408,0.67452,669
2019-04-12T10:00:00,True,0.67454,0.67508,0.67441,0.67456,553
2019-04-12T11:00:00,True,0.67458,0.67556,0.67456,0.67516,442
2019-04-12T12:00:00,True,0.67518,0.67637,0.67518,0.67635,503
2019-04-12T13:00:00,True,0.67638,0.67695,0.67624,0.67690,551
2019-04-12T14:00:00,True,0.67688,0.67816,0.67674,0.67684,710
2019-04-12T15:00:00,True,0.67686,0.67710,0.67655,0.67682,362
2019-04-12T16:00:00,True,0.67679,0.67720,0.67636,0.67674,305
2019-04-12T17:00:00,True,0.67676,0.67730,0.67668,0.67718,302
2019-04-12T18:00:00,True,0.67716,0.67744,0.67682,0.67682,279
2019-04-12T19:00:00,True,0.67679,0.67682,0.67656,0.67666,115
2019-04-12T20:00:00,True,0.67664,0.67664,0.67604,0.67629,178
2019-04-14T21:00:00,True,0.67628,0.67727,0.67607,0.67660,132
2019-04-14T22:00:00,True,0.67664,0.67704,0.67660,0.67692,149
2019-04-14T23:00:00,True,0.67690,0.67720,0.67668,0.67672,260
2019-04-15T00:00:00,True,0.67674,0.67704,0.67651,0.67680,366
2019-04-15T01:00:00,True,0.67678,0.67756,0.67646,0.67752,441
2019-04-15T02:00:00,True,0.67754,0.67828,0.67739,0.67794,437
2019-04-15T03:00:00,True,0.67792,0.67795,0.67726,0.67740,273
2019-04-15T04:00:00,True,0.67738,0.67776,0.67723,0.67726,216
2019-04-15T05:00:00,True,0.67729,0.67777,0.67708,0.67718,288
2019-04-15T06:00:00,True,0.67716,0.67736,0.67694,0.67708,460
2019-04-15T07:00:00,True,0.67706,0.67744,0.67695,0.67695,478
2019-04-15T08:00:00,True,0.67692,0.67698,0.67626,0.67652,430
2019-04-15T09:00:00,True,0.67649,0.67710,0.67638,0.67678,436
2019-04-15T10:00:00,True,0.67676,0.67686,0.67588,0.67588,358
2019-04-15T11:00:00,True,0.67590,0.67647,0.67572,0.67606,381
2019-04-15T12:00:00,True,0.67604,0.67654,0.67601,0.67638,473
2019-04-15T13:00:00,True,0.67636,0.67666,0.67558,0.67572,489
2019-04-15T14:00:00,True,0.67574,0.67592,0.67507,0.67565,577
2019-04-15T15:00:00,True,0.67568,0.67634,0.67535,0.67627,471
2019-04-15T16:00:00,True,0.67625,0.67652,0.67611,0.67636,281
2019-04-15T17:00:00,True,0.67634,0.67646,0.67588,0.67605,250
2019-04-15T18:00:00,True,0.67603,0.67622,0.67590,0.67612,290
2019-04-15T19:00:00,True,0.67614,0.67638,0.67599,0.67631,127
2019-04-15T20:00:00,True,0.67628,0.67638,0.67611,0.67633,138
2019-04-15T21:00:00,True,0.67639,0.67642,0.67624,0.67626,27
2019-04-15T22:00:00,True,0.67628,0.67658,0.67628,0.67648,119
2019-04-15T23:00:00,True,0.67650,0.67679,0.67637,0.67664,203
2019-04-16T00:00:00,True,0.67662,0.67692,0.67638,0.67684,456
2019-04-16T01:00:00,True,0.67686,0.67691,0.67472,0.67508,1018
2019-04-16T02:00:00,True,0.67506,0.67522,0.67462,0.67490,635
2019-04-16T03:00:00,True,0.67488,0.67564,0.67412,0.67538,529
2019-04-16T04:00:00,True,0.67540,0.67622,0.67521,0.67600,291
2019-04-16T05:00:00,True,0.67598,0.67630,0.67564,0.67573,311
2019-04-16T06:00:00,True,0.67570,0.67591,0.67559,0.67584,444
2019-04-16T07:00:00,True,0.67586,0.67602,0.67533,0.67552,715
2019-04-16T08:00:00,True,0.67554,0.67572,0.67511,0.67542,390
2019-04-16T09:00:00,True,0.67544,0.67570,0.67512,0.67536,808
2019-04-16T10:00:00,True,0.67538,0.67572,0.67475,0.67505,500
2019-04-16T11:00:00,True,0.67503,0.67646,0.67496,0.67628,438
2019-04-16T12:00:00,True,0.67630,0.67648,0.67533,0.67547,640
2019-04-16T13:00:00,True,0.67550,0.67649,0.67543,0.67581,684
2019-04-16T14:00:00,True,0.67584,0.67695,0.67580,0.67606,662
2019-04-16T15:00:00,True,0.67608,0.67634,0.67572,0.67602,391
2019-04-16T16:00:00,True,0.67604,0.67606,0.67508,0.67526,353
2019-04-16T17:00:00,True,0.67528,0.67574,0.67526,0.67568,223
2019-04-16T18:00:00,True,0.67565,0.67596,0.67562,0.67579,287
2019-04-16T19:00:00,True,0.67581,0.67603,0.67577,0.67592,101
2019-04-16T20:00:00,True,0.67590,0.67644,0.67576,0.67636,120
2019-04-16T21:00:00,True,0.67656,0.67681,0.67629,0.67668,95
2019-04-16T22:00:00,True,0.67672,0.67760,0.66672,0.67022,2366
2019-04-16T23:00:00,True,0.67019,0.67106,0.66994,0.67086,774
2019-04-17T00:00:00,True,0.67090,0.67115,0.67042,0.67084,610
2019-04-17T01:00:00,True,0.67086,0.67188,0.66984,0.67149,693
2019-04-17T02:00:00,True,0.67154,0.67332,0.67122,0.67312,1778
2019-04-17T03:00:00,True,0.67310,0.67423,0.67176,0.67256,780
2019-04-17T04:00:00,True,0.67254,0.67356,0.67254,0.67318,421
2019-04-17T05:00:00,True,0.67316,0.67483,0.67316,0.67442,523
2019-04-17T06:00:00,True,0.67440,0.67486,0.67380,0.67398,449
2019-04-17T07:00:00,True,0.67396,0.67442,0.67369,0.67370,387
2019-04-17T08:00:00,True,0.67373,0.67408,0.67338,0.67383,337
2019-04-17T09:00:00,True,0.67380,0.67420,0.67359,0.67391,355
2019-04-17T10:00:00,True,0.67389,0.67401,0.67345,0.67364,251
2019-04-17T11:00:00,True,0.67366,0.67381,0.67304,0.67318,278
2019-04-17T12:00:00,True,0.67320,0.67380,0.67298,0.67350,405
2019-04-17T13:00:00,True,0.67346,0.67381,0.67303,0.67303,477
2019-04-17T14:00:00,True,0.67305,0.67315,0.67147,0.67186,715
2019-04-17T15:00:00,True,0.67184,0.67186,0.67088,0.67099,422
2019-04-17T16:00:00,True,0.67096,0.67150,0.67084,0.67134,376
2019-04-17T17:00:00,True,0.67136,0.67222,0.67136,0.67198,277
2019-04-17T18:00:00,True,0.67196,0.67198,0.67164,0.67198,292
2019-04-17T19:00:00,True,0.67196,0.67224,0.67186,0.67188,135
2019-04-17T20:00:00,True,0.67190,0.67281,0.67188,0.67274,137
2019-04-17T21:00:00,True,0.67270,0.67298,0.67203,0.67278,285
2019-04-17T22:00:00,True,0.67275,0.67300,0.67231,0.67258,208
2019-04-17T23:00:00,True,0.67260,0.67295,0.67245,0.67247,171
2019-04-18T00:00:00,True,0.67244,0.67266,0.67193,0.67200,282
2019-04-18T01:00:00,True,0.67202,0.67286,0.67122,0.67139,1080
2019-04-18T02:00:00,True,0.67141,0.67213,0.67116,0.67204,446
2019-04-18T03:00:00,True,0.67208,0.67241,0.67183,0.67201,258
2019-04-18T04:00:00,True,0.67199,0.67210,0.67164,0.67172,212
2019-04-18T05:00:00,True,0.67174,0.67237,0.67171,0.67224,176
2019-04-18T06:00:00,True,0.67222,0.67242,0.67194,0.67235,303
2019-04-18T07:00:00,True,0.67233,0.67236,0.67092,0.67113,575
2019-04-18T08:00:00,True,0.67111,0.67111,0.67014,0.67070,511
2019-04-18T09:00:00,True,0.67068,0.67073,0.66953,0.66953,320
2019-04-18T10:00:00,True,0.66955,0.66978,0.66930,0.66945,244
2019-04-18T11:00:00,True,0.66948,0.66962,0.66902,0.66913,276
2019-04-18T12:00:00,True,0.66916,0.66924,0.66794,0.66836,788
2019-04-18T13:00:00,True,0.66834,0.66898,0.66796,0.66847,647
2019-04-18T14:00:00,True,0.66849,0.66876,0.66744,0.66786,430
2019-04-18T15:00:00,True,0.66789,0.66816,0.66756,0.66785,357
2019-04-18T16:00:00,True,0.66788,0.66788,0.66730,0.66732,389
2019-04-18T17:00:00,True,0.66734,0.66778,0.66730,0.66767,478
2019-04-18T18:00:00,True,0.66769,0.66798,0.66750,0.66796,217
2019-04-18T19:00:00,True,0.66798,0.66816,0.66788,0.66796,108
2019-04-18T20:00:00,True,0.66794,0.66840,0.66786,0.66831,221
2019-04-18T21:00:00,True,0.66840,0.66840,0.66800,0.66814,35
2019-04-18T22:00:00,True,0.66809,0.66902,0.66808,0.66868,171
2019-04-18T23:00:00,True,0.66870,0.66883,0.66856,0.66862,88
2019-04-19T00:00:00,True,0.66860,0.66862,0.66818,0.66832,92
2019-04-19T01:00:00,True,0.66834,0.66868,0.66812,0.66867,85
2019-04-19T02:00:00,True,0.66864,0.66864,0.66842,0.66844,20
2019-04-19T03:00:00,True,0.66841,0.66856,0.66838,0.66856,17
2019-04-19T04:00:00,True,0.66858,0.66858,0.66844,0.66853,19
2019-04-19T05:00:00,True,0.66856,0.66894,0.66856,0.66890,34
2019-04-19T06:00:00,True,0.66888,0.66904,0.66888,0.66890,49
2019-04-19T07:00:00,True,0.66893,0.66943,0.66893,0.66932,51
2019-04-19T08:00:00,True,0.66930,0.66936,0.66916,0.66920,41
2019-04-19T09:00:00,True,0.66923,0.66923,0.66852,0.66873,111
2019-04-19T10:00:00,True,0.66876,0.66892,0.66870,0.66892,16
2019-04-19T11:00:00,True,0.66890,0.66912,0.66884,0.66908,53
2019-04-19T12:00:00,True,0.66906,0.66913,0.66855,0.66862,109
2019-04-19T13:00:00,True,0.66859,0.66880,0.66853,0.66859,61
2019-04-19T14:00:00,True,0.66862,0.66884,0.66862,0.66882,192
2019-04-19T15:00:00,True,0.66884,0.66886,0.66858,0.66877,217
2019-04-19T16:00:00,True,0.66874,0.66880,0.66861,0.66877,82
2019-04-19T17:00:00,True,0.66880,0.66893,0.66876,0.66876,58
2019-04-19T18:00:00,True,0.66873,0.66888,0.66866,0.66886,89
2019-04-19T19:00:00,True,0.66882,0.66888,0.66868,0.66882,46
2019-04-19T20:00:00,True,0.66878,0.66908,0.66852,0.66857,99
2019-04-21T21:00:00,True,0.66836,0.66867,0.66828,0.66828,41
2019-04-21T22:00:00,True,0.66824,0.66900,0.66807,0.66871,272
2019-04-21T23:00:00,True,0.66868,0.66886,0.66853,0.66853,152
2019-04-22T00:00:00,True,0.66856,0.66861,0.66804,0.66841,355
2019-04-22T01:00:00,True,0.66843,0.66848,0.66784,0.66791,470
2019-04-22T02:00:00,True,0.66794,0.66805,0.66773,0.66784,293
2019-04-22T03:00:00,True,0.66781,0.66784,0.66735,0.66735,185
2019-04-22T04:00:00,True,0.66733,0.66768,0.66730,0.66756,125
2019-04-22T05:00:00,True,0.66758,0.66788,0.66738,0.66770,168
2019-04-22T06:00:00,True,0.66768,0.66786,0.66753,0.66776,160
2019-04-22T07:00:00,True,0.66778,0.66795,0.66762,0.66794,122
2019-04-22T08:00:00,True,0.66796,0.66799,0.66781,0.66796,52
2019-04-22T09:00:00,True,0.66794,0.66798,0.66778,0.66790,34
2019-04-22T10:00:00,True,0.66787,0.66809,0.66774,0.66780,99
2019-04-22T11:00:00,True,0.66778,0.66780,0.66752,0.66764,93
2019-04-22T12:00:00,True,0.66761,0.66764,0.66730,0.66734,167
2019-04-22T13:00:00,True,0.66736,0.66786,0.66736,0.66774,251
2019-04-22T14:00:00,True,0.66776,0.66801,0.66732,0.66754,214
2019-04-22T15:00:00,True,0.66756,0.66768,0.66732,0.66764,186
2019-04-22T16:00:00,True,0.66762,0.66786,0.66746,0.66769,165
2019-04-22T17:00:00,True,0.66771,0.66798,0.66766,0.66788,125
2019-04-22T18:00:00,True,0.66786,0.66796,0.66733,0.66735,168
2019-04-22T19:00:00,True,0.66732,0.66762,0.66731,0.66762,28
2019-04-22T20:00:00,True,0.66764,0.66808,0.66757,0.66795,122
2019-04-22T21:00:00,True,0.66806,0.66850,0.66794,0.66804,114
2019-04-22T22:00:00,True,0.66806,0.66832,0.66800,0.66830,138
2019-04-22T23:00:00,True,0.66828,0.66836,0.66808,0.66812,210
2019-04-23T00:00:00,True,0.66815,0.66815,0.66712,0.66748,534
2019-04-23T01:00:00,True,0.66750,0.66798,0.66736,0.66788,379
2019-04-23T02:00:00,True,0.66786,0.66798,0.66726,0.66740,321
2019-04-23T03:00:00,True,0.66743,0.66780,0.66736,0.66741,203
2019-04-23T04:00:00,True,0.66738,0.66741,0.66714,0.66716,74
2019-04-23T05:00:00,True,0.66713,0.66713,0.66645,0.66679,266
2019-04-23T06:00:00,True,0.66676,0.66681,0.66594,0.66615,309
2019-04-23T07:00:00,True,0.66618,0.66639,0.66597,0.66606,262
2019-04-23T08:00:00,True,0.66604,0.66656,0.66564,0.66640,231
2019-04-23T09:00:00,True,0.66642,0.66649,0.66607,0.66631,176
2019-04-23T10:00:00,True,0.66628,0.66636,0.66588,0.66598,144
2019-04-23T11:00:00,True,0.66596,0.66600,0.66575,0.66588,171
2019-04-23T12:00:00,True,0.66591,0.66594,0.66498,0.66498,239
2019-04-23T13:00:00,True,0.66500,0.66500,0.66436,0.66458,490
2019-04-23T14:00:00,True,0.66456,0.66460,0.66296,0.66406,576
2019-04-23T15:00:00,True,0.66408,0.66474,0.66370,0.66474,386
2019-04-23T16:00:00,True,0.66476,0.66502,0.66452,0.66480,327
2019-04-23T17:00:00,True,0.66482,0.66489,0.66452,0.66462,179
2019-04-23T18:00:00,True,0.66460,0.66474,0.66446,0.66458,190
2019-04-23T19:00:00,True,0.66460,0.66576,0.66460,0.66576,207
2019-04-23T20:00:00,True,0.66574,0.66586,0.66536,0.66576,140
2019-04-23T21:00:00,True,0.66573,0.66576,0.66522,0.66549,115
2019-04-23T22:00:00,True,0.66546,0.66561,0.66503,0.66522,444
2019-04-23T23:00:00,True,0.66524,0.66574,0.66518,0.66536,285
2019-04-24T00:00:00,True,0.66538,0.66558,0.66476,0.66484,356
2019-04-24T01:00:00,True,0.66486,0.66526,0.66214,0.66252,1949
2019-04-24T02:00:00,True,0.66254,0.66278,0.66209,0.66240,774
2019-04-24T03:00:00,True,0.66237,0.66237,0.66136,0.66146,473
2019-04-24T04:00:00,True,0.66144,0.66232,0.66140,0.66223,458
2019-04-24T05:00:00,True,0.66221,0.66254,0.66204,0.66246,228
2019-04-24T06:00:00,True,0.66244,0.66248,0.66192,0.66224,310
2019-04-24T07:00:00,True,0.66226,0.66304,0.66198,0.66271,432
2019-04-24T08:00:00,True,0.66269,0.66283,0.66220,0.66276,466
2019-04-24T09:00:00,True,0.66273,0.66303,0.66224,0.66239,242
2019-04-24T10:00:00,True,0.66242,0.66246,0.66178,0.66221,220
2019-04-24T11:00:00,True,0.66218,0.66286,0.66170,0.66276,378
2019-04-24T12:00:00,True,0.66274,0.66274,0.66124,0.66134,441
2019-04-24T13:00:00,True,0.66132,0.66132,0.66044,0.66090,528
2019-04-24T14:00:00,True,0.66088,0.66125,0.66024,0.66123,848
2019-04-24T15:00:00,True,0.66126,0.66128,0.66012,0.66056,528
2019-04-24T16:00:00,True,0.66060,0.66064,0.65924,0.65924,598
2019-04-24T17:00:00,True,0.65927,0.65942,0.65882,0.65938,399
2019-04-24T18:00:00,True,0.65936,0.65941,0.65837,0.65842,535
2019-04-24T19:00:00,True,0.65840,0.65926,0.65821,0.65906,229
2019-04-24T20:00:00,True,0.65904,0.65932,0.65882,0.65920,217
2019-04-24T21:00:00,True,0.65967,0.66046,0.65914,0.65942,286
2019-04-24T22:00:00,True,0.65946,0.65958,0.65924,0.65944,80
2019-04-24T23:00:00,True,0.65941,0.65954,0.65907,0.65949,196
2019-04-25T00:00:00,True,0.65947,0.65964,0.65852,0.65962,437
2019-04-25T01:00:00,True,0.65960,0.65977,0.65892,0.65961,405
2019-04-25T02:00:00,True,0.65958,0.66018,0.65944,0.66012,344
2019-04-25T03:00:00,True,0.66010,0.66023,0.65990,0.65995,117
2019-04-25T04:00:00,True,0.65998,0.66008,0.65930,0.65950,205
2019-04-25T05:00:00,True,0.65952,0.65994,0.65930,0.65988,265
2019-04-25T06:00:00,True,0.65986,0.66006,0.65924,0.65940,311
2019-04-25T07:00:00,True,0.65943,0.65954,0.65896,0.65926,503
2019-04-25T08:00:00,True,0.65924,0.65990,0.65804,0.65972,607
2019-04-25T09:00:00,True,0.65970,0.65970,0.65886,0.65896,340
2019-04-25T10:00:00,True,0.65898,0.65924,0.65873,0.65918,299
2019-04-25T11:00:00,True,0.65915,0.65918,0.65872,0.65880,336
2019-04-25T12:00:00,True,0.65883,0.66028,0.65865,0.66024,808
2019-04-25T13:00:00,True,0.66022,0.66254,0.66004,0.66212,1085
2019-04-25T14:00:00,True,0.66214,0.66296,0.66204,0.66212,691
2019-04-25T15:00:00,True,0.66215,0.66238,0.66144,0.66148,451
2019-04-25T16:00:00,True,0.66150,0.66178,0.66133,0.66160,252
2019-04-25T17:00:00,True,0.66158,0.66214,0.66146,0.66208,228
2019-04-25T18:00:00,True,0.66206,0.66252,0.66194,0.66238,249
2019-04-25T19:00:00,True,0.66236,0.66250,0.66226,0.66236,142
2019-04-25T20:00:00,True,0.66234,0.66278,0.66219,0.66258,174
2019-04-25T21:00:00,True,0.66226,0.66416,0.66217,0.66269,454
2019-04-25T22:00:00,True,0.66273,0.66392,0.66263,0.66344,280
2019-04-25T23:00:00,True,0.66347,0.66384,0.66320,0.66320,336
2019-04-26T00:00:00,True,0.66317,0.66334,0.66266,0.66294,675
2019-04-26T01:00:00,True,0.66292,0.66436,0.66266,0.66407,871
2019-04-26T02:00:00,True,0.66410,0.66456,0.66343,0.66426,911
2019-04-26T03:00:00,True,0.66424,0.66436,0.66384,0.66394,307
2019-04-26T04:00:00,True,0.66396,0.66446,0.66382,0.66434,249
2019-04-26T05:00:00,True,0.66436,0.66468,0.66406,0.66459,530
2019-04-26T06:00:00,True,0.66457,0.66538,0.66428,0.66500,409
2019-04-26T07:00:00,True,0.66498,0.66523,0.66416,0.66502,386
2019-04-26T08:00:00,True,0.66504,0.66554,0.66472,0.66532,345
2019-04-26T09:00:00,True,0.66534,0.66584,0.66504,0.66509,251
2019-04-26T10:00:00,True,0.66506,0.66538,0.66492,0.66506,172
2019-04-26T11:00:00,True,0.66508,0.66544,0.66489,0.66534,242
2019-04-26T12:00:00,True,0.66531,0.66713,0.66356,0.66676,1792
2019-04-26T13:00:00,True,0.66679,0.66704,0.66613,0.66670,1028
2019-04-26T14:00:00,True,0.66668,0.66820,0.66644,0.66656,1006
2019-04-26T15:00:00,True,0.66658,0.66728,0.66627,0.66688,520
2019-04-26T16:00:00,True,0.66690,0.66694,0.66654,0.66685,221
2019-04-26T17:00:00,True,0.66688,0.66692,0.66652,0.66657,165
2019-04-26T18:00:00,True,0.66654,0.66657,0.66610,0.66622,203
2019-04-26T19:00:00,True,0.66624,0.66636,0.66582,0.66596,117
2019-04-26T20:00:00,True,0.66598,0.66656,0.66566,0.66595,217
2019-04-28T21:00:00,True,0.66534,0.66638,0.66534,0.66591,213
2019-04-28T22:00:00,True,0.66596,0.66635,0.66568,0.66605,221
2019-04-28T23:00:00,True,0.66602,0.66666,0.66600,0.66659,137
2019-04-29T00:00:00,True,0.66657,0.66728,0.66650,0.66714,296
2019-04-29T01:00:00,True,0.66712,0.66787,0.66702,0.66781,338
2019-04-29T02:00:00,True,0.66779,0.66798,0.66762,0.66790,404
2019-04-29T03:00:00,True,0.66787,0.66788,0.66753,0.66784,173
2019-04-29T04:00:00,True,0.66782,0.66808,0.66780,0.66796,107
2019-04-29T05:00:00,True,0.66794,0.66798,0.66757,0.66757,162
2019-04-29T06:00:00,True,0.66759,0.66786,0.66721,0.66726,188
2019-04-29T07:00:00,True,0.66728,0.66738,0.66658,0.66658,360
2019-04-29T08:00:00,True,0.66656,0.66684,0.66630,0.66668,280
2019-04-29T09:00:00,True,0.66666,0.66698,0.66658,0.66694,145
2019-04-29T10:00:00,True,0.66692,0.66698,0.66648,0.66654,165
2019-04-29T11:00:00,True,0.66657,0.66684,0.66650,0.66656,125
2019-04-29T12:00:00,True,0.66654,0.66720,0.66622,0.66682,494
2019-04-29T13:00:00,True,0.66680,0.66696,0.66580,0.66580,435
2019-04-29T14:00:00,True,0.66582,0.66666,0.66568,0.66657,442
2019-04-29T15:00:00,True,0.66659,0.66670,0.66624,0.66646,323
2019-04-29T16:00:00,True,0.66643,0.66687,0.66631,0.66675,321
2019-04-29T17:00:00,True,0.66678,0.66687,0.66650,0.66660,130
2019-04-29T18:00:00,True,0.66663,0.66694,0.66660,0.66679,121
2019-04-29T19:00:00,True,0.66681,0.66702,0.66670,0.66702,72
2019-04-29T20:00:00,True,0.66700,0.66712,0.66674,0.66684,130
2019-04-29T21:00:00,True,0.66651,0.66737,0.66651,0.66666,141
2019-04-29T22:00:00,True,0.66662,0.66703,0.66649,0.66703,56
2019-04-29T23:00:00,True,0.66706,0.66716,0.66690,0.66697,78
2019-04-30T00:00:00,True,0.66695,0.66818,0.66692,0.66818,365
2019-04-30T01:00:00,True,0.66812,0.66812,0.66552,0.66631,1606
2019-04-30T02:00:00,True,0.66633,0.66674,0.66623,0.66660,454
2019-04-30T03:00:00,True,0.66658,0.66681,0.66641,0.66670,183
2019-04-30T04:00:00,True,0.66667,0.66668,0.66620,0.66630,179
2019-04-30T05:00:00,True,0.66633,0.66660,0.66567,0.66576,259
2019-04-30T06:00:00,True,0.66578,0.66612,0.66546,0.66612,306
2019-04-30T07:00:00,True,0.66614,0.66664,0.66606,0.66643,395
2019-04-30T08:00:00,True,0.66645,0.66759,0.66644,0.66744,427
2019-04-30T09:00:00,True,0.66746,0.66788,0.66733,0.66745,287
2019-04-30T10:00:00,True,0.66747,0.66762,0.66700,0.66722,189
2019-04-30T11:00:00,True,0.66724,0.66798,0.66724,0.66792,139
2019-04-30T12:00:00,True,0.66795,0.66802,0.66696,0.66700,680
2019-04-30T13:00:00,True,0.66702,0.66800,0.66680,0.66764,502
2019-04-30T14:00:00,True,0.66766,0.66770,0.66628,0.66682,742
2019-04-30T15:00:00,True,0.66684,0.66710,0.66627,0.66688,706
2019-04-30T16:00:00,True,0.66690,0.66784,0.66690,0.66782,331
2019-04-30T17:00:00,True,0.66784,0.66850,0.66772,0.66799,458
2019-04-30T18:00:00,True,0.66801,0.66812,0.66770,0.66776,351
2019-04-30T19:00:00,True,0.66778,0.66812,0.66766,0.66791,138
2019-04-30T20:00:00,True,0.66789,0.66820,0.66752,0.66763,201
2019-04-30T21:00:00,True,0.66746,0.66771,0.66706,0.66730,139
2019-04-30T22:00:00,True,0.66728,0.66802,0.66287,0.66416,1423
2019-04-30T23:00:00,True,0.66418,0.66536,0.66418,0.66520,326
2019-05-01T00:00:00,True,0.66518,0.66542,0.66470,0.66536,269
2019-05-01T01:00:00,True,0.66539,0.66544,0.66482,0.66520,207
2019-05-01T02:00:00,True,0.66516,0.66564,0.66516,0.66558,175
2019-05-01T03:00:00,True,0.66560,0.66566,0.66486,0.66490,202
2019-05-01T04:00:00,True,0.66488,0.66512,0.66486,0.66508,103
2019-05-01T05:00:00,True,0.66510,0.66536,0.66508,0.66534,126
2019-05-01T06:00:00,True,0.66538,0.66543,0.66468,0.66468,129
2019-05-01T07:00:00,True,0.66466,0.66568,0.66464,0.66568,163
2019-05-01T08:00:00,True,0.66565,0.66600,0.66546,0.66578,174
2019-05-01T09:00:00,True,0.66580,0.66654,0.66580,0.66602,175
2019-05-01T10:00:00,True,0.66599,0.66650,0.66572,0.66572,187
2019-05-01T11:00:00,True,0.66575,0.66580,0.66534,0.66562,155
2019-05-01T12:00:00,True,0.66564,0.66568,0.66452,0.66460,676
2019-05-01T13:00:00,True,0.66458,0.66488,0.66438,0.66456,398
2019-05-01T14:00:00,True,0.66459,0.66583,0.66459,0.66509,978
2019-05-01T15:00:00,True,0.66506,0.66548,0.66486,0.66508,327
2019-05-01T16:00:00,True,0.66510,0.66517,0.66448,0.66458,309
2019-05-01T17:00:00,True,0.66460,0.66594,0.66460,0.66594,405
2019-05-01T18:00:00,True,0.66599,0.66658,0.66180,0.66180,4342
2019-05-01T19:00:00,True,0.66178,0.66267,0.66164,0.66192,1221
2019-05-01T20:00:00,True,0.66194,0.66236,0.66178,0.66221,239
2019-05-01T21:00:00,True,0.66226,0.66230,0.66184,0.66224,97
2019-05-01T22:00:00,True,0.66228,0.66290,0.66228,0.66274,212
2019-05-01T23:00:00,True,0.66272,0.66285,0.66258,0.66272,153
2019-05-02T00:00:00,True,0.66268,0.66368,0.66236,0.66350,337
2019-05-02T01:00:00,True,0.66352,0.66395,0.66336,0.66350,362
2019-05-02T02:00:00,True,0.66353,0.66361,0.66281,0.66313,266
2019-05-02T03:00:00,True,0.66311,0.66393,0.66304,0.66360,236
2019-05-02T04:00:00,True,0.66358,0.66364,0.66322,0.66324,192
2019-05-02T05:00:00,True,0.66326,0.66337,0.66287,0.66292,161
2019-05-02T06:00:00,True,0.66294,0.66323,0.66252,0.66256,331
2019-05-02T07:00:00,True,0.66260,0.66376,0.66260,0.66341,447
2019-05-02T08:00:00,True,0.66344,0.66362,0.66324,0.66326,270
2019-05-02T09:00:00,True,0.66324,0.66354,0.66313,0.66321,223
2019-05-02T10:00:00,True,0.66319,0.66324,0.66274,0.66291,184
2019-05-02T11:00:00,True,0.66288,0.66316,0.66250,0.66258,346
2019-05-02T12:00:00,True,0.66260,0.66290,0.66194,0.66194,682
2019-05-02T13:00:00,True,0.66196,0.66202,0.66113,0.66164,673
2019-05-02T14:00:00,True,0.66162,0.66183,0.66082,0.66143,747
2019-05-02T15:00:00,True,0.66146,0.66176,0.66090,0.66174,733
2019-05-02T16:00:00,True,0.66172,0.66236,0.66153,0.66200,495
2019-05-02T17:00:00,True,0.66202,0.66204,0.66170,0.66194,243
2019-05-02T18:00:00,True,0.66196,0.66222,0.66133,0.66138,198
2019-05-02T19:00:00,True,0.66141,0.66194,0.66141,0.66180,92
2019-05-02T20:00:00,True,0.66182,0.66188,0.66160,0.66171,62
2019-05-02T21:00:00,True,0.66175,0.66202,0.66162,0.66186,165
2019-05-02T22:00:00,True,0.66183,0.66201,0.66166,0.66184,185
2019-05-02T23:00:00,True,0.66181,0.66184,0.66142,0.66144,115
2019-05-03T00:00:00,True,0.66142,0.66204,0.66126,0.66202,291
2019-05-03T01:00:00,True,0.66200,0.66200,0.66086,0.66168,601
2019-05-03T02:00:00,True,0.66166,0.66218,0.66144,0.66194,305
2019-05-03T03:00:00,True,0.66196,0.66225,0.66190,0.66210,176
2019-05-03T04:00:00,True,0.66212,0.66262,0.66204,0.66221,226
2019-05-03T05:00:00,True,0.66218,0.66252,0.66218,0.66236,160
2019-05-03T06:00:00,True,0.66234,0.66234,0.66161,0.66164,243
2019-05-03T07:00:00,True,0.66161,0.66198,0.66139,0.66192,320
2019-05-03T08:00:00,True,0.66195,0.66212,0.66168,0.66191,177
2019-05-03T09:00:00,True,0.66194,0.66194,0.66130,0.66140,195
2019-05-03T10:00:00,True,0.66142,0.66178,0.66136,0.66150,155
2019-05-03T11:00:00,True,0.66148,0.66178,0.66135,0.66176,68
2019-05-03T12:00:00,True,0.66178,0.66341,0.66064,0.66330,1585
2019-05-03T13:00:00,True,0.66332,0.66384,0.66287,0.66375,1002
2019-05-03T14:00:00,True,0.66378,0.66520,0.66378,0.66457,1133
2019-05-03T15:00:00,True,0.66459,0.66532,0.66410,0.66426,885
2019-05-03T16:00:00,True,0.66423,0.66454,0.66402,0.66420,494
2019-05-03T17:00:00,True,0.66422,0.66425,0.66396,0.66398,279
2019-05-03T18:00:00,True,0.66396,0.66404,0.66361,0.66370,314
2019-05-03T19:00:00,True,0.66372,0.66411,0.66362,0.66409,106
2019-05-03T20:00:00,True,0.66412,0.66454,0.66398,0.66449,175
2019-05-03T21:00:00,True,0.66454,0.66460,0.66454,0.66454,3
2019-05-05T21:00:00,True,0.66044,0.66242,0.66044,0.66167,331
2019-05-05T22:00:00,True,0.66172,0.66286,0.66164,0.66267,669
2019-05-05T23:00:00,True,0.66270,0.66276,0.66064,0.66068,708
2019-05-06T00:00:00,True,0.66070,0.66082,0.66014,0.66034,759
2019-05-06T01:00:00,True,0.66037,0.66148,0.66024,0.66122,687
2019-05-06T02:00:00,True,0.66124,0.66124,0.66035,0.66106,544
2019-05-06T03:00:00,True,0.66102,0.66144,0.66095,0.66142,273
2019-05-06T04:00:00,True,0.66144,0.66262,0.66144,0.66242,341
2019-05-06T05:00:00,True,0.66244,0.66254,0.66182,0.66236,395
2019-05-06T06:00:00,True,0.66234,0.66270,0.66224,0.66228,339
2019-05-06T07:00:00,True,0.66226,0.66296,0.66182,0.66220,781
2019-05-06T08:00:00,True,0.66222,0.66246,0.66174,0.66174,323
2019-05-06T09:00:00,True,0.66170,0.66222,0.66159,0.66192,295
2019-05-06T10:00:00,True,0.66194,0.66198,0.66139,0.66168,379
2019-05-06T11:00:00,True,0.66165,0.66168,0.66118,0.66132,340
2019-05-06T12:00:00,True,0.66134,0.66156,0.66025,0.66048,596
2019-05-06T13:00:00,True,0.66052,0.66132,0.66024,0.66116,731
2019-05-06T14:00:00,True,0.66114,0.66114,0.66034,0.66088,586
2019-05-06T15:00:00,True,0.66086,0.66090,0.66032,0.66050,496
2019-05-06T16:00:00,True,0.66052,0.66082,0.66028,0.66060,367
2019-05-06T17:00:00,True,0.66058,0.66110,0.66056,0.66070,424
2019-05-06T18:00:00,True,0.66067,0.66106,0.66054,0.66100,371
2019-05-06T19:00:00,True,0.66098,0.66124,0.66082,0.66088,146
2019-05-06T20:00:00,True,0.66090,0.66104,0.66052,0.66084,149
2019-05-06T21:00:00,True,0.66076,0.66096,0.65996,0.66040,329
2019-05-06T22:00:00,True,0.66036,0.66097,0.66025,0.66097,134
2019-05-06T23:00:00,True,0.66095,0.66098,0.66064,0.66076,185
2019-05-07T00:00:00,True,0.66074,0.66098,0.66052,0.66059,353
2019-05-07T01:00:00,True,0.66056,0.66126,0.66022,0.66107,506
2019-05-07T02:00:00,True,0.66110,0.66122,0.66054,0.66082,398
2019-05-07T03:00:00,True,0.66084,0.66096,0.65996,0.66054,414
2019-05-07T04:00:00,True,0.66056,0.66310,0.65957,0.66152,2016
2019-05-07T05:00:00,True,0.66154,0.66200,0.66100,0.66192,698
2019-05-07T06:00:00,True,0.66190,0.66228,0.66144,0.66156,826
2019-05-07T07:00:00,True,0.66154,0.66174,0.66066,0.66066,611
2019-05-07T08:00:00,True,0.66068,0.66100,0.66052,0.66057,351
2019-05-07T09:00:00,True,0.66054,0.66076,0.66022,0.66036,273
2019-05-07T10:00:00,True,0.66034,0.66063,0.65947,0.65966,358
2019-05-07T11:00:00,True,0.65968,0.66018,0.65939,0.65972,402
2019-05-07T12:00:00,True,0.65970,0.65982,0.65924,0.65924,567
2019-05-07T13:00:00,True,0.65926,0.65968,0.65895,0.65908,600
2019-05-07T14:00:00,True,0.65906,0.65996,0.65899,0.65940,749
2019-05-07T15:00:00,True,0.65938,0.65968,0.65914,0.65922,555
2019-05-07T16:00:00,True,0.65920,0.65948,0.65884,0.65935,407
2019-05-07T17:00:00,True,0.65933,0.65964,0.65915,0.65945,569
2019-05-07T18:00:00,True,0.65943,0.66018,0.65918,0.65991,441
2019-05-07T19:00:00,True,0.65993,0.66048,0.65978,0.65978,170
2019-05-07T20:00:00,True,0.65980,0.66020,0.65980,0.66002,105
2019-05-07T21:00:00,True,0.66033,0.66040,0.65990,0.66020,85
2019-05-07T22:00:00,True,0.66016,0.66019,0.65956,0.65968,135
2019-05-07T23:00:00,True,0.65970,0.65996,0.65939,0.65958,191
2019-05-08T00:00:00,True,0.65956,0.66016,0.65954,0.66010,443
2019-05-08T01:00:00,True,0.66008,0.66042,0.65982,0.66026,631
2019-05-08T02:00:00,True,0.66030,0.66040,0.65270,0.65753,3988
2019-05-08T03:00:00,True,0.65755,0.65860,0.65686,0.65780,1279
2019-05-08T04:00:00,True,0.65778,0.65911,0.65776,0.65908,542
2019-05-08T05:00:00,True,0.65906,0.65937,0.65882,0.65896,335
2019-05-08T06:00:00,True,0.65894,0.65947,0.65874,0.65915,623
2019-05-08T07:00:00,True,0.65912,0.65977,0.65901,0.65945,458
2019-05-08T08:00:00,True,0.65947,0.65984,0.65882,0.65891,539
2019-05-08T09:00:00,True,0.65893,0.65922,0.65868,0.65886,430
2019-05-08T10:00:00,True,0.65884,0.65889,0.65791,0.65842,509
2019-05-08T11:00:00,True,0.65844,0.65889,0.65824,0.65888,482
2019-05-08T12:00:00,True,0.65886,0.65970,0.65842,0.65928,1173
2019-05-08T13:00:00,True,0.65926,0.65932,0.65872,0.65906,797
2019-05-08T14:00:00,True,0.65908,0.65910,0.65816,0.65883,718
2019-05-08T15:00:00,True,0.65881,0.65944,0.65852,0.65859,1129
2019-05-08T16:00:00,True,0.65862,0.65876,0.65752,0.65776,616
2019-05-08T17:00:00,True,0.65778,0.65784,0.65722,0.65745,572
2019-05-08T18:00:00,True,0.65748,0.65748,0.65706,0.65719,262
2019-05-08T19:00:00,True,0.65721,0.65758,0.65710,0.65744,213
2019-05-08T20:00:00,True,0.65746,0.65788,0.65708,0.65778,178
2019-05-08T21:00:00,True,0.65752,0.65776,0.65748,0.65764,53
2019-05-08T22:00:00,True,0.65766,0.65857,0.65764,0.65852,136
2019-05-08T23:00:00,True,0.65849,0.65876,0.65830,0.65837,138
2019-05-09T00:00:00,True,0.65835,0.65866,0.65768,0.65788,1105
2019-05-09T01:00:00,True,0.65786,0.65822,0.65722,0.65740,556
2019-05-09T02:00:00,True,0.65742,0.65752,0.65696,0.65730,460
2019-05-09T03:00:00,True,0.65728,0.65758,0.65696,0.65752,291
2019-05-09T04:00:00,True,0.65754,0.65760,0.65717,0.65740,318
2019-05-09T05:00:00,True,0.65738,0.65794,0.65720,0.65770,408
2019-05-09T06:00:00,True,0.65772,0.65818,0.65762,0.65792,315
2019-05-09T07:00:00,True,0.65790,0.65823,0.65764,0.65790,536
2019-05-09T08:00:00,True,0.65792,0.65792,0.65710,0.65788,290
2019-05-09T09:00:00,True,0.65786,0.65812,0.65749,0.65780,206
2019-05-09T10:00:00,True,0.65778,0.65782,0.65722,0.65756,266
2019-05-09T11:00:00,True,0.65754,0.65771,0.65709,0.65758,298
2019-05-09T12:00:00,True,0.65760,0.65808,0.65740,0.65752,489
2019-05-09T13:00:00,True,0.65754,0.65881,0.65707,0.65852,707
2019-05-09T14:00:00,True,0.65854,0.65910,0.65802,0.65818,965
2019-05-09T15:00:00,True,0.65820,0.65833,0.65778,0.65829,533
2019-05-09T16:00:00,True,0.65832,0.65930,0.65822,0.65879,1255
2019-05-09T17:00:00,True,0.65881,0.65978,0.65880,0.65962,783
2019-05-09T18:00:00,True,0.65964,0.65976,0.65930,0.65950,486
2019-05-09T19:00:00,True,0.65952,0.65952,0.65900,0.65910,167
2019-05-09T20:00:00,True,0.65908,0.65931,0.65878,0.65895,179
2019-05-09T21:00:00,True,0.65912,0.65956,0.65899,0.65948,85
2019-05-09T22:00:00,True,0.65946,0.65946,0.65852,0.65878,199
2019-05-09T23:00:00,True,0.65880,0.65910,0.65838,0.65856,431
2019-05-10T00:00:00,True,0.65858,0.65988,0.65834,0.65980,2710
2019-05-10T01:00:00,True,0.65978,0.66142,0.65918,0.66126,1924
2019-05-10T02:00:00,True,0.66124,0.66126,0.65956,0.65972,679
2019-05-10T03:00:00,True,0.65976,0.66060,0.65894,0.65952,1559
2019-05-10T04:00:00,True,0.65950,0.66020,0.65902,0.65902,926
2019-05-10T05:00:00,True,0.65899,0.65934,0.65874,0.65920,462
2019-05-10T06:00:00,True,0.65923,0.65932,0.65896,0.65930,267
2019-05-10T07:00:00,True,0.65926,0.66011,0.65923,0.65962,412
2019-05-10T08:00:00,True,0.65960,0.65982,0.65937,0.65976,286
2019-05-10T09:00:00,True,0.65974,0.65981,0.65954,0.65954,221
2019-05-10T10:00:00,True,0.65956,0.66002,0.65930,0.65994,338
2019-05-10T11:00:00,True,0.65996,0.66015,0.65943,0.65946,461
2019-05-10T12:00:00,True,0.65948,0.66104,0.65943,0.66092,913
2019-05-10T13:00:00,True,0.66095,0.66124,0.66034,0.66102,585
2019-05-10T14:00:00,True,0.66099,0.66104,0.65964,0.65974,653
2019-05-10T15:00:00,True,0.65976,0.66022,0.65962,0.65994,675
2019-05-10T16:00:00,True,0.65992,0.66016,0.65955,0.65989,699
2019-05-10T17:00:00,True,0.65987,0.66015,0.65954,0.66015,691
2019-05-10T18:00:00,True,0.66012,0.66012,0.65954,0.65957,407
2019-05-10T19:00:00,True,0.65954,0.66036,0.65954,0.65992,358
2019-05-10T20:00:00,True,0.65990,0.66008,0.65970,0.65977,207
2019-05-10T21:00:00,True,0.65972,0.65976,0.65972,0.65976,2
2019-05-12T21:00:00,True,0.65923,0.66043,0.65903,0.66021,172
2019-05-12T22:00:00,True,0.66016,0.66032,0.65932,0.65939,220
2019-05-12T23:00:00,True,0.65941,0.65977,0.65898,0.65898,344
2019-05-13T00:00:00,True,0.65896,0.65905,0.65844,0.65866,505
2019-05-13T01:00:00,True,0.65864,0.65886,0.65834,0.65849,401
2019-05-13T02:00:00,True,0.65852,0.65852,0.65771,0.65830,549
2019-05-13T03:00:00,True,0.65828,0.65832,0.65796,0.65827,183
2019-05-13T04:00:00,True,0.65829,0.65844,0.65816,0.65821,163
2019-05-13T05:00:00,True,0.65823,0.65823,0.65778,0.65802,117
2019-05-13T06:00:00,True,0.65804,0.65827,0.65762,0.65766,268
2019-05-13T07:00:00,True,0.65768,0.65828,0.65726,0.65767,388
2019-05-13T08:00:00,True,0.65769,0.65852,0.65750,0.65820,413
2019-05-13T09:00:00,True,0.65818,0.65910,0.65818,0.65910,207
2019-05-13T10:00:00,True,0.65912,0.65919,0.65792,0.65800,313
2019-05-13T11:00:00,True,0.65802,0.65820,0.65768,0.65810,330
2019-05-13T12:00:00,True,0.65808,0.65922,0.65753,0.65898,1122
2019-05-13T13:00:00,True,0.65896,0.65932,0.65845,0.65864,878
2019-05-13T14:00:00,True,0.65867,0.65888,0.65784,0.65790,681
2019-05-13T15:00:00,True,0.65792,0.65798,0.65682,0.65720,631
2019-05-13T16:00:00,True,0.65717,0.65717,0.65654,0.65669,583
2019-05-13T17:00:00,True,0.65666,0.65696,0.65640,0.65694,547
2019-05-13T18:00:00,True,0.65692,0.65736,0.65680,0.65720,578
2019-05-13T19:00:00,True,0.65723,0.65744,0.65716,0.65721,171
2019-05-13T20:00:00,True,0.65718,0.65728,0.65669,0.65674,143
2019-05-13T21:00:00,True,0.65678,0.65703,0.65652,0.65703,70
2019-05-13T22:00:00,True,0.65706,0.65708,0.65646,0.65682,188
2019-05-13T23:00:00,True,0.65684,0.65746,0.65670,0.65729,210
2019-05-14T00:00:00,True,0.65727,0.65879,0.65727,0.65870,549
2019-05-14T01:00:00,True,0.65868,0.65868,0.65821,0.65838,475
2019-05-14T02:00:00,True,0.65836,0.65914,0.65828,0.65868,476
2019-05-14T03:00:00,True,0.65870,0.65892,0.65848,0.65869,244
2019-05-14T04:00:00,True,0.65866,0.65880,0.65826,0.65838,232
2019-05-14T05:00:00,True,0.65836,0.65851,0.65816,0.65821,185
2019-05-14T06:00:00,True,0.65818,0.65850,0.65792,0.65836,375
2019-05-14T07:00:00,True,0.65834,0.65862,0.65806,0.65813,338
2019-05-14T08:00:00,True,0.65816,0.65832,0.65756,0.65825,332
2019-05-14T09:00:00,True,0.65827,0.65840,0.65804,0.65836,262
2019-05-14T10:00:00,True,0.65834,0.65841,0.65789,0.65805,292
2019-05-14T11:00:00,True,0.65808,0.65838,0.65768,0.65818,360
2019-05-14T12:00:00,True,0.65820,0.65832,0.65728,0.65754,443
2019-05-14T13:00:00,True,0.65756,0.65792,0.65734,0.65782,440
2019-05-14T14:00:00,True,0.65780,0.65817,0.65763,0.65808,430
2019-05-14T15:00:00,True,0.65806,0.65824,0.65741,0.65767,645
2019-05-14T16:00:00,True,0.65769,0.65798,0.65750,0.65752,366
2019-05-14T17:00:00,True,0.65750,0.65778,0.65742,0.65758,246
2019-05-14T18:00:00,True,0.65756,0.65798,0.65723,0.65730,272
2019-05-14T19:00:00,True,0.65734,0.65751,0.65722,0.65732,105
2019-05-14T20:00:00,True,0.65730,0.65751,0.65730,0.65750,99
2019-05-14T21:00:00,True,0.65754,0.65779,0.65744,0.65770,40
2019-05-14T22:00:00,True,0.65768,0.65779,0.65750,0.65756,86
2019-05-14T23:00:00,True,0.65754,0.65755,0.65703,0.65703,135
2019-05-15T00:00:00,True,0.65701,0.65704,0.65653,0.65683,381
2019-05-15T01:00:00,True,0.65686,0.65747,0.65658,0.65713,524
2019-05-15T02:00:00,True,0.65710,0.65738,0.65632,0.65711,840
2019-05-15T03:00:00,True,0.65708,0.65708,0.65660,0.65674,225
2019-05-15T04:00:00,True,0.65672,0.65687,0.65628,0.65641,193
2019-05-15T05:00:00,True,0.65643,0.65694,0.65634,0.65694,233
2019-05-15T06:00:00,True,0.65692,0.65696,0.65648,0.65656,348
2019-05-15T07:00:00,True,0.65654,0.65665,0.65600,0.65630,368
2019-05-15T08:00:00,True,0.65628,0.65654,0.65623,0.65644,217
2019-05-15T09:00:00,True,0.65647,0.65651,0.65553,0.65576,319
2019-05-15T10:00:00,True,0.65578,0.65587,0.65540,0.65556,243
2019-05-15T11:00:00,True,0.65554,0.65574,0.65523,0.65530,298
2019-05-15T12:00:00,True,0.65532,0.65579,0.65510,0.65522,573
2019-05-15T13:00:00,True,0.65524,0.65590,0.65520,0.65552,591
2019-05-15T14:00:00,True,0.65550,0.65667,0.65538,0.65634,1162
2019-05-15T15:00:00,True,0.65636,0.65636,0.65576,0.65613,607
2019-05-15T16:00:00,True,0.65616,0.65647,0.65606,0.65622,548
2019-05-15T17:00:00,True,0.65620,0.65637,0.65576,0.65632,312
2019-05-15T18:00:00,True,0.65630,0.65640,0.65594,0.65614,259
2019-05-15T19:00:00,True,0.65616,0.65618,0.65586,0.65605,63
2019-05-15T20:00:00,True,0.65603,0.65642,0.65602,0.65642,105
2019-05-15T21:00:00,True,0.65633,0.65736,0.65613,0.65642,150
2019-05-15T22:00:00,True,0.65640,0.65659,0.65633,0.65652,124
2019-05-15T23:00:00,True,0.65650,0.65654,0.65616,0.65619,179
2019-05-16T00:00:00,True,0.65622,0.65625,0.65574,0.65584,283
2019-05-16T01:00:00,True,0.65581,0.65604,0.65487,0.65570,1277
2019-05-16T02:00:00,True,0.65572,0.65592,0.65552,0.65573,491
2019-05-16T03:00:00,True,0.65575,0.65582,0.65510,0.65522,186
2019-05-16T04:00:00,True,0.65524,0.65534,0.65510,0.65522,145
2019-05-16T05:00:00,True,0.65520,0.65524,0.65482,0.65482,196
2019-05-16T06:00:00,True,0.65484,0.65568,0.65455,0.65559,341
2019-05-16T07:00:00,True,0.65561,0.65651,0.65557,0.65637,384
2019-05-16T08:00:00,True,0.65635,0.65822,0.65616,0.65810,448
2019-05-16T09:00:00,True,0.65808,0.65826,0.65747,0.65789,297
2019-05-16T10:00:00,True,0.65787,0.65812,0.65738,0.65753,338
2019-05-16T11:00:00,True,0.65756,0.65762,0.65702,0.65732,290
2019-05-16T12:00:00,True,0.65730,0.65742,0.65636,0.65636,748
2019-05-16T13:00:00,True,0.65634,0.65654,0.65564,0.65574,500
2019-05-16T14:00:00,True,0.65576,0.65584,0.65505,0.65508,488
2019-05-16T15:00:00,True,0.65510,0.65524,0.65472,0.65490,307
2019-05-16T16:00:00,True,0.65492,0.65516,0.65432,0.65434,417
2019-05-16T17:00:00,True,0.65432,0.65432,0.65395,0.65408,287
2019-05-16T18:00:00,True,0.65410,0.65410,0.65358,0.65368,349
2019-05-16T19:00:00,True,0.65366,0.65368,0.65325,0.65368,124
2019-05-16T20:00:00,True,0.65371,0.65376,0.65354,0.65356,76
2019-05-16T21:00:00,True,0.65363,0.65374,0.65346,0.65357,99
2019-05-16T22:00:00,True,0.65360,0.65391,0.65347,0.65362,199
2019-05-16T23:00:00,True,0.65360,0.65376,0.65342,0.65345,146
2019-05-17T00:00:00,True,0.65348,0.65374,0.65276,0.65296,383
2019-05-17T01:00:00,True,0.65298,0.65426,0.65298,0.65421,376
2019-05-17T02:00:00,True,0.65423,0.65425,0.65364,0.65390,400
2019-05-17T03:00:00,True,0.65392,0.65417,0.65361,0.65378,462
2019-05-17T04:00:00,True,0.65375,0.65416,0.65366,0.65382,244
2019-05-17T05:00:00,True,0.65379,0.65393,0.65352,0.65360,259
2019-05-17T06:00:00,True,0.65362,0.65472,0.65354,0.65436,509
2019-05-17T07:00:00,True,0.65434,0.65454,0.65390,0.65412,496
2019-05-17T08:00:00,True,0.65410,0.65413,0.65302,0.65324,380
2019-05-17T09:00:00,True,0.65322,0.65336,0.65259,0.65276,300
2019-05-17T10:00:00,True,0.65274,0.65294,0.65254,0.65273,313
2019-05-17T11:00:00,True,0.65276,0.65302,0.65274,0.65293,247
2019-05-17T12:00:00,True,0.65295,0.65346,0.65286,0.65310,561
2019-05-17T13:00:00,True,0.65307,0.65327,0.65222,0.65230,490
2019-05-17T14:00:00,True,0.65232,0.65262,0.65198,0.65248,793
2019-05-17T15:00:00,True,0.65246,0.65271,0.65204,0.65220,500
2019-05-17T16:00:00,True,0.65216,0.65236,0.65197,0.65214,260
2019-05-17T17:00:00,True,0.65212,0.65238,0.65196,0.65203,282
2019-05-17T19:00:00,True,0.65166,0.65184,0.65153,0.65158,78
2019-05-17T20:00:00,True,0.65155,0.65180,0.65141,0.65180,126
2019-05-17T21:00:00,True,0.65176,0.65176,0.65171,0.65171,2
2019-05-19T21:00:00,True,0.65282,0.65340,0.65238,0.65322,178
2019-05-19T22:00:00,True,0.65324,0.65328,0.65209,0.65239,231
2019-05-19T23:00:00,True,0.65236,0.65303,0.65220,0.65273,370
2019-05-20T00:00:00,True,0.65271,0.65380,0.65259,0.65380,385
2019-05-20T01:00:00,True,0.65377,0.65412,0.65344,0.65350,506
2019-05-20T02:00:00,True,0.65352,0.65383,0.65340,0.65351,426
2019-05-20T03:00:00,True,0.65354,0.65368,0.65340,0.65348,189
2019-05-20T04:00:00,True,0.65350,0.65381,0.65350,0.65374,194
2019-05-20T05:00:00,True,0.65370,0.65387,0.65358,0.65382,203
2019-05-20T06:00:00,True,0.65380,0.65426,0.65366,0.65404,270
2019-05-20T07:00:00,True,0.65406,0.65460,0.65396,0.65450,379
2019-05-20T08:00:00,True,0.65448,0.65466,0.65364,0.65368,331
2019-05-20T09:00:00,True,0.65372,0.65422,0.65368,0.65397,230
2019-05-20T10:00:00,True,0.65394,0.65400,0.65344,0.65351,221
2019-05-20T11:00:00,True,0.65354,0.65398,0.65343,0.65393,143
2019-05-20T12:00:00,True,0.65395,0.65414,0.65360,0.65360,348
2019-05-20T13:00:00,True,0.65362,0.65398,0.65350,0.65370,382
2019-05-20T14:00:00,True,0.65372,0.65446,0.65362,0.65367,302
2019-05-20T15:00:00,True,0.65370,0.65400,0.65356,0.65370,328
2019-05-20T16:00:00,True,0.65368,0.65370,0.65350,0.65354,217
2019-05-20T17:00:00,True,0.65352,0.65366,0.65342,0.65348,202
2019-05-20T18:00:00,True,0.65346,0.65348,0.65308,0.65315,188
2019-05-20T19:00:00,True,0.65317,0.65334,0.65292,0.65320,124
2019-05-20T20:00:00,True,0.65322,0.65342,0.65316,0.65339,96
2019-05-20T21:00:00,True,0.65336,0.65381,0.65335,0.65364,182
2019-05-20T22:00:00,True,0.65367,0.65379,0.65344,0.65372,130
2019-05-20T23:00:00,True,0.65370,0.65432,0.65340,0.65386,460
2019-05-21T00:00:00,True,0.65388,0.65426,0.65372,0.65385,414
2019-05-21T01:00:00,True,0.65388,0.65416,0.65330,0.65382,609
2019-05-21T02:00:00,True,0.65380,0.65391,0.65336,0.65359,355
2019-05-21T03:00:00,True,0.65357,0.65381,0.65174,0.65198,995
2019-05-21T04:00:00,True,0.65196,0.65198,0.65116,0.65120,357
2019-05-21T05:00:00,True,0.65118,0.65142,0.65093,0.65126,232
2019-05-21T06:00:00,True,0.65124,0.65128,0.65058,0.65079,336
2019-05-21T07:00:00,True,0.65076,0.65100,0.65034,0.65080,313
2019-05-21T08:00:00,True,0.65082,0.65092,0.65053,0.65070,234
2019-05-21T09:00:00,True,0.65072,0.65132,0.65048,0.65072,336
2019-05-21T10:00:00,True,0.65074,0.65090,0.65026,0.65041,286
2019-05-21T11:00:00,True,0.65043,0.65064,0.65022,0.65060,258
2019-05-21T12:00:00,True,0.65062,0.65134,0.65050,0.65100,501
2019-05-21T13:00:00,True,0.65097,0.65100,0.65008,0.65022,433
2019-05-21T14:00:00,True,0.65026,0.65156,0.65004,0.65117,780
2019-05-21T15:00:00,True,0.65120,0.65156,0.65038,0.65045,853
2019-05-21T16:00:00,True,0.65048,0.65053,0.65014,0.65036,347
2019-05-21T17:00:00,True,0.65033,0.65039,0.65014,0.65035,159
2019-05-21T18:00:00,True,0.65037,0.65056,0.65014,0.65032,294
2019-05-21T19:00:00,True,0.65030,0.65068,0.65030,0.65054,173
2019-05-21T20:00:00,True,0.65056,0.65086,0.65042,0.65046,104
2019-05-21T21:00:00,True,0.65050,0.65078,0.65044,0.65071,78
2019-05-21T22:00:00,True,0.65069,0.65106,0.65069,0.65078,177
2019-05-21T23:00:00,True,0.65076,0.65098,0.65056,0.65058,110
2019-05-22T00:00:00,True,0.65056,0.65074,0.64998,0.65004,317
2019-05-22T01:00:00,True,0.65002,0.65057,0.65000,0.65041,349
2019-05-22T02:00:00,True,0.65038,0.65046,0.65004,0.65008,182
2019-05-22T03:00:00,True,0.65006,0.65030,0.64997,0.65004,137
2019-05-22T04:00:00,True,0.65007,0.65022,0.64972,0.64984,190
2019-05-22T05:00:00,True,0.64986,0.64992,0.64938,0.64954,252
2019-05-22T06:00:00,True,0.64952,0.64988,0.64937,0.64966,304
2019-05-22T07:00:00,True,0.64964,0.65002,0.64959,0.64988,255
2019-05-22T08:00:00,True,0.64990,0.65086,0.64978,0.65039,352
2019-05-22T09:00:00,True,0.65037,0.65106,0.65028,0.65064,267
2019-05-22T10:00:00,True,0.65062,0.65083,0.65038,0.65046,190
2019-05-22T11:00:00,True,0.65048,0.65050,0.65010,0.65028,234
2019-05-22T12:00:00,True,0.65026,0.65088,0.65026,0.65036,416
2019-05-22T13:00:00,True,0.65038,0.65042,0.64960,0.64979,430
2019-05-22T14:00:00,True,0.64981,0.64994,0.64922,0.64930,566
2019-05-22T15:00:00,True,0.64933,0.64977,0.64924,0.64960,374
2019-05-22T16:00:00,True,0.64962,0.64982,0.64944,0.64972,210
2019-05-22T17:00:00,True,0.64970,0.65010,0.64958,0.65004,216
2019-05-22T18:00:00,True,0.65008,0.65014,0.64960,0.64970,377
2019-05-22T19:00:00,True,0.64972,0.64986,0.64946,0.64966,104
2019-05-22T20:00:00,True,0.64964,0.64966,0.64936,0.64937,82
2019-05-22T21:00:00,True,0.64945,0.64960,0.64941,0.64960,22
2019-05-22T22:00:00,True,0.64963,0.64977,0.64956,0.64976,45
2019-05-22T23:00:00,True,0.64974,0.64980,0.64933,0.64946,194
2019-05-23T00:00:00,True,0.64949,0.64958,0.64860,0.64870,180
2019-05-23T01:00:00,True,0.64873,0.64894,0.64840,0.64892,234
2019-05-23T02:00:00,True,0.64889,0.64912,0.64852,0.64902,213
2019-05-23T03:00:00,True,0.64900,0.64903,0.64882,0.64901,116
2019-05-23T04:00:00,True,0.64903,0.64916,0.64893,0.64916,169
2019-05-23T05:00:00,True,0.64913,0.64948,0.64894,0.64946,147
2019-05-23T06:00:00,True,0.64943,0.64950,0.64882,0.64896,336
2019-05-23T07:00:00,True,0.64894,0.64924,0.64872,0.64916,440
2019-05-23T08:00:00,True,0.64914,0.64948,0.64874,0.64916,490
2019-05-23T09:00:00,True,0.64914,0.64914,0.64835,0.64844,291
2019-05-23T10:00:00,True,0.64846,0.64877,0.64818,0.64860,344
2019-05-23T11:00:00,True,0.64862,0.64921,0.64862,0.64918,268
2019-05-23T12:00:00,True,0.64921,0.64960,0.64900,0.64924,384
2019-05-23T13:00:00,True,0.64926,0.64984,0.64825,0.64974,818
2019-05-23T14:00:00,True,0.64976,0.65148,0.64964,0.65122,1303
2019-05-23T15:00:00,True,0.65124,0.65222,0.65121,0.65203,709
2019-05-23T16:00:00,True,0.65205,0.65254,0.65186,0.65234,553
2019-05-23T17:00:00,True,0.65236,0.65261,0.65164,0.65170,557
2019-05-23T18:00:00,True,0.65172,0.65214,0.65166,0.65183,353
2019-05-23T19:00:00,True,0.65185,0.65206,0.65178,0.65200,110
2019-05-23T20:00:00,True,0.65198,0.65218,0.65187,0.65214,106
2019-05-23T21:00:00,True,0.65200,0.65259,0.65200,0.65232,299
2019-05-23T22:00:00,True,0.65230,0.65246,0.65216,0.65242,132
2019-05-23T23:00:00,True,0.65239,0.65252,0.65215,0.65215,160
2019-05-24T00:00:00,True,0.65213,0.65244,0.65186,0.65216,342
2019-05-24T01:00:00,True,0.65214,0.65239,0.65125,0.65167,721
2019-05-24T02:00:00,True,0.65164,0.65189,0.65144,0.65152,283
2019-05-24T03:00:00,True,0.65154,0.65166,0.65136,0.65150,213
2019-05-24T04:00:00,True,0.65152,0.65185,0.65144,0.65179,141
2019-05-24T05:00:00,True,0.65181,0.65188,0.65168,0.65178,144
2019-05-24T06:00:00,True,0.65174,0.65307,0.65168,0.65276,615
2019-05-24T07:00:00,True,0.65274,0.65310,0.65248,0.65300,402
2019-05-24T08:00:00,True,0.65297,0.65320,0.65276,0.65284,299
2019-05-24T09:00:00,True,0.65286,0.65370,0.65268,0.65366,298
2019-05-24T10:00:00,True,0.65364,0.65450,0.65358,0.65386,470
2019-05-24T11:00:00,True,0.65388,0.65426,0.65382,0.65384,377
2019-05-24T12:00:00,True,0.65387,0.65504,0.65374,0.65480,668
2019-05-24T13:00:00,True,0.65478,0.65518,0.65454,0.65496,505
2019-05-24T14:00:00,True,0.65494,0.65547,0.65472,0.65496,416
2019-05-24T15:00:00,True,0.65499,0.65515,0.65467,0.65475,410
2019-05-24T16:00:00,True,0.65477,0.65506,0.65466,0.65497,275
2019-05-24T17:00:00,True,0.65500,0.65558,0.65500,0.65529,328
2019-05-24T18:00:00,True,0.65527,0.65538,0.65497,0.65538,200
2019-05-24T19:00:00,True,0.65535,0.65548,0.65516,0.65530,103
2019-05-24T20:00:00,True,0.65528,0.65528,0.65506,0.65518,115
2019-05-26T21:00:00,True,0.65526,0.65544,0.65526,0.65536,20
2019-05-26T22:00:00,True,0.65532,0.65588,0.65530,0.65570,109
2019-05-26T23:00:00,True,0.65568,0.65588,0.65554,0.65554,146
2019-05-27T00:00:00,True,0.65550,0.65566,0.65496,0.65523,368
2019-05-27T01:00:00,True,0.65525,0.65549,0.65508,0.65538,417
2019-05-27T02:00:00,True,0.65540,0.65560,0.65517,0.65522,240
2019-05-27T03:00:00,True,0.65520,0.65554,0.65515,0.65547,160
2019-05-27T04:00:00,True,0.65550,0.65566,0.65536,0.65539,99
2019-05-27T05:00:00,True,0.65541,0.65592,0.65541,0.65581,269
2019-05-27T06:00:00,True,0.65579,0.65594,0.65526,0.65548,341
2019-05-27T07:00:00,True,0.65546,0.65546,0.65466,0.65477,278
2019-05-27T08:00:00,True,0.65474,0.65483,0.65449,0.65460,178
2019-05-27T09:00:00,True,0.65458,0.65478,0.65456,0.65456,118
2019-05-27T10:00:00,True,0.65458,0.65470,0.65451,0.65460,108
2019-05-27T11:00:00,True,0.65463,0.65466,0.65460,0.65462,32
2019-05-27T12:00:00,True,0.65464,0.65472,0.65452,0.65460,69
2019-05-27T13:00:00,True,0.65462,0.65488,0.65445,0.65470,193
2019-05-27T14:00:00,True,0.65474,0.65474,0.65437,0.65440,126
2019-05-27T15:00:00,True,0.65438,0.65452,0.65428,0.65430,53
2019-05-27T16:00:00,True,0.65428,0.65428,0.65412,0.65421,53
2019-05-27T17:00:00,True,0.65423,0.65440,0.65406,0.65418,69
2019-05-27T18:00:00,True,0.65420,0.65426,0.65414,0.65426,27
2019-05-27T19:00:00,True,0.65424,0.65424,0.65417,0.65419,9
2019-05-27T20:00:00,True,0.65422,0.65442,0.65420,0.65436,58
2019-05-27T21:00:00,True,0.65453,0.65465,0.65453,0.65460,16
2019-05-27T22:00:00,True,0.65458,0.65464,0.65440,0.65462,55
2019-05-27T23:00:00,True,0.65460,0.65473,0.65449,0.65466,124
2019-05-28T00:00:00,True,0.65468,0.65522,0.65466,0.65488,165
2019-05-28T01:00:00,True,0.65490,0.65510,0.65440,0.65468,284
2019-05-28T02:00:00,True,0.65466,0.65502,0.65444,0.65459,295
2019-05-28T03:00:00,True,0.65456,0.65500,0.65452,0.65488,172
2019-05-28T04:00:00,True,0.65486,0.65536,0.65486,0.65516,221
2019-05-28T05:00:00,True,0.65518,0.65577,0.65506,0.65568,189
2019-05-28T06:00:00,True,0.65566,0.65585,0.65536,0.65549,350
2019-05-28T07:00:00,True,0.65547,0.65576,0.65526,0.65556,588
2019-05-28T08:00:00,True,0.65558,0.65564,0.65486,0.65504,413
2019-05-28T09:00:00,True,0.65506,0.65536,0.65496,0.65499,320
2019-05-28T10:00:00,True,0.65502,0.65506,0.65470,0.65492,222
2019-05-28T11:00:00,True,0.65494,0.65514,0.65458,0.65508,263
2019-05-28T12:00:00,True,0.65506,0.65513,0.65440,0.65505,358
2019-05-28T13:00:00,True,0.65503,0.65537,0.65482,0.65488,503
2019-05-28T14:00:00,True,0.65486,0.65515,0.65428,0.65488,624
2019-05-28T15:00:00,True,0.65486,0.65524,0.65476,0.65480,630
2019-05-28T16:00:00,True,0.65482,0.65486,0.65426,0.65440,376
2019-05-28T17:00:00,True,0.65437,0.65464,0.65418,0.65456,352
2019-05-28T18:00:00,True,0.65454,0.65458,0.65403,0.65406,334
2019-05-28T19:00:00,True,0.65408,0.65460,0.65401,0.65441,128
2019-05-28T20:00:00,True,0.65443,0.65454,0.65418,0.65428,57
2019-05-28T21:00:00,True,0.65418,0.65434,0.65414,0.65432,42
2019-05-28T22:00:00,True,0.65434,0.65454,0.65418,0.65440,96
2019-05-28T23:00:00,True,0.65438,0.65463,0.65416,0.65446,231
2019-05-29T00:00:00,True,0.65444,0.65524,0.65442,0.65496,351
2019-05-29T01:00:00,True,0.65498,0.65512,0.65426,0.65426,445
2019-05-29T02:00:00,True,0.65424,0.65464,0.65411,0.65458,316
2019-05-29T03:00:00,True,0.65455,0.65476,0.65452,0.65455,94
2019-05-29T04:00:00,True,0.65457,0.65466,0.65435,0.65445,141
2019-05-29T05:00:00,True,0.65447,0.65458,0.65415,0.65438,351
2019-05-29T06:00:00,True,0.65440,0.65458,0.65353,0.65366,377
2019-05-29T07:00:00,True,0.65364,0.65364,0.65226,0.65230,402
2019-05-29T08:00:00,True,0.65232,0.65242,0.65172,0.65184,364
2019-05-29T09:00:00,True,0.65186,0.65192,0.65152,0.65174,279
2019-05-29T10:00:00,True,0.65176,0.65206,0.65158,0.65171,310
2019-05-29T11:00:00,True,0.65169,0.65218,0.65169,0.65211,322
2019-05-29T12:00:00,True,0.65213,0.65257,0.65196,0.65235,394
2019-05-29T13:00:00,True,0.65232,0.65244,0.65100,0.65120,482
2019-05-29T14:00:00,True,0.65123,0.65158,0.65063,0.65093,750
2019-05-29T15:00:00,True,0.65091,0.65122,0.65045,0.65100,590
2019-05-29T16:00:00,True,0.65102,0.65144,0.65085,0.65118,213
2019-05-29T17:00:00,True,0.65116,0.65136,0.65067,0.65125,555
2019-05-29T18:00:00,True,0.65128,0.65134,0.65101,0.65108,136
2019-05-29T19:00:00,True,0.65110,0.65136,0.65103,0.65116,164
2019-05-29T20:00:00,True,0.65119,0.65142,0.65104,0.65115,83
2019-05-29T21:00:00,True,0.65128,0.65140,0.65124,0.65140,65
2019-05-29T22:00:00,True,0.65138,0.65156,0.65104,0.65133,222
2019-05-29T23:00:00,True,0.65130,0.65156,0.65115,0.65146,170
2019-05-30T00:00:00,True,0.65148,0.65206,0.65126,0.65154,288
2019-05-30T01:00:00,True,0.65157,0.65206,0.65127,0.65127,438
2019-05-30T02:00:00,True,0.65130,0.65197,0.65113,0.65188,404
2019-05-30T03:00:00,True,0.65186,0.65204,0.65172,0.65186,130
2019-05-30T04:00:00,True,0.65189,0.65266,0.65186,0.65263,171
2019-05-30T05:00:00,True,0.65260,0.65260,0.65214,0.65222,188
2019-05-30T06:00:00,True,0.65220,0.65258,0.65202,0.65237,313
2019-05-30T07:00:00,True,0.65235,0.65261,0.65184,0.65232,352
2019-05-30T08:00:00,True,0.65235,0.65258,0.65213,0.65216,153
2019-05-30T09:00:00,True,0.65218,0.65276,0.65215,0.65273,205
2019-05-30T10:00:00,True,0.65271,0.65276,0.65198,0.65202,231
2019-05-30T11:00:00,True,0.65205,0.65219,0.65138,0.65138,267
2019-05-30T12:00:00,True,0.65140,0.65170,0.65116,0.65132,347
2019-05-30T13:00:00,True,0.65134,0.65151,0.65036,0.65048,334
2019-05-30T14:00:00,True,0.65046,0.65051,0.64952,0.64980,411
2019-05-30T15:00:00,True,0.64982,0.65086,0.64978,0.65064,532
2019-05-30T16:00:00,True,0.65067,0.65108,0.65047,0.65108,280
2019-05-30T17:00:00,True,0.65105,0.65136,0.65098,0.65108,217
2019-05-30T18:00:00,True,0.65106,0.65114,0.65076,0.65090,201
2019-05-30T19:00:00,True,0.65092,0.65092,0.65061,0.65087,142
2019-05-30T20:00:00,True,0.65085,0.65107,0.65064,0.65106,96
2019-05-30T21:00:00,True,0.65124,0.65143,0.65080,0.65088,84
2019-05-30T22:00:00,True,0.65085,0.65100,0.65069,0.65100,53
2019-05-30T23:00:00,True,0.65098,0.65112,0.65020,0.65038,399
2019-05-31T00:00:00,True,0.65040,0.65137,0.65024,0.65028,599
2019-05-31T01:00:00,True,0.65025,0.65116,0.65025,0.65108,532
2019-05-31T02:00:00,True,0.65106,0.65140,0.65056,0.65125,791
2019-05-31T03:00:00,True,0.65122,0.65126,0.65074,0.65087,314
2019-05-31T04:00:00,True,0.65090,0.65107,0.65078,0.65100,190
2019-05-31T05:00:00,True,0.65102,0.65160,0.65102,0.65118,376
2019-05-31T06:00:00,True,0.65116,0.65133,0.65083,0.65102,433
2019-05-31T07:00:00,True,0.65099,0.65236,0.65092,0.65225,479
2019-05-31T08:00:00,True,0.65223,0.65274,0.65172,0.65174,479
2019-05-31T09:00:00,True,0.65177,0.65209,0.65140,0.65156,533
2019-05-31T10:00:00,True,0.65158,0.65177,0.65024,0.65026,356
2019-05-31T11:00:00,True,0.65024,0.65061,0.64978,0.65050,464
2019-05-31T12:00:00,True,0.65048,0.65136,0.65027,0.65088,817
2019-05-31T13:00:00,True,0.65086,0.65179,0.65072,0.65165,640
2019-05-31T14:00:00,True,0.65168,0.65354,0.65156,0.65195,1200
2019-05-31T15:00:00,True,0.65198,0.65303,0.65184,0.65242,787
2019-05-31T16:00:00,True,0.65239,0.65344,0.65235,0.65332,453
2019-05-31T17:00:00,True,0.65330,0.65425,0.65299,0.65398,510
2019-05-31T18:00:00,True,0.65396,0.65476,0.65384,0.65438,758
2019-05-31T19:00:00,True,0.65436,0.65436,0.65398,0.65427,288
2019-05-31T20:00:00,True,0.65424,0.65424,0.65345,0.65356,176
2019-06-02T21:00:00,True,0.65294,0.65326,0.65280,0.65326,52
2019-06-02T22:00:00,True,0.65328,0.65384,0.65323,0.65370,148
2019-06-02T23:00:00,True,0.65373,0.65375,0.65316,0.65334,284
2019-06-03T00:00:00,True,0.65332,0.65452,0.65328,0.65446,473
2019-06-03T01:00:00,True,0.65444,0.65536,0.65414,0.65504,543
2019-06-03T02:00:00,True,0.65506,0.65558,0.65492,0.65558,432
2019-06-03T03:00:00,True,0.65556,0.65564,0.65493,0.65518,215
2019-06-03T04:00:00,True,0.65516,0.65537,0.65485,0.65485,154
2019-06-03T05:00:00,True,0.65488,0.65508,0.65457,0.65459,229
2019-06-03T06:00:00,True,0.65461,0.65496,0.65408,0.65438,328
2019-06-03T07:00:00,True,0.65440,0.65544,0.65428,0.65514,802
2019-06-03T08:00:00,True,0.65516,0.65573,0.65486,0.65562,488
2019-06-03T09:00:00,True,0.65564,0.65594,0.65554,0.65582,281
2019-06-03T10:00:00,True,0.65586,0.65653,0.65586,0.65630,282
2019-06-03T11:00:00,True,0.65632,0.65682,0.65610,0.65621,317
2019-06-03T12:00:00,True,0.65624,0.65702,0.65620,0.65652,506
2019-06-03T13:00:00,True,0.65650,0.65700,0.65566,0.65688,607
2019-06-03T14:00:00,True,0.65690,0.65780,0.65628,0.65703,1011
2019-06-03T15:00:00,True,0.65705,0.65792,0.65684,0.65740,734
2019-06-03T16:00:00,True,0.65744,0.65784,0.65707,0.65762,480
2019-06-03T17:00:00,True,0.65764,0.65960,0.65751,0.65914,1109
2019-06-03T18:00:00,True,0.65912,0.65992,0.65901,0.65984,510
2019-06-03T19:00:00,True,0.65981,0.66044,0.65967,0.65994,488
2019-06-03T20:00:00,True,0.65996,0.66003,0.65954,0.65979,195
2019-06-03T21:00:00,True,0.65975,0.66000,0.65967,0.65990,52
2019-06-03T22:00:00,False,0.65988,0.66002,0.65974,0.65994,109
