2017-01-02T22:00:00,True,0.96786,0.97214,0.96654,0.96946,77161
2017-01-03T22:00:00,True,0.96946,0.97573,0.96622,0.96882,95822
2017-01-04T22:00:00,True,0.96877,0.97277,0.96720,0.97038,119032
2017-01-05T22:00:00,True,0.97099,0.97398,0.96453,0.96593,101422
2017-01-08T22:00:00,True,0.96666,0.97419,0.96576,0.97184,77946
2017-01-09T22:00:00,True,0.97239,0.97571,0.97076,0.97512,84070
2017-01-10T22:00:00,True,0.97474,0.98180,0.97408,0.98056,141401
2017-01-11T22:00:00,True,0.98074,0.98654,0.97784,0.98375,121718
2017-01-12T22:00:00,True,0.98362,0.98629,0.98006,0.98380,102981
2017-01-15T22:00:00,True,0.98287,0.98609,0.98037,0.98516,81669
2017-01-16T22:00:00,True,0.98524,0.98790,0.98284,0.98688,139273
2017-01-17T22:00:00,True,0.98670,0.99828,0.98516,0.99601,125663
2017-01-18T22:00:00,True,0.99612,1.00726,0.99394,1.00704,150053
2017-01-19T22:00:00,True,1.00687,1.00916,1.00350,1.00656,156337
2017-01-22T22:00:00,True,1.00656,1.01020,1.00277,1.00384,128375
2017-01-23T22:00:00,True,1.00424,1.00708,0.99556,0.99756,119127
2017-01-24T22:00:00,True,0.99793,0.99930,0.98682,0.98984,119874
2017-01-25T22:00:00,True,0.98939,0.99070,0.98562,0.98659,102617
2017-01-26T22:00:00,True,0.98672,0.99288,0.98522,0.99280,99015
2017-01-29T22:00:00,True,0.99328,0.99343,0.98863,0.99100,86555
2017-01-30T22:00:00,True,0.99108,0.99183,0.98591,0.98831,109568
2017-01-31T22:00:00,True,0.98864,0.99260,0.98738,0.98984,106615
2017-02-01T22:00:00,True,0.98980,1.00162,0.98849,0.99754,101020
2017-02-02T22:00:00,True,0.99762,1.00144,0.99580,1.00086,102655
2017-02-05T22:00:00,True,0.99999,1.00357,0.99656,1.00228,90695
2017-02-06T22:00:00,True,1.00193,1.00679,0.99972,1.00574,107640
2017-02-07T22:00:00,True,1.00566,1.00826,1.00297,1.00483,99478
2017-02-08T22:00:00,True,1.00480,1.00550,1.00052,1.00234,96348
2017-02-09T22:00:00,True,1.00226,1.00554,0.99972,1.00438,95355
2017-02-12T22:00:00,True,1.00523,1.00647,0.99862,0.99866,79837
2017-02-13T22:00:00,True,0.99846,1.00302,0.99824,1.00170,99407
2017-02-14T22:00:00,True,1.00194,1.00914,1.00064,1.00896,97647
2017-02-15T22:00:00,True,1.00847,1.01014,1.00260,1.00582,102984
2017-02-16T22:00:00,True,1.00588,1.00760,1.00226,1.00358,82750
2017-02-19T22:00:00,True,1.00534,1.00807,1.00312,1.00764,57110
2017-02-20T22:00:00,True,1.00747,1.01075,1.00540,1.00878,75196
2017-02-21T22:00:00,True,1.00861,1.01586,1.00718,1.01396,85711
2017-02-22T22:00:00,True,1.01398,1.01424,1.00906,1.01113,81643
2017-02-23T22:00:00,True,1.01093,1.01128,1.00278,1.00436,74317
2017-02-26T22:00:00,True,1.00630,1.01160,1.00504,1.01134,78013
2017-02-27T22:00:00,True,1.01133,1.02060,1.01040,1.01836,100413
2017-02-28T22:00:00,True,1.01826,1.02541,1.01674,1.02283,136499
2017-03-01T22:00:00,True,1.02332,1.02432,1.01257,1.01399,96350
2017-03-02T22:00:00,True,1.01403,1.01700,1.01042,1.01612,105936
2017-03-05T22:00:00,True,1.01530,1.01872,1.01414,1.01664,77848
2017-03-06T22:00:00,True,1.01611,1.02170,1.01580,1.01766,84576
2017-03-07T22:00:00,True,1.01780,1.01986,1.01424,1.01564,93918
2017-03-08T22:00:00,True,1.01554,1.01741,1.01276,1.01394,115247
2017-03-09T22:00:00,True,1.01392,1.01684,1.01314,1.01596,110630
2017-03-12T21:00:00,True,1.01577,1.02044,1.01458,1.01800,78307
2017-03-13T21:00:00,True,1.01806,1.02086,1.01554,1.01886,80343
2017-03-14T21:00:00,True,1.01904,1.02684,1.01816,1.02566,123767
2017-03-15T21:00:00,True,1.02574,1.02578,1.02074,1.02260,116361
2017-03-16T21:00:00,True,1.02256,1.02946,1.02114,1.02862,84695
2017-03-19T21:00:00,True,1.02674,1.03339,1.02674,1.03203,78554
2017-03-20T21:00:00,True,1.03216,1.03241,1.02637,1.02680,104048
2017-03-21T21:00:00,True,1.02658,1.02710,1.02298,1.02334,104105
2017-03-22T21:00:00,True,1.02356,1.02357,1.01704,1.01834,89481
2017-03-23T21:00:00,True,1.01826,1.02080,1.01649,1.01986,86152
2017-03-26T21:00:00,True,1.02012,1.02070,1.01559,1.01892,85647
2017-03-27T21:00:00,True,1.01892,1.02270,1.01743,1.02162,76637
2017-03-28T21:00:00,True,1.02154,1.02549,1.02060,1.02216,77874
2017-03-29T21:00:00,True,1.02224,1.02390,1.01749,1.01932,78220
2017-03-30T21:00:00,True,1.01934,1.02156,1.01512,1.01595,88192
2017-04-02T21:00:00,True,1.01616,1.02054,1.01248,1.01778,73521
2017-04-03T21:00:00,True,1.01779,1.01902,1.01344,1.01380,79178
2017-04-04T21:00:00,True,1.01384,1.01762,1.01320,1.01698,78391
2017-04-05T21:00:00,True,1.01678,1.01764,1.01129,1.01204,80548
2017-04-06T21:00:00,True,1.01203,1.01250,1.00286,1.00549,107940
2017-04-09T21:00:00,True,1.00432,1.00710,0.99935,0.99966,72092
2017-04-10T21:00:00,True,0.99972,1.00100,0.99752,0.99930,71373
2017-04-11T21:00:00,True,0.99922,1.00056,0.99258,0.99660,87300
2017-04-12T21:00:00,True,0.99634,1.00942,0.99593,1.00870,90525
2017-04-13T21:00:00,True,1.00790,1.01031,1.00726,1.00980,66909
2017-04-16T21:00:00,True,1.00891,1.01116,1.00825,1.01074,50972
2017-04-17T21:00:00,True,1.01065,1.01241,1.00574,1.01164,97631
2017-04-18T21:00:00,True,1.01165,1.01207,1.00696,1.01092,76436
2017-04-19T21:00:00,True,1.01082,1.01735,1.01004,1.01385,77975
2017-04-20T21:00:00,True,1.01399,1.01950,1.01272,1.01807,73101
2017-04-23T21:00:00,True,1.02172,1.02236,1.01617,1.02201,86971
2017-04-24T21:00:00,True,1.02232,1.02676,1.02036,1.02250,82533
2017-04-25T21:00:00,True,1.02266,1.02468,1.01192,1.01804,108018
2017-04-26T21:00:00,True,1.01779,1.01998,1.01250,1.01783,103845
2017-04-27T21:00:00,True,1.01780,1.02347,1.01729,1.02245,89732
2017-04-30T21:00:00,True,1.02076,1.03055,1.02048,1.02936,53236
2017-05-01T21:00:00,True,1.02912,1.03454,1.02690,1.03304,76342
2017-05-02T21:00:00,True,1.03310,1.03462,1.01796,1.01917,93700
2017-05-03T21:00:00,True,1.01866,1.02010,1.01342,1.01865,111862
2017-05-04T21:00:00,True,1.01850,1.01998,1.01196,1.01267,122248
2017-05-07T21:00:00,True,1.01229,1.01414,1.00824,1.01141,96729
2017-05-08T21:00:00,True,1.01128,1.01268,1.00384,1.00764,108039
2017-05-09T21:00:00,True,1.00737,1.01272,1.00504,1.00591,103140
2017-05-10T21:00:00,True,1.00578,1.01318,1.00181,1.01060,108528
2017-05-11T21:00:00,True,1.01053,1.01562,1.00944,1.01287,93907
2017-05-14T21:00:00,True,1.01282,1.01486,1.01051,1.01064,94724
2017-05-15T21:00:00,True,1.01058,1.01286,1.00826,1.01043,99469
2017-05-16T21:00:00,True,1.01036,1.01270,1.00670,1.01094,120314
2017-05-17T21:00:00,True,1.01073,1.01646,1.00840,1.00921,148462
2017-05-18T21:00:00,True,1.00908,1.01350,1.00716,1.00742,101091
2017-05-21T21:00:00,True,1.00754,1.01048,1.00524,1.00946,78053
2017-05-22T21:00:00,True,1.00943,1.01228,1.00750,1.01036,98109
2017-05-23T21:00:00,True,1.01130,1.01148,1.00274,1.00598,111488
2017-05-24T21:00:00,True,1.00633,1.00700,1.00182,1.00523,103299
2017-05-25T21:00:00,True,1.00520,1.00586,1.00030,1.00143,98150
2017-05-28T21:00:00,True,1.00087,1.00266,0.99965,1.00090,54393
2017-05-29T21:00:00,True,1.00112,1.00655,0.99937,1.00476,77733
2017-05-30T21:00:00,True,1.00480,1.00604,1.00148,1.00318,93212
2017-05-31T21:00:00,True,1.00296,1.00483,0.99481,0.99662,91574
2017-06-01T21:00:00,True,0.99692,1.00576,0.99644,1.00349,88849
2017-06-04T21:00:00,True,1.00190,1.01026,1.00190,1.00862,75673
2017-06-05T21:00:00,True,1.00855,1.01292,1.00412,1.00986,96208
2017-06-06T21:00:00,True,1.00984,1.02114,1.00900,1.01987,93769
2017-06-07T21:00:00,True,1.02002,1.02042,1.01654,1.01938,91612
2017-06-08T21:00:00,True,1.01948,1.01975,1.01079,1.01406,92444
2017-06-11T21:00:00,True,1.01394,1.01470,1.00396,1.00480,71830
2017-06-12T21:00:00,True,1.00465,1.00568,0.99617,0.99802,77564
2017-06-13T21:00:00,True,0.99803,1.00899,0.99604,1.00535,132515
2017-06-14T21:00:00,True,1.00483,1.00966,1.00375,1.00556,105353
2017-06-15T21:00:00,True,1.00538,1.01066,1.00526,1.00666,85735
2017-06-18T21:00:00,True,1.00692,1.00895,1.00264,1.00438,75260
2017-06-19T21:00:00,True,1.00430,1.01004,1.00269,1.00564,79194
2017-06-20T21:00:00,True,1.00578,1.00766,1.00303,1.00696,92235
2017-06-21T21:00:00,True,1.00702,1.00968,0.99644,0.99794,78256
2017-06-22T21:00:00,True,0.99786,1.00670,0.99740,1.00402,69703
2017-06-25T21:00:00,True,1.00316,1.00577,1.00153,1.00466,71721
2017-06-26T21:00:00,True,1.00404,1.00857,0.99838,1.00089,88052
2017-06-27T21:00:00,True,1.00054,1.00108,0.99209,0.99604,108263
2017-06-28T21:00:00,True,0.99629,1.00072,0.99538,0.99903,86044
2017-06-29T21:00:00,True,0.99928,1.00098,0.99538,0.99670,91968
2017-07-02T21:00:00,True,0.99682,0.99842,0.99286,0.99644,62874
2017-07-03T21:00:00,True,0.99664,0.99812,0.98208,0.98356,73933
2017-07-04T21:00:00,True,0.98329,0.98750,0.98271,0.98514,75036
2017-07-05T21:00:00,True,0.98526,0.98664,0.97980,0.98431,73496
2017-07-06T21:00:00,True,0.98430,0.98703,0.97714,0.97923,82494
2017-07-09T21:00:00,True,0.97936,0.98196,0.97749,0.98048,59374
2017-07-10T21:00:00,True,0.98035,0.98762,0.98005,0.98639,63557
2017-07-11T21:00:00,True,0.98652,0.99238,0.97360,0.97894,97718
2017-07-12T21:00:00,True,0.97903,0.98677,0.97847,0.98346,75346
2017-07-13T21:00:00,True,0.98362,0.99564,0.98330,0.99003,78911
2017-07-16T21:00:00,True,0.98999,0.99198,0.98807,0.99016,81206
2017-07-17T21:00:00,True,0.99056,1.00383,0.98734,0.99974,129655
2017-07-18T21:00:00,True,0.99973,1.00358,0.99856,1.00228,95472
2017-07-19T21:00:00,True,1.00236,1.00594,0.99718,1.00196,121606
2017-07-20T21:00:00,True,1.00140,1.00210,0.99136,0.99244,105663
2017-07-23T21:00:00,True,0.99142,0.99822,0.99044,0.99130,83002
2017-07-24T21:00:00,True,0.99142,0.99642,0.98887,0.99268,85528
2017-07-25T21:00:00,True,0.99275,0.99671,0.98614,0.99626,128847
2017-07-26T21:00:00,True,0.99620,1.00220,0.99533,1.00021,125436
2017-07-27T21:00:00,True,1.00028,1.00242,0.99250,0.99292,117828
2017-07-30T21:00:00,True,0.99348,0.99952,0.99262,0.99874,97578
2017-07-31T21:00:00,True,0.99838,1.00494,0.99354,0.99914,115067
2017-08-01T21:00:00,True,0.99946,1.00424,0.99728,1.00158,110476
2017-08-02T21:00:00,True,1.00160,1.00162,0.99630,1.00032,107829
2017-08-03T21:00:00,True,1.00009,1.00386,0.99809,1.00329,115935
2017-08-06T21:00:00,True,1.00236,1.00461,1.00186,1.00327,85832
2017-08-07T21:00:00,True,1.00284,1.00740,1.00039,1.00248,98913
2017-08-08T21:00:00,True,1.00234,1.00270,0.99730,1.00174,111060
2017-08-09T21:00:00,True,1.00172,1.00436,1.00012,1.00366,109280
2017-08-10T21:00:00,True,1.00324,1.00366,0.99847,1.00084,112174
2017-08-13T21:00:00,True,1.00023,1.00377,0.99762,0.99887,79579
2017-08-14T21:00:00,True,0.99886,1.00225,0.99624,0.99762,83588
2017-08-15T21:00:00,True,0.99807,1.00361,0.99708,1.00004,99990
2017-08-16T21:00:00,True,1.00000,1.00347,0.99882,1.00004,108966
2017-08-17T21:00:00,True,0.99975,1.00287,0.99489,0.99765,100581
2017-08-20T21:00:00,True,0.99690,1.00010,0.99606,0.99709,64621
2017-08-21T21:00:00,True,0.99720,0.99794,0.99056,0.99400,70722
2017-08-22T21:00:00,True,0.99392,0.99550,0.99085,0.99218,82588
2017-08-23T21:00:00,True,0.99212,0.99266,0.98754,0.98926,76112
2017-08-24T21:00:00,True,0.98940,0.99446,0.98706,0.99016,96461
2017-08-27T21:00:00,True,0.98889,0.99638,0.98889,0.99593,62698
2017-08-28T21:00:00,True,0.99674,0.99894,0.98980,0.99498,121421
2017-08-29T21:00:00,True,0.99602,1.00034,0.99464,0.99770,99146
2017-08-30T21:00:00,True,0.99773,1.00031,0.99056,0.99181,119042
2017-08-31T21:00:00,True,0.99217,0.99268,0.98578,0.98781,107228
2017-09-03T21:00:00,True,0.98724,0.98820,0.98508,0.98632,63117
2017-09-04T21:00:00,True,0.98620,0.99232,0.98554,0.98936,106244
2017-09-05T21:00:00,True,0.98949,0.99276,0.96846,0.97814,113371
2017-09-06T21:00:00,True,0.97798,0.98106,0.97429,0.97494,111864
2017-09-07T21:00:00,True,0.97515,0.98173,0.97464,0.97920,119560
2017-09-10T21:00:00,True,0.97978,0.97986,0.97192,0.97222,91427
2017-09-11T21:00:00,True,0.97234,0.97783,0.96940,0.97718,98368
2017-09-12T21:00:00,True,0.97698,0.97796,0.97200,0.97221,93259
2017-09-13T21:00:00,True,0.97198,0.97593,0.97063,0.97366,122830
2017-09-14T21:00:00,True,0.97351,0.97746,0.97210,0.97639,100198
2017-09-17T21:00:00,True,0.97538,0.97988,0.97265,0.97866,86660
2017-09-18T21:00:00,True,0.97844,0.98492,0.97742,0.98449,96670
2017-09-19T21:00:00,True,0.98454,0.99090,0.98334,0.98976,126869
2017-09-20T21:00:00,True,0.98988,0.99050,0.97730,0.97797,106174
2017-09-21T21:00:00,True,0.97776,0.98363,0.97506,0.98236,96475
2017-09-24T21:00:00,True,0.98104,0.98404,0.97876,0.98172,90435
2017-09-25T21:00:00,True,0.98183,0.98331,0.97349,0.97358,104404
2017-09-26T21:00:00,True,0.97366,0.98044,0.96994,0.97928,130944
2017-09-27T21:00:00,True,0.97934,0.98027,0.97436,0.97642,111103
2017-09-28T21:00:00,True,0.97646,0.98234,0.97307,0.97693,95967
2017-10-01T21:00:00,True,0.97831,0.98026,0.97604,0.97910,88310
2017-10-02T21:00:00,True,0.97913,0.98052,0.97615,0.97837,71047
2017-10-03T21:00:00,True,0.97848,0.98150,0.97814,0.98118,82763
2017-10-04T21:00:00,True,0.98087,0.98138,0.97473,0.97944,83755
2017-10-05T21:00:00,True,0.97944,0.97982,0.97180,0.97401,109613
2017-10-06T21:00:00,True,0.97401,0.97401,0.97401,0.97401,1
2017-10-08T21:00:00,True,0.97389,0.97562,0.97186,0.97319,50000
2017-10-09T21:00:00,True,0.97298,0.97560,0.97164,0.97342,79681
2017-10-10T21:00:00,True,0.97340,0.97586,0.97028,0.97037,82120
2017-10-11T21:00:00,True,0.97028,0.97694,0.96998,0.97573,83684
2017-10-12T21:00:00,True,0.97570,0.98712,0.97560,0.98363,93311
2017-10-15T21:00:00,True,0.98395,0.98724,0.98225,0.98282,79476
2017-10-16T21:00:00,True,0.98278,0.98560,0.98150,0.98238,84982
2017-10-17T21:00:00,True,0.98250,0.98271,0.97702,0.97812,83513
2017-10-18T21:00:00,True,0.97822,0.98386,0.97726,0.98371,99603
2017-10-19T21:00:00,True,0.98370,0.98736,0.97939,0.98689,100139
2017-10-20T21:00:00,True,0.98689,0.98689,0.98689,0.98689,1
2017-10-22T21:00:00,True,0.98720,0.98834,0.98597,0.98732,70476
2017-10-23T21:00:00,True,0.98729,0.98794,0.98322,0.98560,86525
2017-10-24T21:00:00,True,0.98548,0.98626,0.97553,0.98578,110531
2017-10-25T21:00:00,True,0.98570,0.98778,0.98342,0.98410,101267
2017-10-26T21:00:00,True,0.98390,0.98807,0.98152,0.98342,107741
2017-10-29T21:00:00,True,0.98409,0.98670,0.98342,0.98668,68923
2017-10-30T21:00:00,True,0.98644,0.98886,0.98330,0.98674,75321
2017-10-31T21:00:00,True,0.98678,0.99169,0.98654,0.98752,89403
2017-11-01T21:00:00,True,0.98760,0.99147,0.98726,0.98796,91235
2017-11-02T21:00:00,True,0.98808,0.98858,0.97552,0.97640,81576
2017-11-05T22:00:00,True,0.97652,0.97908,0.97580,0.97711,63165
2017-11-06T22:00:00,True,0.97710,0.97880,0.97533,0.97690,76515
2017-11-07T22:00:00,True,0.97646,0.97836,0.97608,0.97702,70082
2017-11-08T22:00:00,True,0.97728,0.97852,0.97230,0.97409,78524
2017-11-09T22:00:00,True,0.97400,0.97480,0.97080,0.97178,74262
2017-11-12T22:00:00,True,0.97090,0.97224,0.96986,0.97067,59907
2017-11-13T22:00:00,True,0.97060,0.97328,0.96904,0.97180,81411
2017-11-14T22:00:00,True,0.97158,0.97228,0.96387,0.96870,92819
2017-11-15T22:00:00,True,0.96866,0.97138,0.96634,0.96795,75902
2017-11-16T22:00:00,True,0.96800,0.96820,0.96123,0.96574,93221
2017-11-19T22:00:00,True,0.96574,0.96794,0.96446,0.96786,69985
2017-11-20T22:00:00,True,0.96782,0.97128,0.96496,0.96830,82346
2017-11-21T22:00:00,True,0.96868,0.96942,0.96366,0.96708,80592
2017-11-22T22:00:00,True,0.96706,0.97041,0.96561,0.96958,63032
2017-11-23T22:00:00,True,0.96961,0.97016,0.96652,0.96812,69782
2017-11-26T22:00:00,True,0.96780,0.97144,0.96592,0.97066,68468
2017-11-27T22:00:00,True,0.97076,0.97568,0.96997,0.97342,71077
2017-11-28T22:00:00,True,0.97352,0.97474,0.97048,0.97398,83323
2017-11-29T22:00:00,True,0.97416,0.97845,0.97250,0.97575,79010
2017-11-30T22:00:00,True,0.97578,0.97679,0.96529,0.96574,120712
2017-12-03T22:00:00,True,0.96478,0.96743,0.96265,0.96292,78124
2017-12-04T22:00:00,True,0.96302,0.96927,0.96295,0.96518,75709
2017-12-05T22:00:00,True,0.96535,0.96906,0.95792,0.96714,80504
2017-12-06T22:00:00,True,0.96720,0.96832,0.96400,0.96554,67471
2017-12-07T22:00:00,True,0.96538,0.96698,0.96408,0.96513,72332
2017-12-10T22:00:00,True,0.96540,0.96960,0.96462,0.96764,61835
2017-12-11T22:00:00,True,0.96762,0.97394,0.96664,0.97261,69296
2017-12-12T22:00:00,True,0.97281,0.97986,0.97212,0.97875,86588
2017-12-13T22:00:00,True,0.97869,0.98584,0.97624,0.98102,99102
2017-12-14T22:00:00,True,0.98086,0.98562,0.97849,0.98366,88498
2017-12-17T22:00:00,True,0.98381,0.98754,0.98358,0.98606,66321
2017-12-18T22:00:00,True,0.98545,0.98820,0.98511,0.98700,68742
2017-12-19T22:00:00,True,0.98684,0.98767,0.98296,0.98410,67696
2017-12-20T22:00:00,True,0.98360,0.98436,0.97754,0.98104,72142
2017-12-21T22:00:00,True,0.98157,0.98742,0.98012,0.98118,67362
2017-12-25T22:00:00,True,0.98253,0.98317,0.98002,0.98042,26000
2017-12-26T22:00:00,True,0.98020,0.98386,0.98002,0.98312,59390
2017-12-27T22:00:00,True,0.98265,0.98422,0.97912,0.97977,60230
2017-12-28T22:00:00,True,0.98007,0.98281,0.97782,0.98188,60933
2018-01-01T22:00:00,True,0.97891,0.98287,0.97797,0.97951,68599
2018-01-02T22:00:00,True,0.97971,0.98380,0.97761,0.98215,67027
2018-01-03T22:00:00,True,0.98244,0.98510,0.98071,0.98200,70077
2018-01-04T22:00:00,True,0.98198,0.98286,0.97115,0.97596,83626
2018-01-07T22:00:00,True,0.97627,0.97654,0.97145,0.97396,60987
2018-01-08T22:00:00,True,0.97421,0.97590,0.97202,0.97514,74817
2018-01-09T22:00:00,True,0.97501,0.98582,0.97371,0.98402,105061
2018-01-10T22:00:00,True,0.98400,0.99075,0.98284,0.98794,103708
2018-01-11T22:00:00,True,0.98808,0.98900,0.98449,0.98651,109605
2018-01-14T22:00:00,True,0.98505,0.99077,0.98416,0.99002,105630
2018-01-15T22:00:00,True,0.98998,0.99102,0.98589,0.98986,91289
2018-01-16T22:00:00,True,0.98962,0.99890,0.98638,0.99132,131942
2018-01-17T22:00:00,True,0.99153,0.99765,0.98990,0.99316,108240
2018-01-18T22:00:00,True,0.99343,1.00012,0.99242,0.99867,96745
2018-01-21T22:00:00,True,0.99820,0.99957,0.99659,0.99768,73050
2018-01-22T22:00:00,True,0.99802,0.99886,0.99276,0.99361,91357
2018-01-23T22:00:00,True,0.99368,0.99788,0.99268,0.99568,107674
2018-01-24T22:00:00,True,0.99494,0.99836,0.99143,0.99314,161010
2018-01-25T22:00:00,True,0.99348,1.00099,0.99164,0.99879,140006
2018-01-28T22:00:00,True,0.99764,1.00058,0.99610,0.99887,105419
2018-01-29T22:00:00,True,0.99867,0.99956,0.99541,0.99728,101759
2018-01-30T22:00:00,True,0.99689,0.99970,0.98972,0.99203,129763
2018-01-31T22:00:00,True,0.99224,0.99248,0.98424,0.98614,115054
2018-02-01T22:00:00,True,0.98637,0.98650,0.98069,0.98445,141465
2018-02-04T22:00:00,True,0.98405,0.99056,0.98206,0.98788,145216
2018-02-05T22:00:00,True,0.98768,0.98892,0.98402,0.98774,194056
2018-02-06T22:00:00,True,0.98758,0.98855,0.98231,0.98308,117259
2018-02-07T22:00:00,True,0.98302,0.98546,0.98012,0.98059,157934
2018-02-08T22:00:00,True,0.98050,0.99032,0.97840,0.98289,164629
2018-02-11T22:00:00,True,0.98392,0.98975,0.98220,0.98880,97269
2018-02-12T22:00:00,True,0.98881,0.99111,0.98645,0.98957,95728
2018-02-13T22:00:00,True,0.98947,0.99208,0.98285,0.99010,139305
2018-02-14T22:00:00,True,0.99028,0.99341,0.98785,0.99158,114980
2018-02-15T22:00:00,True,0.99188,0.99526,0.99072,0.99306,105825
2018-02-18T22:00:00,True,0.99295,0.99512,0.99268,0.99392,72152
2018-02-19T22:00:00,True,0.99402,0.99762,0.99280,0.99706,102099
2018-02-20T22:00:00,True,0.99694,0.99904,0.99031,0.99129,116022
2018-02-21T22:00:00,True,0.99122,0.99804,0.98928,0.99678,99383
2018-02-22T22:00:00,True,0.99685,0.99739,0.98697,0.99062,86840
2018-02-25T22:00:00,True,0.99148,0.99656,0.99096,0.99642,77697
2018-02-26T22:00:00,True,0.99620,0.99784,0.99346,0.99517,102139
2018-02-27T22:00:00,True,0.99513,0.99924,0.99412,0.99602,96285
2018-02-28T22:00:00,True,0.99552,0.99704,0.99132,0.99559,134443
2018-03-01T22:00:00,True,0.99528,1.00126,0.99488,1.00012,108944
2018-03-04T22:00:00,True,0.99991,1.00890,0.99836,1.00672,107360
2018-03-05T22:00:00,True,1.00686,1.01162,1.00650,1.00810,131518
2018-03-06T22:00:00,True,1.00801,1.01366,1.00618,1.01011,147461
2018-03-07T22:00:00,True,1.00991,1.01180,1.00396,1.00406,127630
2018-03-08T22:00:00,True,1.00410,1.00821,1.00108,1.00528,121249
2018-03-11T21:00:00,True,1.00583,1.01162,1.00553,1.01106,77357
2018-03-12T21:00:00,True,1.01100,1.01988,1.01050,1.01898,118462
2018-03-13T21:00:00,True,1.01891,1.02429,1.01690,1.02050,114484
2018-03-14T21:00:00,True,1.02043,1.02130,1.01684,1.01788,103104
2018-03-15T21:00:00,True,1.01778,1.01888,1.00960,1.01017,89903
2018-03-18T21:00:00,True,1.01038,1.01106,1.00675,1.00938,101666
2018-03-19T21:00:00,True,1.00914,1.00950,1.00396,1.00429,81120
2018-03-20T21:00:00,True,1.00437,1.00580,0.99680,1.00208,124182
2018-03-21T21:00:00,True,1.00196,1.00360,0.99376,0.99535,119883
2018-03-22T21:00:00,True,0.99526,0.99830,0.99100,0.99268,114328
2018-03-25T21:00:00,True,0.99301,0.99874,0.99184,0.99503,82221
2018-03-26T21:00:00,True,0.99500,0.99624,0.98908,0.98990,87042
2018-03-27T21:00:00,True,0.98942,0.99149,0.98742,0.99020,109558
2018-03-28T21:00:00,True,0.98972,0.99379,0.98820,0.98922,82328
2018-03-29T21:00:00,True,0.98910,0.99268,0.98893,0.99088,136945
2018-04-01T21:00:00,True,0.99206,0.99242,0.98740,0.98925,58138
2018-04-02T21:00:00,True,0.98924,0.99230,0.98132,0.98400,85701
2018-04-03T21:00:00,True,0.98416,0.98762,0.98248,0.98529,95489
2018-04-04T21:00:00,True,0.98539,0.98600,0.97905,0.97987,81965
2018-04-05T21:00:00,True,0.97982,0.98270,0.97833,0.98091,93806
2018-04-08T21:00:00,True,0.98074,0.98288,0.97743,0.97743,77476
2018-04-09T21:00:00,True,0.97761,0.98189,0.97743,0.97798,85487
2018-04-10T21:00:00,True,0.97816,0.97870,0.97494,0.97580,80581
2018-04-11T21:00:00,True,0.97580,0.97827,0.97520,0.97614,83123
2018-04-12T21:00:00,True,0.97630,0.98125,0.97610,0.97929,73691
2018-04-15T21:00:00,True,0.97862,0.98080,0.97730,0.97772,62014
2018-04-16T21:00:00,True,0.97785,0.97830,0.97368,0.97490,66329
2018-04-17T21:00:00,True,0.97489,0.98521,0.97489,0.98300,78244
2018-04-18T21:00:00,True,0.98330,0.98578,0.97744,0.97939,92077
2018-04-19T21:00:00,True,0.97942,0.97969,0.97270,0.97931,86972
2018-04-22T21:00:00,True,0.97860,0.97980,0.97608,0.97704,75827
2018-04-23T21:00:00,True,0.97706,0.97743,0.97384,0.97576,89901
2018-04-24T21:00:00,True,0.97558,0.97578,0.97130,0.97180,81299
2018-04-25T21:00:00,True,0.97171,0.97397,0.97110,0.97240,90316
2018-04-26T21:00:00,True,0.97222,0.97395,0.97110,0.97274,71671
2018-04-29T21:00:00,True,0.97284,0.97318,0.96606,0.96702,81181
2018-04-30T21:00:00,True,0.96718,0.96782,0.96214,0.96250,84570
2018-05-01T21:00:00,True,0.96236,0.96596,0.96074,0.96524,118038
2018-05-02T21:00:00,True,0.96482,0.96902,0.96428,0.96766,111732
2018-05-03T21:00:00,True,0.96793,0.97070,0.96643,0.96838,91460
2018-05-06T21:00:00,True,0.96902,0.96920,0.96502,0.96831,67751
2018-05-07T21:00:00,True,0.96832,0.97070,0.96412,0.96525,103816
2018-05-08T21:00:00,True,0.96533,0.96540,0.95700,0.95897,90900
2018-05-09T21:00:00,True,0.95915,0.96272,0.95545,0.96180,122681
2018-05-10T21:00:00,True,0.96188,0.96574,0.96041,0.96497,94487
2018-05-13T21:00:00,True,0.96443,0.96643,0.96308,0.96432,74800
2018-05-14T21:00:00,True,0.96395,0.96433,0.96053,0.96218,102828
2018-05-15T21:00:00,True,0.96176,0.96358,0.95886,0.96120,107025
2018-05-15T21:00:00,True,0.96176,0.96358,0.95886,0.96120,107025
2018-05-16T21:00:00,True,0.96151,0.96294,0.95996,0.96180,91176
2018-05-17T21:00:00,True,0.96198,0.96895,0.96152,0.96789,89351
2018-05-20T21:00:00,True,0.96856,0.97164,0.96659,0.96948,80838
2018-05-21T21:00:00,True,0.96968,0.97148,0.96813,0.97113,91612
2018-05-22T21:00:00,True,0.97126,0.97351,0.96884,0.97030,120435
2018-05-23T21:00:00,True,0.97022,0.97730,0.97008,0.97595,108159
2018-05-24T21:00:00,True,0.97580,0.98182,0.97548,0.97939,106359
2018-05-27T21:00:00,True,0.98004,0.98388,0.97982,0.98052,77740
2018-05-28T21:00:00,True,0.98051,0.98120,0.97646,0.97728,124405
2018-05-29T21:00:00,True,0.97693,0.98064,0.97064,0.97555,132777
2018-05-30T21:00:00,True,0.97569,0.98288,0.97150,0.98046,126672
2018-05-31T21:00:00,True,0.98039,0.98211,0.97592,0.98032,111986
2018-06-03T21:00:00,True,0.98032,0.98988,0.97989,0.98878,95683
2018-06-04T21:00:00,True,0.98911,0.99252,0.98636,0.98772,104897
2018-06-05T21:00:00,True,0.98767,0.99346,0.98540,0.99246,101208
2018-06-06T21:00:00,True,0.99247,0.99301,0.98851,0.98900,99667
2018-06-07T21:00:00,True,0.98920,0.98958,0.98167,0.98232,95306
2018-06-10T21:00:00,True,0.98725,0.99112,0.98485,0.98792,66458
2018-06-11T21:00:00,True,0.98734,0.99044,0.98532,0.98564,89112
2018-06-12T21:00:00,True,0.98549,0.98814,0.98190,0.98390,100710
2018-06-13T21:00:00,True,0.98374,0.98429,0.97836,0.97976,108936
2018-06-14T21:00:00,True,0.97953,0.98444,0.97825,0.98059,97743
2018-06-17T21:00:00,True,0.98144,0.98244,0.97892,0.98006,70467
2018-06-18T21:00:00,True,0.97999,0.98095,0.97390,0.98082,113557
2018-06-19T21:00:00,True,0.98050,0.98398,0.97952,0.98069,86952
2018-06-20T21:00:00,True,0.98105,0.98378,0.97875,0.98245,118536
2018-06-21T21:00:00,True,0.98242,0.99372,0.98191,0.98718,102518
2018-06-24T21:00:00,True,0.98760,0.98833,0.98438,0.98574,102063
2018-06-25T21:00:00,True,0.98549,0.98631,0.98242,0.98352,106276
2018-06-26T21:00:00,True,0.98358,0.98410,0.97734,0.97929,121096
2018-06-27T21:00:00,True,0.97930,0.98120,0.97353,0.97430,113063
2018-06-28T21:00:00,True,0.97456,0.97899,0.97106,0.97269,114410
2018-07-01T21:00:00,True,0.97490,0.97490,0.96586,0.96776,91314
2018-07-02T21:00:00,True,0.96788,0.97433,0.96612,0.97054,93483
2018-07-03T21:00:00,True,0.97038,0.97364,0.96938,0.97032,90141
2018-07-04T21:00:00,True,0.97070,0.97204,0.96851,0.97017,90828
2018-07-05T21:00:00,True,0.97020,0.97697,0.96992,0.97204,88583
2018-07-08T21:00:00,True,0.97303,0.97930,0.97285,0.97866,73597
2018-07-09T21:00:00,True,0.97908,0.98134,0.97622,0.97812,85274
2018-07-10T21:00:00,True,0.97766,0.97780,0.96820,0.97320,134470
2018-07-11T21:00:00,True,0.97318,0.97644,0.97254,0.97439,92510
2018-07-12T21:00:00,True,0.97464,0.97699,0.97256,0.97699,85130
2018-07-15T21:00:00,True,0.97690,0.97805,0.97339,0.97474,80813
2018-07-16T21:00:00,True,0.97488,0.97613,0.97250,0.97456,95833
2018-07-17T21:00:00,True,0.97463,0.97639,0.97265,0.97412,92413
2018-07-18T21:00:00,True,0.97435,0.97965,0.97042,0.97616,127146
2018-07-19T21:00:00,True,0.97631,0.97822,0.97135,0.97467,138025
2018-07-22T21:00:00,True,0.97454,0.97562,0.97035,0.97229,96046
2018-07-23T21:00:00,True,0.97204,0.97710,0.97078,0.97588,94531
2018-07-24T21:00:00,True,0.97630,0.97878,0.96981,0.97256,120269
2018-07-25T21:00:00,True,0.97252,0.97272,0.96389,0.96465,101779
2018-07-26T21:00:00,True,0.96490,0.96869,0.96313,0.96633,88820
2018-07-29T21:00:00,True,0.96591,0.96746,0.96266,0.96546,66976
2018-07-30T21:00:00,True,0.96546,0.97086,0.96484,0.96630,104277
2018-07-31T21:00:00,True,0.96638,0.96661,0.96107,0.96290,84220
2018-08-01T21:00:00,True,0.96293,0.96325,0.95856,0.95861,89723
2018-08-02T21:00:00,True,0.95854,0.96246,0.95788,0.96150,104002
2018-08-05T21:00:00,True,0.96138,0.96314,0.96043,0.96056,64697
2018-08-06T21:00:00,True,0.96062,0.97015,0.95995,0.96867,78501
2018-08-07T21:00:00,True,0.96897,0.97069,0.96643,0.96773,84156
2018-08-08T21:00:00,True,0.96682,0.96937,0.96180,0.96228,72919
2018-08-09T21:00:00,True,0.96230,0.96270,0.95283,0.95960,149268
2018-08-12T21:00:00,True,0.95823,0.95919,0.95378,0.95528,114785
2018-08-13T21:00:00,True,0.95499,0.95532,0.94516,0.94544,100897
2018-08-14T21:00:00,True,0.94594,0.95249,0.94183,0.95126,106748
2018-08-15T21:00:00,True,0.95128,0.95703,0.94904,0.95538,112204
2018-08-16T21:00:00,True,0.95532,0.95738,0.95080,0.95509,97943
2018-08-19T21:00:00,True,0.95576,0.95780,0.95346,0.95708,76452
2018-08-20T21:00:00,True,0.95758,0.96126,0.95598,0.96036,92525
2018-08-21T21:00:00,True,0.96030,0.96090,0.95482,0.95543,97757
2018-08-22T21:00:00,True,0.95514,0.95590,0.94744,0.94824,92530
2018-08-23T21:00:00,True,0.94828,0.95642,0.94768,0.95446,96105
2018-08-26T21:00:00,True,0.95345,0.95577,0.95156,0.95270,83620
2018-08-27T21:00:00,True,0.95305,0.95342,0.94815,0.94892,88178
2018-08-28T21:00:00,True,0.94854,0.94966,0.94198,0.94369,105622
2018-08-29T21:00:00,True,0.94391,0.94682,0.94012,0.94294,98487
2018-08-30T21:00:00,True,0.94297,0.94464,0.93634,0.93766,116565
2018-09-02T21:00:00,True,0.94085,0.94508,0.93694,0.94467,66701
2018-09-03T21:00:00,True,0.94469,0.94785,0.94121,0.94645,94852
2018-09-04T21:00:00,True,0.94621,0.95031,0.94344,0.94799,106288
2018-09-05T21:00:00,True,0.94776,0.95179,0.94504,0.94585,105319
2018-09-06T21:00:00,True,0.94592,0.94710,0.93508,0.93518,117737
2018-09-09T21:00:00,True,0.93522,0.93982,0.93502,0.93635,68145
2018-09-10T21:00:00,True,0.93630,0.93666,0.92883,0.93022,85313
2018-09-11T21:00:00,True,0.93056,0.93334,0.92714,0.93222,100643
2018-09-12T21:00:00,True,0.93186,0.93908,0.93123,0.93482,93857
2018-09-13T21:00:00,True,0.93499,0.93732,0.93210,0.93251,83139
2018-09-16T21:00:00,True,0.93283,0.93638,0.93164,0.93602,63103
2018-09-17T21:00:00,True,0.93614,0.94040,0.93326,0.93666,106099
2018-09-18T21:00:00,True,0.93666,0.94348,0.93640,0.93825,94624
2018-09-19T21:00:00,True,0.93828,0.94154,0.93722,0.94096,96833
2018-09-20T21:00:00,True,0.94116,0.94228,0.93816,0.94149,84963
2018-09-23T21:00:00,True,0.93918,0.94220,0.93812,0.93940,68686
2018-09-24T21:00:00,True,0.93964,0.94072,0.93779,0.93906,73855
2018-09-25T21:00:00,True,0.93919,0.94912,0.93818,0.94496,90143
2018-09-26T21:00:00,True,0.94502,0.94746,0.93969,0.93998,92360
2018-09-27T21:00:00,True,0.94003,0.94082,0.93152,0.93241,77698
2018-09-30T21:00:00,True,0.92901,0.93104,0.92269,0.92544,83995
2018-10-01T21:00:00,True,0.92538,0.92659,0.91932,0.92172,83201
2018-10-02T21:00:00,True,0.92178,0.92229,0.91324,0.91414,89584
2018-10-03T21:00:00,True,0.91390,0.91532,0.91053,0.91488,91113
2018-10-04T21:00:00,True,0.91457,0.91574,0.91176,0.91245,97823
2018-10-07T21:00:00,True,0.91357,0.91890,0.91271,0.91718,74806
2018-10-08T21:00:00,True,0.91746,0.91998,0.91579,0.91971,99961
2018-10-09T21:00:00,True,0.91940,0.92430,0.91872,0.92210,106027
2018-10-10T21:00:00,True,0.92130,0.92890,0.92000,0.92831,159436
2018-10-11T21:00:00,True,0.92834,0.92936,0.92557,0.92648,111320
2018-10-14T21:00:00,True,0.92611,0.93167,0.92482,0.92626,104822
2018-10-15T21:00:00,True,0.92633,0.92819,0.92238,0.92370,95959
2018-10-16T21:00:00,True,0.92368,0.92684,0.92318,0.92587,96357
2018-10-17T21:00:00,True,0.92566,0.93210,0.92546,0.92889,113243
2018-10-18T21:00:00,True,0.92858,0.93658,0.92709,0.93276,112945
2018-10-21T21:00:00,True,0.93178,0.93388,0.92754,0.92771,96086
2018-10-22T21:00:00,True,0.92773,0.92842,0.92442,0.92711,104805
2018-10-23T21:00:00,True,0.92726,0.92928,0.91758,0.92219,131940
2018-10-24T21:00:00,True,0.92175,0.92888,0.91974,0.92538,125865
2018-10-25T21:00:00,True,0.92556,0.92933,0.92090,0.92933,141150
2018-10-28T21:00:00,True,0.92926,0.93105,0.92656,0.92684,107372
2018-10-29T21:00:00,True,0.92663,0.93451,0.92642,0.93158,102250
2018-10-30T21:00:00,True,0.93154,0.93332,0.92780,0.93053,101850
2018-10-31T21:00:00,True,0.93048,0.94393,0.93046,0.94294,115128
2018-11-01T21:00:00,True,0.94299,0.94806,0.94184,0.94311,125644
2018-11-04T22:00:00,True,0.94165,0.94606,0.94146,0.94533,96829
2018-11-05T22:00:00,True,0.94529,0.95100,0.94479,0.95100,91164
2018-11-06T22:00:00,True,0.95065,0.95554,0.94776,0.95409,131212
2018-11-07T22:00:00,True,0.95423,0.95688,0.95295,0.95451,134807
2018-11-08T22:00:00,True,0.95451,0.95680,0.95321,0.95456,117057
2018-11-11T22:00:00,True,0.95335,0.95418,0.94938,0.95050,110405
2018-11-12T22:00:00,True,0.95014,0.95543,0.94886,0.95536,118236
2018-11-13T22:00:00,True,0.95546,0.95924,0.95160,0.95749,144998
2018-11-14T22:00:00,True,0.95779,0.96485,0.95753,0.95894,138068
2018-11-15T22:00:00,True,0.95906,0.96544,0.95476,0.96404,118583
2018-11-18T22:00:00,True,0.96158,0.96364,0.96034,0.96072,89308
2018-11-19T22:00:00,True,0.96048,0.96234,0.95604,0.95974,121813
2018-11-20T22:00:00,True,0.95954,0.96644,0.95850,0.96094,101937
2018-11-21T22:00:00,True,0.96090,0.96152,0.95602,0.95671,79892
2018-11-22T22:00:00,True,0.95691,0.95873,0.95278,0.95747,105825
2018-11-25T22:00:00,True,0.95611,0.96004,0.95549,0.95687,91457
2018-11-26T22:00:00,True,0.95682,0.96250,0.95597,0.96050,104657
2018-11-27T22:00:00,True,0.96059,0.97164,0.96029,0.96984,110249
2018-11-28T22:00:00,True,0.96996,0.97490,0.96876,0.97212,118018
2018-11-29T22:00:00,True,0.97213,0.97405,0.96972,0.97111,101564
2018-12-02T22:00:00,True,0.97668,0.97756,0.97020,0.97099,112466
2018-12-03T22:00:00,True,0.97156,0.97372,0.96942,0.97336,126608
2018-12-04T22:00:00,True,0.97314,0.97494,0.96598,0.97068,96598
2018-12-05T22:00:00,True,0.97088,0.97204,0.96596,0.96792,151418
2018-12-06T22:00:00,True,0.96830,0.96944,0.95754,0.96014,135570
2018-12-09T22:00:00,True,0.95833,0.96430,0.95670,0.96323,122755
2018-12-10T22:00:00,True,0.96344,0.96714,0.96282,0.96466,111339
2018-12-11T22:00:00,True,0.96473,0.96688,0.96241,0.96388,115286
2018-12-12T22:00:00,True,0.96400,0.96778,0.96306,0.96503,96495
2018-12-13T22:00:00,True,0.96484,0.96518,0.95728,0.96046,102439
2018-12-16T22:00:00,True,0.96028,0.96291,0.95927,0.96231,107663
2018-12-17T22:00:00,True,0.96246,0.96810,0.96215,0.96707,115255
2018-12-18T22:00:00,True,0.96661,0.97032,0.95712,0.95826,141617
2018-12-19T22:00:00,True,0.95852,0.96239,0.95638,0.96010,152215
2018-12-20T22:00:00,True,0.95998,0.96288,0.95627,0.95663,136252
2018-12-23T22:00:00,True,0.95723,0.96028,0.95620,0.95837,103145
2018-12-25T22:00:00,True,0.95837,0.96092,0.95607,0.95932,68752
2018-12-26T22:00:00,True,0.95869,0.96132,0.95669,0.95750,138010
2018-12-27T22:00:00,True,0.95736,0.96280,0.95689,0.96088,104954
2018-12-30T22:00:00,True,0.96028,0.96312,0.95945,0.96135,83638
2019-01-01T22:00:00,True,0.96135,0.96184,0.94866,0.94880,136353
2019-01-02T22:00:00,True,0.94888,0.94947,0.90969,0.94475,170391
2019-01-03T22:00:00,True,0.94472,0.95417,0.94312,0.95127,131478
2019-01-06T22:00:00,True,0.95215,0.95392,0.94814,0.95055,104414
2019-01-07T22:00:00,True,0.95044,0.95071,0.94549,0.94765,101798
2019-01-08T22:00:00,True,0.94794,0.95124,0.94580,0.94724,126235
2019-01-09T22:00:00,True,0.94724,0.95208,0.94614,0.95085,98004
2019-01-10T22:00:00,True,0.95122,0.95748,0.95056,0.95724,98415
2019-01-13T22:00:00,True,0.95665,0.95681,0.95311,0.95590,77310
2019-01-14T22:00:00,True,0.95598,0.95784,0.95202,0.95534,97038
2019-01-15T22:00:00,True,0.95556,0.95594,0.95016,0.95021,75713
2019-01-16T22:00:00,True,0.95014,0.95706,0.94984,0.95508,92752
2019-01-17T22:00:00,True,0.95512,0.95624,0.94988,0.95025,87104
2019-01-20T22:00:00,True,0.95070,0.95228,0.94898,0.95170,79994
2019-01-21T22:00:00,True,0.95180,0.95250,0.94878,0.95144,81128
2019-01-22T22:00:00,True,0.95118,0.95394,0.94921,0.95282,81949
2019-01-23T22:00:00,True,0.95306,0.95549,0.94564,0.94696,106984
2019-01-24T22:00:00,True,0.94672,0.95143,0.94484,0.94915,95269
2019-01-27T22:00:00,True,0.94884,0.95248,0.94834,0.95016,75041
2019-01-28T22:00:00,True,0.95040,0.95130,0.94736,0.94952,89367
2019-01-29T22:00:00,True,0.94978,0.95483,0.94852,0.95294,120670
2019-01-30T22:00:00,True,0.95300,0.95804,0.95238,0.95475,98040
2019-01-31T22:00:00,True,0.95484,0.95538,0.94839,0.94986,98022
2019-02-03T22:00:00,True,0.94924,0.94960,0.94575,0.94743,73348
2019-02-04T22:00:00,True,0.94760,0.95236,0.94343,0.94972,78981
2019-02-05T22:00:00,True,0.94980,0.95114,0.93858,0.93874,99024
2019-02-06T22:00:00,True,0.93891,0.94538,0.93812,0.94512,84977
2019-02-07T22:00:00,True,0.94456,0.94548,0.93884,0.94118,81954
2019-02-10T22:00:00,True,0.94068,0.94403,0.93844,0.93930,89071
2019-02-11T22:00:00,True,0.93940,0.94202,0.93885,0.93909,85724
2019-02-12T22:00:00,True,0.93921,0.94247,0.93834,0.93972,89698
2019-02-13T22:00:00,True,0.93954,0.94696,0.93950,0.94464,112131
2019-02-14T22:00:00,True,0.94450,0.94717,0.94247,0.94574,97444
2019-02-17T22:00:00,True,0.94576,0.94770,0.94282,0.94411,76128
2019-02-18T22:00:00,True,0.94432,0.94839,0.94153,0.94668,93854
2019-02-19T22:00:00,True,0.94676,0.94715,0.94246,0.94395,123757
2019-02-20T22:00:00,True,0.94383,0.94886,0.93190,0.93805,157650
2019-02-21T22:00:00,True,0.93818,0.94242,0.93612,0.93648,133636
2019-02-24T22:00:00,True,0.93758,0.94705,0.93674,0.94521,125086
2019-02-25T22:00:00,True,0.94550,0.94737,0.94372,0.94640,113753
2019-02-26T22:00:00,True,0.94626,0.94756,0.93756,0.93940,176949
2019-02-27T22:00:00,True,0.93877,0.94195,0.93188,0.93460,112059
2019-02-28T22:00:00,True,0.93438,0.94212,0.93164,0.94132,99648
2019-03-03T22:00:00,True,0.94407,0.94432,0.94066,0.94350,98870
2019-03-04T22:00:00,True,0.94336,0.94613,0.94150,0.94586,89369
2019-03-05T22:00:00,True,0.94595,0.94720,0.93893,0.94524,104029
2019-03-06T22:00:00,True,0.94523,0.94787,0.94297,0.94400,99726
2019-03-07T22:00:00,True,0.94360,0.94679,0.94192,0.94511,102020
2019-03-10T21:00:00,True,0.94341,0.94830,0.94340,0.94696,80692
2019-03-11T21:00:00,True,0.94692,0.94906,0.94546,0.94563,89160
2019-03-12T21:00:00,True,0.94577,0.94594,0.94122,0.94354,84054
2019-03-13T21:00:00,True,0.94332,0.94402,0.93866,0.94182,86665
2019-03-14T21:00:00,True,0.94193,0.94732,0.94118,0.94491,79680
2019-03-17T21:00:00,True,0.94501,0.94820,0.94406,0.94735,75472
2019-03-18T21:00:00,True,0.94726,0.94796,0.94130,0.94440,91503
2019-03-19T21:00:00,True,0.94412,0.94816,0.94134,0.94670,106752
2019-03-20T21:00:00,True,0.94668,0.95226,0.94572,0.95046,123735
2019-03-21T21:00:00,True,0.95001,0.95298,0.94801,0.95095,125051
2019-03-24T21:00:00,True,0.95060,0.95485,0.94935,0.95318,94619
2019-03-25T21:00:00,True,0.95310,0.95633,0.95245,0.95469,83100
2019-03-26T21:00:00,True,0.95483,0.95573,0.94902,0.95017,106458
2019-03-27T21:00:00,True,0.94992,0.95286,0.94858,0.95106,96406
2019-03-28T21:00:00,True,0.95094,0.95346,0.94657,0.94732,95567
2019-03-31T21:00:00,True,0.95056,0.95242,0.94604,0.94634,97315
2019-04-01T21:00:00,True,0.94592,0.94898,0.94156,0.94307,97164
2019-04-02T21:00:00,True,0.94298,0.94996,0.94156,0.94914,88686
2019-04-03T21:00:00,True,0.94918,0.95104,0.94838,0.95011,72671
2019-04-04T21:00:00,True,0.95044,0.95505,0.94920,0.95099,76020
2019-04-07T21:00:00,True,0.95104,0.95159,0.94819,0.94890,64140
2019-04-08T21:00:00,True,0.94867,0.95110,0.94782,0.94924,51929
2019-04-09T21:00:00,True,0.94932,0.95556,0.94803,0.95508,77132
2019-04-10T21:00:00,True,0.95466,0.95654,0.95214,0.95356,64676
2019-04-11T21:00:00,True,0.95366,0.95819,0.95192,0.95577,61907
2019-04-14T21:00:00,True,0.95739,0.96024,0.95434,0.95888,63527
2019-04-15T21:00:00,True,0.95889,0.95965,0.95592,0.95788,70133
2019-04-16T21:00:00,True,0.95762,0.96146,0.95522,0.95763,79861
2019-04-17T21:00:00,True,0.95740,0.96090,0.95526,0.95658,76694
2019-04-18T21:00:00,True,0.95635,0.95829,0.95532,0.95781,54318
2019-04-21T21:00:00,True,0.95748,0.95796,0.95148,0.95225,41586
2019-04-22T21:00:00,True,0.95210,0.95410,0.95024,0.95328,62312
2019-04-23T21:00:00,True,0.95320,0.95388,0.94457,0.94675,95560
2019-04-24T21:00:00,True,0.94596,0.94766,0.94385,0.94605,71268
2019-04-25T21:00:00,True,0.94608,0.95015,0.94476,0.94765,76744
2019-04-28T21:00:00,True,0.94729,0.95034,0.94717,0.94961,52094
2019-04-29T21:00:00,True,0.94945,0.95106,0.94388,0.94401,78881
2019-04-30T21:00:00,True,0.94360,0.94606,0.94180,0.94270,71004
2019-05-01T21:00:00,True,0.94258,0.94506,0.94122,0.94316,71068
2019-05-02T21:00:00,True,0.94278,0.94332,0.94062,0.94253,70244
2019-05-05T21:00:00,True,0.93826,0.94314,0.93782,0.94029,75288
2019-05-06T21:00:00,True,0.94015,0.94564,0.93742,0.94472,76366
2019-05-07T21:00:00,True,0.94464,0.94572,0.94154,0.94200,88378
2019-05-08T21:00:00,True,0.94190,0.94298,0.93930,0.94184,93881
2019-05-09T21:00:00,True,0.94178,0.94320,0.93743,0.93908,117284
2019-05-12T21:00:00,True,0.93902,0.94048,0.93476,0.93610,86496
2019-05-13T21:00:00,True,0.93596,0.93738,0.93420,0.93490,74589
2019-05-14T21:00:00,True,0.93478,0.93528,0.93015,0.93094,75312
2019-05-15T21:00:00,True,0.93086,0.93184,0.92622,0.92766,67700
2019-05-16T21:00:00,True,0.92766,0.92982,0.92302,0.92446,74340
2019-05-19T21:00:00,True,0.92933,0.93130,0.92690,0.92760,62282
2019-05-20T21:00:00,True,0.92752,0.92994,0.92134,0.92278,76117
2019-05-21T21:00:00,True,0.92266,0.92490,0.92017,0.92460,62303
2019-05-22T21:00:00,True,0.92455,0.92980,0.92336,0.92972,74586
2019-05-23T21:00:00,True,0.92956,0.93182,0.92737,0.93077,66993
2019-05-26T21:00:00,True,0.93168,0.93238,0.92920,0.92999,48844
2019-05-27T21:00:00,True,0.93010,0.93450,0.92976,0.93413,72520
2019-05-28T21:00:00,True,0.93411,0.93688,0.93364,0.93520,91337
2019-05-29T21:00:00,True,0.93525,0.93672,0.93169,0.93307,70485
2019-05-30T21:00:00,True,0.93345,0.93910,0.93272,0.93767,108552
2019-06-02T21:00:00,True,0.93698,0.93962,0.93635,0.93770,103628
2019-06-03T21:00:00,False,0.93772,0.93838,0.93740,0.93770,2488
