2019-03-01T00:00:00,True,0.85740,0.85782,0.85729,0.85782,171
2019-03-01T01:00:00,True,0.85784,0.85788,0.85729,0.85736,278
2019-03-01T02:00:00,True,0.85734,0.85749,0.85722,0.85736,184
2019-03-01T03:00:00,True,0.85733,0.85766,0.85724,0.85762,125
2019-03-01T04:00:00,True,0.85764,0.85770,0.85743,0.85757,137
2019-03-01T05:00:00,True,0.85759,0.85790,0.85753,0.85778,87
2019-03-01T06:00:00,True,0.85778,0.85804,0.85751,0.85776,284
2019-03-01T07:00:00,True,0.85778,0.85818,0.85734,0.85773,817
2019-03-01T08:00:00,True,0.85775,0.85799,0.85714,0.85762,1271
2019-03-01T09:00:00,True,0.85760,0.85855,0.85720,0.85778,1469
2019-03-01T10:00:00,True,0.85781,0.85936,0.85777,0.85896,1092
2019-03-01T11:00:00,True,0.85898,0.86118,0.85860,0.86086,1221
2019-03-01T12:00:00,True,0.86088,0.86095,0.85906,0.85960,1216
2019-03-01T13:00:00,True,0.85958,0.86094,0.85932,0.86042,1442
2019-03-01T14:00:00,True,0.86040,0.86056,0.85800,0.85856,2094
2019-03-01T15:00:00,True,0.85859,0.85989,0.85794,0.85982,2078
2019-03-01T16:00:00,True,0.85984,0.86102,0.85965,0.86036,1762
2019-03-01T17:00:00,True,0.86038,0.86092,0.85994,0.86070,747
2019-03-01T18:00:00,True,0.86067,0.86118,0.86028,0.86098,539
2019-03-01T19:00:00,True,0.86100,0.86124,0.86059,0.86116,583
2019-03-01T20:00:00,True,0.86114,0.86230,0.86032,0.86082,1071
2019-03-01T21:00:00,True,0.86080,0.86088,0.85974,0.86054,784
2019-03-03T22:00:00,True,0.85926,0.85986,0.85876,0.85980,230
2019-03-03T23:00:00,True,0.85983,0.85997,0.85908,0.85934,371
2019-03-04T00:00:00,True,0.85931,0.85958,0.85880,0.85896,415
2019-03-04T01:00:00,True,0.85899,0.85930,0.85882,0.85886,237
2019-03-04T02:00:00,True,0.85884,0.85888,0.85848,0.85860,136
2019-03-04T03:00:00,True,0.85856,0.85892,0.85830,0.85846,178
2019-03-04T04:00:00,True,0.85848,0.85867,0.85846,0.85862,131
2019-03-04T05:00:00,True,0.85864,0.85905,0.85842,0.85890,160
2019-03-04T06:00:00,True,0.85890,0.85914,0.85868,0.85914,158
2019-03-04T07:00:00,True,0.85912,0.85938,0.85773,0.85794,870
2019-03-04T08:00:00,True,0.85792,0.85800,0.85648,0.85702,1947
2019-03-04T09:00:00,True,0.85699,0.85705,0.85580,0.85654,1342
2019-03-04T10:00:00,True,0.85657,0.85790,0.85647,0.85775,925
2019-03-04T11:00:00,True,0.85778,0.85910,0.85760,0.85890,1465
2019-03-04T12:00:00,True,0.85892,0.85972,0.85838,0.85850,1000
2019-03-04T13:00:00,True,0.85853,0.85881,0.85770,0.85868,978
2019-03-04T14:00:00,True,0.85870,0.85958,0.85844,0.85844,949
2019-03-04T15:00:00,True,0.85846,0.85957,0.85794,0.85950,1221
2019-03-04T16:00:00,True,0.85948,0.85982,0.85881,0.85920,1065
2019-03-04T17:00:00,True,0.85917,0.85970,0.85910,0.85965,540
2019-03-04T18:00:00,True,0.85962,0.86046,0.85940,0.85988,383
2019-03-04T19:00:00,True,0.85990,0.86043,0.85988,0.86032,358
2019-03-04T20:00:00,True,0.86030,0.86086,0.86020,0.86080,277
2019-03-04T21:00:00,True,0.86082,0.86084,0.86027,0.86042,224
2019-03-04T22:00:00,True,0.86062,0.86064,0.86024,0.86028,282
2019-03-04T23:00:00,True,0.86032,0.86038,0.86018,0.86024,176
2019-03-05T00:00:00,True,0.86026,0.86045,0.86014,0.86038,235
2019-03-05T01:00:00,True,0.86040,0.86052,0.86032,0.86044,173
2019-03-05T02:00:00,True,0.86046,0.86060,0.86034,0.86060,173
2019-03-05T03:00:00,True,0.86063,0.86124,0.86056,0.86124,235
2019-03-05T04:00:00,True,0.86127,0.86129,0.86080,0.86102,224
2019-03-05T05:00:00,True,0.86104,0.86112,0.86070,0.86080,151
2019-03-05T06:00:00,True,0.86080,0.86105,0.86061,0.86068,395
2019-03-05T07:00:00,True,0.86070,0.86082,0.85984,0.85999,815
2019-03-05T08:00:00,True,0.85997,0.85999,0.85895,0.85999,1589
2019-03-05T09:00:00,True,0.86002,0.86024,0.85856,0.85900,1263
2019-03-05T10:00:00,True,0.85902,0.86080,0.85882,0.86056,1001
2019-03-05T11:00:00,True,0.86054,0.86142,0.85989,0.86010,971
2019-03-05T12:00:00,True,0.86012,0.86370,0.85992,0.86300,1888
2019-03-05T13:00:00,True,0.86302,0.86457,0.86286,0.86380,2055
2019-03-05T14:00:00,True,0.86378,0.86386,0.86189,0.86196,1699
2019-03-05T15:00:00,True,0.86193,0.86233,0.86062,0.86222,2116
2019-03-05T16:00:00,True,0.86220,0.86228,0.85854,0.85986,2740
2019-03-05T17:00:00,True,0.85989,0.86013,0.85886,0.85897,611
2019-03-05T18:00:00,True,0.85895,0.85897,0.85770,0.85846,858
2019-03-05T19:00:00,True,0.85844,0.85846,0.85785,0.85822,417
2019-03-05T20:00:00,True,0.85824,0.85834,0.85806,0.85819,213
2019-03-05T21:00:00,True,0.85822,0.85822,0.85782,0.85808,250
2019-03-05T22:00:00,True,0.85812,0.85981,0.85785,0.85938,972
2019-03-05T23:00:00,True,0.85928,0.85947,0.85894,0.85940,364
2019-03-06T00:00:00,True,0.85942,0.85954,0.85914,0.85948,217
2019-03-06T01:00:00,True,0.85951,0.85960,0.85929,0.85948,122
2019-03-06T02:00:00,True,0.85951,0.85962,0.85908,0.85960,214
2019-03-06T03:00:00,True,0.85962,0.86028,0.85942,0.86000,200
2019-03-06T04:00:00,True,0.86002,0.86002,0.85960,0.85996,120
2019-03-06T05:00:00,True,0.85994,0.86019,0.85986,0.86004,151
2019-03-06T06:00:00,True,0.86001,0.86030,0.85994,0.86012,184
2019-03-06T07:00:00,True,0.86014,0.86084,0.85964,0.85998,839
2019-03-06T08:00:00,True,0.86000,0.86059,0.85956,0.85962,1026
2019-03-06T09:00:00,True,0.85966,0.86024,0.85928,0.85954,1034
2019-03-06T10:00:00,True,0.85957,0.86082,0.85949,0.85999,923
2019-03-06T11:00:00,True,0.85996,0.86056,0.85962,0.86008,980
2019-03-06T12:00:00,True,0.86005,0.86099,0.85948,0.85978,1063
2019-03-06T13:00:00,True,0.85980,0.86082,0.85910,0.86052,1987
2019-03-06T14:00:00,True,0.86054,0.86110,0.85968,0.85978,1371
2019-03-06T15:00:00,True,0.85981,0.86100,0.85865,0.86066,1752
2019-03-06T16:00:00,True,0.86064,0.86194,0.86038,0.86098,1414
2019-03-06T17:00:00,True,0.86096,0.86106,0.85878,0.85894,1094
2019-03-06T18:00:00,True,0.85892,0.85952,0.85886,0.85900,476
2019-03-06T19:00:00,True,0.85902,0.85906,0.85841,0.85847,344
2019-03-06T20:00:00,True,0.85850,0.85887,0.85836,0.85840,293
2019-03-06T21:00:00,True,0.85842,0.85888,0.85811,0.85846,342
2019-03-06T22:00:00,True,0.85850,0.85882,0.85828,0.85847,87
2019-03-06T23:00:00,True,0.85844,0.85896,0.85803,0.85832,240
2019-03-07T00:00:00,True,0.85829,0.85856,0.85806,0.85831,239
2019-03-07T01:00:00,True,0.85829,0.85841,0.85822,0.85829,101
2019-03-07T02:00:00,True,0.85827,0.85828,0.85755,0.85755,141
2019-03-07T03:00:00,True,0.85758,0.85779,0.85758,0.85770,100
2019-03-07T04:00:00,True,0.85768,0.85795,0.85766,0.85790,75
2019-03-07T05:00:00,True,0.85788,0.85790,0.85766,0.85774,91
2019-03-07T06:00:00,True,0.85777,0.85832,0.85770,0.85830,193
2019-03-07T07:00:00,True,0.85832,0.85924,0.85781,0.85868,631
2019-03-07T08:00:00,True,0.85866,0.85948,0.85856,0.85888,1071
2019-03-07T09:00:00,True,0.85890,0.86015,0.85835,0.85904,1555
2019-03-07T10:00:00,True,0.85906,0.86032,0.85894,0.85997,804
2019-03-07T11:00:00,True,0.85999,0.86150,0.85998,0.86074,1028
2019-03-07T12:00:00,True,0.86076,0.86247,0.85970,0.86010,2338
2019-03-07T13:00:00,True,0.86013,0.86026,0.85763,0.85838,2352
2019-03-07T14:00:00,True,0.85836,0.85838,0.85718,0.85748,1730
2019-03-07T15:00:00,True,0.85751,0.85803,0.85551,0.85623,1805
2019-03-07T16:00:00,True,0.85621,0.85742,0.85556,0.85570,1906
2019-03-07T17:00:00,True,0.85572,0.85614,0.85364,0.85502,1989
2019-03-07T18:00:00,True,0.85500,0.85722,0.85469,0.85685,905
2019-03-07T19:00:00,True,0.85682,0.85702,0.85510,0.85522,1281
2019-03-07T20:00:00,True,0.85524,0.85572,0.85501,0.85528,592
2019-03-07T21:00:00,True,0.85526,0.85579,0.85518,0.85554,322
2019-03-07T22:00:00,True,0.85542,0.85571,0.85514,0.85560,167
2019-03-07T23:00:00,True,0.85562,0.85572,0.85527,0.85544,186
2019-03-08T00:00:00,True,0.85542,0.85545,0.85488,0.85498,255
2019-03-08T01:00:00,True,0.85496,0.85514,0.85486,0.85496,252
2019-03-08T02:00:00,True,0.85493,0.85531,0.85486,0.85520,264
2019-03-08T03:00:00,True,0.85517,0.85547,0.85508,0.85508,216
2019-03-08T04:00:00,True,0.85510,0.85520,0.85482,0.85514,215
2019-03-08T05:00:00,True,0.85516,0.85585,0.85496,0.85578,175
2019-03-08T06:00:00,True,0.85576,0.85616,0.85564,0.85600,241
2019-03-08T07:00:00,True,0.85606,0.85662,0.85564,0.85658,1093
2019-03-08T08:00:00,True,0.85660,0.85664,0.85514,0.85595,1059
2019-03-08T09:00:00,True,0.85597,0.85685,0.85546,0.85673,1080
2019-03-08T10:00:00,True,0.85670,0.85758,0.85659,0.85723,857
2019-03-08T11:00:00,True,0.85720,0.85840,0.85718,0.85785,1094
2019-03-08T12:00:00,True,0.85787,0.85950,0.85787,0.85853,1026
2019-03-08T13:00:00,True,0.85855,0.85934,0.85799,0.85863,2040
2019-03-08T14:00:00,True,0.85866,0.86036,0.85846,0.85956,1439
2019-03-08T15:00:00,True,0.85954,0.86412,0.85852,0.86399,4626
2019-03-08T16:00:00,True,0.86396,0.86426,0.86174,0.86417,3331
2019-03-08T17:00:00,True,0.86419,0.86544,0.86386,0.86398,1899
2019-03-08T18:00:00,True,0.86395,0.86475,0.86390,0.86442,792
2019-03-08T19:00:00,True,0.86444,0.86460,0.86375,0.86386,440
2019-03-08T20:00:00,True,0.86384,0.86414,0.86317,0.86317,595
2019-03-08T21:00:00,True,0.86319,0.86326,0.86285,0.86312,596
2019-03-10T21:00:00,True,0.86600,0.86616,0.86483,0.86520,343
2019-03-10T22:00:00,True,0.86515,0.86536,0.86459,0.86524,384
2019-03-10T23:00:00,True,0.86522,0.86524,0.86480,0.86500,245
2019-03-11T00:00:00,True,0.86497,0.86620,0.86493,0.86586,362
2019-03-11T01:00:00,True,0.86584,0.86606,0.86542,0.86558,276
2019-03-11T02:00:00,True,0.86560,0.86628,0.86560,0.86600,214
2019-03-11T03:00:00,True,0.86602,0.86612,0.86570,0.86587,125
2019-03-11T04:00:00,True,0.86584,0.86588,0.86552,0.86554,150
2019-03-11T05:00:00,True,0.86556,0.86568,0.86528,0.86541,131
2019-03-11T06:00:00,True,0.86544,0.86592,0.86522,0.86542,205
2019-03-11T07:00:00,True,0.86540,0.86544,0.86428,0.86444,777
2019-03-11T08:00:00,True,0.86442,0.86552,0.86400,0.86514,1087
2019-03-11T09:00:00,True,0.86517,0.86762,0.86486,0.86710,1277
2019-03-11T10:00:00,True,0.86708,0.86728,0.86388,0.86550,1324
2019-03-11T11:00:00,True,0.86546,0.86610,0.86344,0.86358,2002
2019-03-11T12:00:00,True,0.86360,0.86360,0.86064,0.86116,2490
2019-03-11T13:00:00,True,0.86114,0.86242,0.85858,0.85930,3073
2019-03-11T14:00:00,True,0.85928,0.86077,0.85881,0.85942,2484
2019-03-11T15:00:00,True,0.85944,0.85987,0.85684,0.85719,1524
2019-03-11T16:00:00,True,0.85721,0.85808,0.85532,0.85550,2699
2019-03-11T17:00:00,True,0.85552,0.85585,0.85334,0.85523,2807
2019-03-11T18:00:00,True,0.85526,0.85553,0.85346,0.85468,1538
2019-03-11T19:00:00,True,0.85466,0.85636,0.85461,0.85623,1622
2019-03-11T20:00:00,True,0.85621,0.85625,0.85484,0.85510,469
2019-03-11T21:00:00,True,0.85514,0.85552,0.85263,0.85284,758
2019-03-11T22:00:00,True,0.85280,0.85362,0.84764,0.85110,4438
2019-03-11T23:00:00,True,0.85107,0.85119,0.84909,0.85005,762
2019-03-12T00:00:00,True,0.85007,0.85160,0.84992,0.85148,672
2019-03-12T01:00:00,True,0.85151,0.85226,0.85128,0.85198,186
2019-03-12T02:00:00,True,0.85194,0.85208,0.85171,0.85199,133
2019-03-12T03:00:00,True,0.85197,0.85230,0.85186,0.85210,133
2019-03-12T04:00:00,True,0.85208,0.85260,0.85204,0.85204,220
2019-03-12T05:00:00,True,0.85202,0.85222,0.85166,0.85219,224
2019-03-12T06:00:00,True,0.85221,0.85294,0.85214,0.85280,361
2019-03-12T07:00:00,True,0.85278,0.85289,0.85036,0.85190,1280
2019-03-12T08:00:00,True,0.85192,0.85383,0.85078,0.85330,2943
2019-03-12T09:00:00,True,0.85328,0.85558,0.85259,0.85373,2714
2019-03-12T10:00:00,True,0.85370,0.85778,0.85358,0.85648,2701
2019-03-12T11:00:00,True,0.85650,0.86542,0.85418,0.86186,8187
2019-03-12T12:00:00,True,0.86188,0.86357,0.86012,0.86177,4825
2019-03-12T13:00:00,True,0.86179,0.86303,0.85803,0.85806,3641
2019-03-12T14:00:00,True,0.85804,0.86022,0.85789,0.85880,2641
2019-03-12T15:00:00,True,0.85882,0.86111,0.85846,0.86090,2074
2019-03-12T16:00:00,True,0.86088,0.86393,0.86051,0.86363,1697
2019-03-12T17:00:00,True,0.86360,0.86520,0.86216,0.86366,1086
2019-03-12T18:00:00,True,0.86364,0.86490,0.86330,0.86340,1892
2019-03-12T19:00:00,True,0.86338,0.86527,0.85960,0.86392,5070
2019-03-12T20:00:00,True,0.86389,0.86529,0.86320,0.86348,607
2019-03-12T21:00:00,True,0.86318,0.86428,0.86318,0.86338,295
2019-03-12T22:00:00,True,0.86335,0.86364,0.86324,0.86324,176
2019-03-12T23:00:00,True,0.86326,0.86402,0.86322,0.86394,206
2019-03-13T00:00:00,True,0.86392,0.86402,0.86281,0.86348,274
2019-03-13T01:00:00,True,0.86346,0.86348,0.86237,0.86256,254
2019-03-13T02:00:00,True,0.86258,0.86267,0.86214,0.86216,153
2019-03-13T03:00:00,True,0.86218,0.86258,0.86218,0.86245,120
2019-03-13T04:00:00,True,0.86242,0.86244,0.86198,0.86227,171
2019-03-13T05:00:00,True,0.86225,0.86225,0.86162,0.86163,165
2019-03-13T06:00:00,True,0.86163,0.86227,0.86026,0.86126,519
2019-03-13T07:00:00,True,0.86124,0.86202,0.85805,0.85822,2233
2019-03-13T08:00:00,True,0.85819,0.85996,0.85791,0.85873,2238
2019-03-13T09:00:00,True,0.85875,0.86004,0.85819,0.85990,1130
2019-03-13T10:00:00,True,0.85992,0.86054,0.85824,0.85866,1574
2019-03-13T11:00:00,True,0.85864,0.85918,0.85706,0.85904,1673
2019-03-13T12:00:00,True,0.85906,0.85948,0.85756,0.85759,1394
2019-03-13T13:00:00,True,0.85762,0.85885,0.85704,0.85750,1637
2019-03-13T14:00:00,True,0.85748,0.85826,0.85720,0.85768,1104
2019-03-13T15:00:00,True,0.85765,0.85788,0.85489,0.85492,2793
2019-03-13T16:00:00,True,0.85490,0.85616,0.85476,0.85558,1778
2019-03-13T17:00:00,True,0.85555,0.85610,0.85474,0.85608,866
2019-03-13T18:00:00,True,0.85606,0.85720,0.85576,0.85700,876
2019-03-13T19:00:00,True,0.85702,0.85702,0.85362,0.85486,5211
2019-03-13T20:00:00,True,0.85488,0.85505,0.84726,0.84947,3216
2019-03-13T21:00:00,True,0.84952,0.85099,0.84952,0.85097,489
2019-03-13T22:00:00,True,0.85092,0.85190,0.85042,0.85185,311
2019-03-13T23:00:00,True,0.85182,0.85344,0.85175,0.85273,486
2019-03-14T00:00:00,True,0.85275,0.85382,0.85249,0.85273,495
2019-03-14T01:00:00,True,0.85275,0.85438,0.85275,0.85434,353
2019-03-14T02:00:00,True,0.85436,0.85446,0.85372,0.85410,345
2019-03-14T03:00:00,True,0.85408,0.85448,0.85374,0.85398,371
2019-03-14T04:00:00,True,0.85401,0.85498,0.85401,0.85483,381
2019-03-14T05:00:00,True,0.85480,0.85506,0.85423,0.85423,410
2019-03-14T06:00:00,True,0.85423,0.85454,0.85244,0.85309,778
2019-03-14T07:00:00,True,0.85311,0.85364,0.85214,0.85308,1442
2019-03-14T08:00:00,True,0.85306,0.85318,0.84991,0.85117,2811
2019-03-14T09:00:00,True,0.85114,0.85376,0.85103,0.85350,2769
2019-03-14T10:00:00,True,0.85347,0.85625,0.85304,0.85439,3235
2019-03-14T11:00:00,True,0.85441,0.85518,0.85324,0.85391,2077
2019-03-14T12:00:00,True,0.85388,0.85466,0.85074,0.85124,2429
2019-03-14T13:00:00,True,0.85126,0.85405,0.85094,0.85320,2177
2019-03-14T14:00:00,True,0.85318,0.85442,0.85300,0.85300,1431
2019-03-14T15:00:00,True,0.85297,0.85304,0.85102,0.85112,2319
2019-03-14T16:00:00,True,0.85114,0.85220,0.85073,0.85156,1225
2019-03-14T17:00:00,True,0.85154,0.85340,0.85103,0.85228,1683
2019-03-14T18:00:00,True,0.85226,0.85448,0.85082,0.85378,1821
2019-03-14T19:00:00,True,0.85380,0.85526,0.85380,0.85449,643
2019-03-14T20:00:00,True,0.85451,0.85476,0.85346,0.85372,363
2019-03-14T21:00:00,True,0.85390,0.85496,0.85254,0.85264,1002
2019-03-14T22:00:00,True,0.85262,0.85350,0.85236,0.85342,429
2019-03-14T23:00:00,True,0.85340,0.85345,0.85282,0.85284,245
2019-03-15T00:00:00,True,0.85286,0.85383,0.85286,0.85376,271
2019-03-15T01:00:00,True,0.85374,0.85474,0.85374,0.85447,291
2019-03-15T02:00:00,True,0.85445,0.85461,0.85418,0.85434,278
2019-03-15T03:00:00,True,0.85436,0.85492,0.85420,0.85471,364
2019-03-15T04:00:00,True,0.85474,0.85478,0.85436,0.85462,122
2019-03-15T05:00:00,True,0.85464,0.85510,0.85460,0.85508,106
2019-03-15T06:00:00,True,0.85511,0.85518,0.85429,0.85436,235
2019-03-15T07:00:00,True,0.85439,0.85748,0.85378,0.85646,1665
2019-03-15T08:00:00,True,0.85648,0.85708,0.85473,0.85490,1643
2019-03-15T09:00:00,True,0.85487,0.85511,0.85362,0.85378,1063
2019-03-15T10:00:00,True,0.85380,0.85424,0.85270,0.85397,1207
2019-03-15T11:00:00,True,0.85395,0.85439,0.85334,0.85337,977
2019-03-15T12:00:00,True,0.85339,0.85472,0.85339,0.85406,1488
2019-03-15T13:00:00,True,0.85404,0.85448,0.85304,0.85344,1802
2019-03-15T14:00:00,True,0.85346,0.85488,0.85314,0.85400,1389
2019-03-15T15:00:00,True,0.85398,0.85452,0.85282,0.85297,2476
2019-03-15T16:00:00,True,0.85300,0.85348,0.85092,0.85140,1610
2019-03-15T17:00:00,True,0.85142,0.85222,0.85114,0.85209,569
2019-03-15T18:00:00,True,0.85212,0.85261,0.85211,0.85218,499
2019-03-15T19:00:00,True,0.85220,0.85220,0.85146,0.85186,686
2019-03-15T20:00:00,True,0.85188,0.85272,0.85172,0.85200,983
2019-03-17T21:00:00,True,0.85140,0.85190,0.85138,0.85148,109
2019-03-17T22:00:00,True,0.85152,0.85216,0.85152,0.85216,83
2019-03-17T23:00:00,True,0.85214,0.85214,0.85108,0.85129,169
2019-03-18T00:00:00,True,0.85131,0.85192,0.85129,0.85181,184
2019-03-18T01:00:00,True,0.85183,0.85237,0.85183,0.85222,152
2019-03-18T02:00:00,True,0.85220,0.85260,0.85218,0.85244,143
2019-03-18T03:00:00,True,0.85242,0.85294,0.85234,0.85256,160
2019-03-18T04:00:00,True,0.85254,0.85324,0.85235,0.85312,175
2019-03-18T05:00:00,True,0.85310,0.85386,0.85290,0.85344,206
2019-03-18T06:00:00,True,0.85344,0.85436,0.85292,0.85405,481
2019-03-18T07:00:00,True,0.85402,0.85454,0.85344,0.85386,903
2019-03-18T08:00:00,True,0.85388,0.85593,0.85313,0.85537,1957
2019-03-18T09:00:00,True,0.85539,0.85724,0.85537,0.85642,1562
2019-03-18T10:00:00,True,0.85640,0.85799,0.85578,0.85648,1624
2019-03-18T11:00:00,True,0.85650,0.85690,0.85541,0.85633,1001
2019-03-18T12:00:00,True,0.85631,0.85740,0.85570,0.85682,1213
2019-03-18T13:00:00,True,0.85684,0.85789,0.85626,0.85789,1122
2019-03-18T14:00:00,True,0.85792,0.85799,0.85621,0.85684,1029
2019-03-18T15:00:00,True,0.85682,0.85948,0.85680,0.85762,3669
2019-03-18T16:00:00,True,0.85760,0.85778,0.85636,0.85654,1662
2019-03-18T17:00:00,True,0.85652,0.85688,0.85596,0.85598,670
2019-03-18T18:00:00,True,0.85600,0.85680,0.85526,0.85540,639
2019-03-18T19:00:00,True,0.85538,0.85606,0.85523,0.85541,513
2019-03-18T20:00:00,True,0.85544,0.85588,0.85541,0.85566,259
2019-03-18T21:00:00,True,0.85533,0.85583,0.85528,0.85574,130
2019-03-18T22:00:00,True,0.85570,0.85595,0.85556,0.85587,109
2019-03-18T23:00:00,True,0.85585,0.85585,0.85458,0.85463,292
2019-03-19T00:00:00,True,0.85465,0.85518,0.85422,0.85485,306
2019-03-19T01:00:00,True,0.85487,0.85522,0.85470,0.85473,267
2019-03-19T02:00:00,True,0.85470,0.85480,0.85422,0.85450,252
2019-03-19T03:00:00,True,0.85452,0.85488,0.85448,0.85470,149
2019-03-19T04:00:00,True,0.85472,0.85490,0.85448,0.85472,159
2019-03-19T05:00:00,True,0.85470,0.85531,0.85466,0.85486,204
2019-03-19T06:00:00,True,0.85486,0.85522,0.85468,0.85496,225
2019-03-19T07:00:00,True,0.85494,0.85594,0.85476,0.85507,629
2019-03-19T08:00:00,True,0.85505,0.85638,0.85482,0.85616,1041
2019-03-19T09:00:00,True,0.85614,0.85628,0.85490,0.85528,1247
2019-03-19T10:00:00,True,0.85532,0.85572,0.85380,0.85421,1336
2019-03-19T11:00:00,True,0.85423,0.85538,0.85336,0.85521,1681
2019-03-19T12:00:00,True,0.85519,0.85556,0.85451,0.85540,1245
2019-03-19T13:00:00,True,0.85538,0.85628,0.85508,0.85604,1402
2019-03-19T14:00:00,True,0.85606,0.85696,0.85548,0.85574,1841
2019-03-19T15:00:00,True,0.85572,0.85632,0.85543,0.85552,1372
2019-03-19T16:00:00,True,0.85550,0.85584,0.85454,0.85492,1429
2019-03-19T17:00:00,True,0.85490,0.85598,0.85462,0.85570,507
2019-03-19T18:00:00,True,0.85567,0.85576,0.85522,0.85561,349
2019-03-19T19:00:00,True,0.85558,0.85587,0.85510,0.85578,338
2019-03-19T20:00:00,True,0.85576,0.85580,0.85527,0.85562,314
2019-03-19T21:00:00,True,0.85580,0.85580,0.85522,0.85566,156
2019-03-19T22:00:00,True,0.85562,0.85582,0.85538,0.85576,238
2019-03-19T23:00:00,True,0.85574,0.85584,0.85542,0.85566,204
2019-03-20T00:00:00,True,0.85569,0.85622,0.85564,0.85612,240
2019-03-20T01:00:00,True,0.85610,0.85610,0.85569,0.85602,301
2019-03-20T02:00:00,True,0.85599,0.85606,0.85580,0.85588,110
2019-03-20T03:00:00,True,0.85586,0.85606,0.85578,0.85594,141
2019-03-20T04:00:00,True,0.85591,0.85597,0.85574,0.85597,104
2019-03-20T05:00:00,True,0.85599,0.85613,0.85592,0.85600,61
2019-03-20T06:00:00,True,0.85598,0.85654,0.85596,0.85646,328
2019-03-20T07:00:00,True,0.85648,0.85754,0.85619,0.85708,877
2019-03-20T08:00:00,True,0.85706,0.85854,0.85695,0.85798,1699
2019-03-20T09:00:00,True,0.85801,0.85887,0.85740,0.85816,1330
2019-03-20T10:00:00,True,0.85819,0.85878,0.85707,0.85724,1395
2019-03-20T11:00:00,True,0.85727,0.85925,0.85660,0.85898,1255
2019-03-20T12:00:00,True,0.85901,0.86393,0.85888,0.86350,2779
2019-03-20T13:00:00,True,0.86352,0.86356,0.86108,0.86172,2099
2019-03-20T14:00:00,True,0.86174,0.86259,0.86010,0.86094,2110
2019-03-20T15:00:00,True,0.86096,0.86164,0.85934,0.86062,2520
2019-03-20T16:00:00,True,0.86060,0.86168,0.85917,0.86085,1882
2019-03-20T17:00:00,True,0.86083,0.86258,0.86072,0.86188,1297
2019-03-20T18:00:00,True,0.86184,0.86418,0.86170,0.86404,3550
2019-03-20T19:00:00,True,0.86402,0.86662,0.86397,0.86600,1889
2019-03-20T20:00:00,True,0.86602,0.86616,0.86450,0.86510,891
2019-03-20T21:00:00,True,0.86498,0.86601,0.86490,0.86579,231
2019-03-20T22:00:00,True,0.86582,0.86636,0.86557,0.86557,336
2019-03-20T23:00:00,True,0.86559,0.86580,0.86518,0.86546,202
2019-03-21T00:00:00,True,0.86549,0.86549,0.86469,0.86486,452
2019-03-21T01:00:00,True,0.86483,0.86488,0.86442,0.86446,286
2019-03-21T02:00:00,True,0.86444,0.86449,0.86425,0.86440,183
2019-03-21T03:00:00,True,0.86438,0.86488,0.86432,0.86458,223
2019-03-21T04:00:00,True,0.86456,0.86515,0.86446,0.86461,274
2019-03-21T05:00:00,True,0.86459,0.86459,0.86415,0.86444,194
2019-03-21T06:00:00,True,0.86447,0.86454,0.86376,0.86416,318
2019-03-21T07:00:00,True,0.86414,0.86640,0.86382,0.86599,984
2019-03-21T08:00:00,True,0.86597,0.86673,0.86494,0.86603,2153
2019-03-21T09:00:00,True,0.86606,0.86650,0.86523,0.86595,1451
2019-03-21T10:00:00,True,0.86597,0.86838,0.86563,0.86717,1889
2019-03-21T11:00:00,True,0.86720,0.86882,0.86708,0.86850,1672
2019-03-21T12:00:00,True,0.86855,0.86894,0.86620,0.86721,2194
2019-03-21T13:00:00,True,0.86724,0.86730,0.86476,0.86526,2025
2019-03-21T14:00:00,True,0.86524,0.86766,0.86459,0.86735,2117
2019-03-21T15:00:00,True,0.86733,0.86969,0.86706,0.86901,3048
2019-03-21T16:00:00,True,0.86899,0.87230,0.86888,0.87004,3542
2019-03-21T17:00:00,True,0.87002,0.87038,0.86896,0.86922,1222
2019-03-21T18:00:00,True,0.86920,0.87001,0.86766,0.86833,3235
2019-03-21T19:00:00,True,0.86836,0.86907,0.86724,0.86788,2004
2019-03-21T20:00:00,True,0.86786,0.86828,0.86707,0.86762,1324
2019-03-21T21:00:00,True,0.86802,0.86838,0.86612,0.86734,861
2019-03-21T22:00:00,True,0.86730,0.86737,0.86628,0.86693,359
2019-03-21T23:00:00,True,0.86695,0.86712,0.86617,0.86628,278
2019-03-22T00:00:00,True,0.86630,0.86654,0.86598,0.86630,420
2019-03-22T01:00:00,True,0.86632,0.86638,0.86571,0.86606,290
2019-03-22T02:00:00,True,0.86608,0.86611,0.86540,0.86558,235
2019-03-22T03:00:00,True,0.86556,0.86580,0.86550,0.86565,145
2019-03-22T04:00:00,True,0.86568,0.86630,0.86567,0.86628,182
2019-03-22T05:00:00,True,0.86630,0.86647,0.86563,0.86570,194
2019-03-22T06:00:00,True,0.86570,0.86592,0.86498,0.86585,451
2019-03-22T07:00:00,True,0.86588,0.86714,0.86564,0.86646,1003
2019-03-22T08:00:00,True,0.86644,0.86653,0.86136,0.86240,3287
2019-03-22T09:00:00,True,0.86235,0.86418,0.86210,0.86300,2439
2019-03-22T10:00:00,True,0.86302,0.86312,0.85976,0.85996,2063
2019-03-22T11:00:00,True,0.85993,0.86016,0.85896,0.85961,1784
2019-03-22T12:00:00,True,0.85958,0.85970,0.85812,0.85912,1776
2019-03-22T13:00:00,True,0.85914,0.85946,0.85676,0.85752,2094
2019-03-22T14:00:00,True,0.85754,0.85786,0.85531,0.85543,2480
2019-03-22T15:00:00,True,0.85545,0.85592,0.85346,0.85348,2431
2019-03-22T16:00:00,True,0.85350,0.85606,0.85330,0.85560,1997
2019-03-22T17:00:00,True,0.85558,0.85652,0.85473,0.85574,1000
2019-03-22T18:00:00,True,0.85572,0.85586,0.85482,0.85503,656
2019-03-22T19:00:00,True,0.85505,0.85622,0.85476,0.85590,672
2019-03-22T20:00:00,True,0.85588,0.85618,0.85528,0.85562,694
2019-03-24T21:00:00,True,0.85458,0.85590,0.85446,0.85488,336
2019-03-24T22:00:00,True,0.85486,0.85561,0.85476,0.85508,332
2019-03-24T23:00:00,True,0.85506,0.85539,0.85470,0.85539,196
2019-03-25T00:00:00,True,0.85536,0.85640,0.85532,0.85633,443
2019-03-25T01:00:00,True,0.85630,0.85638,0.85605,0.85632,244
2019-03-25T02:00:00,True,0.85634,0.85638,0.85594,0.85604,189
2019-03-25T03:00:00,True,0.85602,0.85641,0.85594,0.85641,188
2019-03-25T04:00:00,True,0.85639,0.85660,0.85634,0.85654,128
2019-03-25T05:00:00,True,0.85651,0.85687,0.85630,0.85663,222
2019-03-25T06:00:00,True,0.85666,0.85833,0.85658,0.85795,475
2019-03-25T07:00:00,True,0.85792,0.85924,0.85703,0.85760,1261
2019-03-25T08:00:00,True,0.85758,0.85773,0.85572,0.85594,1902
2019-03-25T09:00:00,True,0.85590,0.85926,0.85590,0.85918,1414
2019-03-25T10:00:00,True,0.85920,0.85984,0.85844,0.85848,1155
2019-03-25T11:00:00,True,0.85850,0.85888,0.85739,0.85746,1039
2019-03-25T12:00:00,True,0.85749,0.85796,0.85470,0.85576,3087
2019-03-25T13:00:00,True,0.85573,0.85788,0.85468,0.85588,3005
2019-03-25T14:00:00,True,0.85585,0.85748,0.85458,0.85734,2363
2019-03-25T15:00:00,True,0.85732,0.85784,0.85566,0.85784,2426
2019-03-25T16:00:00,True,0.85786,0.85931,0.85754,0.85837,1825
2019-03-25T17:00:00,True,0.85835,0.85914,0.85829,0.85842,793
2019-03-25T18:00:00,True,0.85840,0.85922,0.85806,0.85825,927
2019-03-25T19:00:00,True,0.85822,0.85832,0.85695,0.85741,689
2019-03-25T20:00:00,True,0.85744,0.85744,0.85705,0.85708,231
2019-03-25T21:00:00,True,0.85682,0.85796,0.85666,0.85748,810
2019-03-25T22:00:00,True,0.85752,0.85785,0.85598,0.85653,812
2019-03-25T23:00:00,True,0.85651,0.85696,0.85604,0.85642,160
2019-03-26T00:00:00,True,0.85644,0.85759,0.85644,0.85744,292
2019-03-26T01:00:00,True,0.85741,0.85772,0.85706,0.85712,194
2019-03-26T02:00:00,True,0.85710,0.85774,0.85703,0.85772,201
2019-03-26T03:00:00,True,0.85770,0.85770,0.85729,0.85734,126
2019-03-26T04:00:00,True,0.85731,0.85809,0.85729,0.85787,219
2019-03-26T05:00:00,True,0.85789,0.85796,0.85761,0.85790,219
2019-03-26T06:00:00,True,0.85790,0.85804,0.85674,0.85676,339
2019-03-26T07:00:00,True,0.85678,0.85698,0.85573,0.85658,1142
2019-03-26T08:00:00,True,0.85660,0.85794,0.85660,0.85740,1572
2019-03-26T09:00:00,True,0.85737,0.85958,0.85670,0.85718,1941
2019-03-26T10:00:00,True,0.85720,0.85792,0.85418,0.85583,2504
2019-03-26T11:00:00,True,0.85580,0.85629,0.85384,0.85416,1914
2019-03-26T12:00:00,True,0.85414,0.85475,0.85224,0.85238,2123
2019-03-26T13:00:00,True,0.85241,0.85397,0.85193,0.85362,1946
2019-03-26T14:00:00,True,0.85366,0.85526,0.85294,0.85374,1887
2019-03-26T15:00:00,True,0.85372,0.85426,0.85328,0.85354,1672
2019-03-26T16:00:00,True,0.85356,0.85477,0.85353,0.85395,1367
2019-03-26T17:00:00,True,0.85392,0.85453,0.85330,0.85342,901
2019-03-26T18:00:00,True,0.85345,0.85354,0.85236,0.85314,810
2019-03-26T19:00:00,True,0.85316,0.85386,0.85296,0.85368,879
2019-03-26T20:00:00,True,0.85370,0.85384,0.85288,0.85332,564
2019-03-26T21:00:00,True,0.85326,0.85348,0.85264,0.85344,202
2019-03-26T22:00:00,True,0.85341,0.85373,0.85316,0.85372,196
2019-03-26T23:00:00,True,0.85370,0.85370,0.85337,0.85344,64
2019-03-27T00:00:00,True,0.85346,0.85366,0.85262,0.85316,313
2019-03-27T01:00:00,True,0.85318,0.85414,0.85306,0.85378,355
2019-03-27T02:00:00,True,0.85376,0.85398,0.85351,0.85351,293
2019-03-27T03:00:00,True,0.85348,0.85406,0.85344,0.85384,143
2019-03-27T04:00:00,True,0.85382,0.85395,0.85340,0.85390,194
2019-03-27T05:00:00,True,0.85392,0.85409,0.85358,0.85390,167
2019-03-27T06:00:00,True,0.85388,0.85440,0.85370,0.85424,386
2019-03-27T07:00:00,True,0.85422,0.85487,0.85324,0.85338,1156
2019-03-27T08:00:00,True,0.85341,0.85509,0.85293,0.85446,1881
2019-03-27T09:00:00,True,0.85444,0.85474,0.85360,0.85415,1412
2019-03-27T10:00:00,True,0.85417,0.85490,0.85361,0.85374,1378
2019-03-27T11:00:00,True,0.85372,0.85389,0.85248,0.85280,2106
2019-03-27T12:00:00,True,0.85282,0.85348,0.85111,0.85134,2047
2019-03-27T13:00:00,True,0.85137,0.85161,0.85008,0.85144,2320
2019-03-27T14:00:00,True,0.85147,0.85257,0.85130,0.85256,1937
2019-03-27T15:00:00,True,0.85254,0.85344,0.85011,0.85288,3620
2019-03-27T16:00:00,True,0.85286,0.85314,0.85038,0.85118,2633
2019-03-27T17:00:00,True,0.85120,0.85178,0.84999,0.85136,2328
2019-03-27T18:00:00,True,0.85134,0.85176,0.84876,0.84924,1744
2019-03-27T19:00:00,True,0.84926,0.84966,0.84848,0.84912,1069
2019-03-27T20:00:00,True,0.84910,0.85256,0.84838,0.85222,1490
2019-03-27T21:00:00,True,0.85260,0.85524,0.85150,0.85503,901
2019-03-27T22:00:00,True,0.85499,0.85534,0.85320,0.85519,1036
2019-03-27T23:00:00,True,0.85516,0.85600,0.85469,0.85554,399
2019-03-28T00:00:00,True,0.85557,0.85562,0.85308,0.85336,603
2019-03-28T01:00:00,True,0.85338,0.85378,0.85318,0.85322,304
2019-03-28T02:00:00,True,0.85324,0.85382,0.85318,0.85358,238
2019-03-28T03:00:00,True,0.85356,0.85382,0.85314,0.85325,200
2019-03-28T04:00:00,True,0.85323,0.85328,0.85292,0.85302,177
2019-03-28T05:00:00,True,0.85304,0.85324,0.85274,0.85320,194
2019-03-28T06:00:00,True,0.85320,0.85365,0.85308,0.85340,260
2019-03-28T07:00:00,True,0.85342,0.85510,0.85320,0.85382,1311
2019-03-28T08:00:00,True,0.85378,0.85598,0.85361,0.85560,2621
2019-03-28T09:00:00,True,0.85558,0.85724,0.85509,0.85674,1672
2019-03-28T10:00:00,True,0.85672,0.85724,0.85484,0.85488,1700
2019-03-28T11:00:00,True,0.85490,0.85693,0.85422,0.85548,2596
2019-03-28T12:00:00,True,0.85550,0.85640,0.85338,0.85530,2446
2019-03-28T13:00:00,True,0.85532,0.85812,0.85519,0.85795,2087
2019-03-28T14:00:00,True,0.85797,0.85826,0.85656,0.85798,2179
2019-03-28T15:00:00,True,0.85796,0.85894,0.85730,0.85846,2073
2019-03-28T16:00:00,True,0.85848,0.86090,0.85788,0.85988,2381
2019-03-28T17:00:00,True,0.85984,0.86073,0.85789,0.85956,2321
2019-03-28T18:00:00,True,0.85958,0.86074,0.85944,0.85970,922
2019-03-28T19:00:00,True,0.85972,0.86046,0.85937,0.85954,638
2019-03-28T20:00:00,True,0.85956,0.86070,0.85941,0.86038,553
2019-03-28T21:00:00,True,0.85984,0.86074,0.85954,0.86040,239
2019-03-28T22:00:00,True,0.86043,0.86062,0.86003,0.86003,302
2019-03-28T23:00:00,True,0.86006,0.86030,0.85990,0.86029,119
2019-03-29T00:00:00,True,0.86027,0.86028,0.85900,0.86008,447
2019-03-29T01:00:00,True,0.86010,0.86022,0.85905,0.85924,307
2019-03-29T02:00:00,True,0.85926,0.85958,0.85900,0.85914,232
2019-03-29T03:00:00,True,0.85917,0.85948,0.85905,0.85948,120
2019-03-29T04:00:00,True,0.85946,0.85946,0.85902,0.85916,202
2019-03-29T05:00:00,True,0.85914,0.85948,0.85910,0.85942,215
2019-03-29T06:00:00,True,0.85942,0.85970,0.85863,0.85918,435
2019-03-29T07:00:00,True,0.85916,0.86216,0.85867,0.86214,1249
2019-03-29T08:00:00,True,0.86216,0.86298,0.86052,0.86226,2524
2019-03-29T09:00:00,True,0.86228,0.86280,0.86080,0.86097,1978
2019-03-29T10:00:00,True,0.86095,0.86158,0.85730,0.85834,4067
2019-03-29T11:00:00,True,0.85832,0.85846,0.85512,0.85692,4070
2019-03-29T12:00:00,True,0.85694,0.85818,0.85646,0.85782,2158
2019-03-29T13:00:00,True,0.85780,0.85978,0.85768,0.85886,1958
2019-03-29T14:00:00,True,0.85884,0.86493,0.85882,0.86365,4853
2019-03-29T15:00:00,True,0.86368,0.86444,0.86062,0.86171,4590
2019-03-29T16:00:00,True,0.86169,0.86318,0.86066,0.86309,2373
2019-03-29T17:00:00,True,0.86307,0.86365,0.86224,0.86365,1211
2019-03-29T18:00:00,True,0.86362,0.86398,0.86198,0.86244,1143
2019-03-29T19:00:00,True,0.86242,0.86253,0.86123,0.86138,751
2019-03-29T20:00:00,True,0.86136,0.86172,0.86054,0.86064,957
2019-03-31T21:00:00,True,0.86118,0.86188,0.86076,0.86154,224
2019-03-31T22:00:00,True,0.86148,0.86226,0.86110,0.86194,545
2019-03-31T23:00:00,True,0.86192,0.86207,0.86161,0.86194,308
2019-04-01T00:00:00,True,0.86196,0.86270,0.86188,0.86246,476
2019-04-01T01:00:00,True,0.86249,0.86263,0.86178,0.86209,383
2019-04-01T02:00:00,True,0.86207,0.86216,0.86165,0.86188,310
2019-04-01T03:00:00,True,0.86186,0.86210,0.86158,0.86168,218
2019-04-01T04:00:00,True,0.86170,0.86185,0.86127,0.86127,260
2019-04-01T05:00:00,True,0.86129,0.86137,0.86018,0.86070,576
2019-04-01T06:00:00,True,0.86073,0.86073,0.85876,0.85944,1559
2019-04-01T07:00:00,True,0.85941,0.86042,0.85930,0.86026,1811
2019-04-01T08:00:00,True,0.86023,0.86056,0.85901,0.85922,1921
2019-04-01T09:00:00,True,0.85918,0.85965,0.85772,0.85798,1322
2019-04-01T10:00:00,True,0.85796,0.85848,0.85692,0.85701,1514
2019-04-01T11:00:00,True,0.85704,0.85754,0.85614,0.85636,1429
2019-04-01T12:00:00,True,0.85634,0.85738,0.85609,0.85662,1485
2019-04-01T13:00:00,True,0.85664,0.85751,0.85628,0.85684,1194
2019-04-01T14:00:00,True,0.85680,0.85731,0.85336,0.85390,2539
2019-04-01T15:00:00,True,0.85393,0.85507,0.85287,0.85292,1454
2019-04-01T16:00:00,True,0.85290,0.85430,0.85254,0.85417,818
2019-04-01T17:00:00,True,0.85419,0.85419,0.85329,0.85356,446
2019-04-01T18:00:00,True,0.85352,0.85436,0.85332,0.85418,590
2019-04-01T19:00:00,True,0.85420,0.85500,0.85391,0.85462,515
2019-04-01T20:00:00,True,0.85464,0.85556,0.85451,0.85550,470
2019-04-01T21:00:00,True,0.85564,0.85977,0.85542,0.85814,819
2019-04-01T22:00:00,True,0.85817,0.85822,0.85654,0.85682,501
2019-04-01T23:00:00,True,0.85680,0.85756,0.85680,0.85748,169
2019-04-02T00:00:00,True,0.85746,0.85802,0.85726,0.85731,231
2019-04-02T01:00:00,True,0.85729,0.85782,0.85708,0.85768,342
2019-04-02T02:00:00,True,0.85765,0.85776,0.85704,0.85717,219
2019-04-02T03:00:00,True,0.85714,0.85734,0.85690,0.85705,344
2019-04-02T04:00:00,True,0.85703,0.85731,0.85692,0.85731,262
2019-04-02T05:00:00,True,0.85734,0.85756,0.85663,0.85754,393
2019-04-02T06:00:00,True,0.85752,0.85908,0.85750,0.85810,1524
2019-04-02T07:00:00,True,0.85812,0.85942,0.85804,0.85818,2023
2019-04-02T08:00:00,True,0.85816,0.85900,0.85712,0.85859,1696
2019-04-02T09:00:00,True,0.85856,0.85886,0.85685,0.85866,1543
2019-04-02T10:00:00,True,0.85863,0.85899,0.85730,0.85760,1202
2019-04-02T11:00:00,True,0.85758,0.86078,0.85758,0.86058,1881
2019-04-02T12:00:00,True,0.86056,0.86080,0.85966,0.85985,1441
2019-04-02T13:00:00,True,0.85982,0.86000,0.85807,0.85826,1763
2019-04-02T14:00:00,True,0.85829,0.85922,0.85730,0.85878,2162
2019-04-02T15:00:00,True,0.85876,0.85894,0.85804,0.85827,1283
2019-04-02T16:00:00,True,0.85825,0.85888,0.85583,0.85626,1701
2019-04-02T17:00:00,True,0.85628,0.85660,0.85314,0.85388,4687
2019-04-02T18:00:00,True,0.85386,0.85416,0.85308,0.85388,953
2019-04-02T19:00:00,True,0.85390,0.85397,0.85303,0.85307,453
2019-04-02T20:00:00,True,0.85309,0.85321,0.85190,0.85292,569
2019-04-02T21:00:00,True,0.85305,0.85339,0.85258,0.85320,234
2019-04-02T22:00:00,True,0.85316,0.85348,0.85246,0.85348,232
2019-04-02T23:00:00,True,0.85345,0.85359,0.85307,0.85348,108
2019-04-03T00:00:00,True,0.85352,0.85454,0.85314,0.85423,551
2019-04-03T01:00:00,True,0.85421,0.85477,0.85404,0.85444,474
2019-04-03T02:00:00,True,0.85446,0.85448,0.85368,0.85388,279
2019-04-03T03:00:00,True,0.85386,0.85424,0.85384,0.85415,132
2019-04-03T04:00:00,True,0.85412,0.85460,0.85390,0.85395,176
2019-04-03T05:00:00,True,0.85392,0.85452,0.85382,0.85424,163
2019-04-03T06:00:00,True,0.85422,0.85434,0.85130,0.85144,1603
2019-04-03T07:00:00,True,0.85147,0.85246,0.85026,0.85212,2679
2019-04-03T08:00:00,True,0.85210,0.85457,0.85172,0.85359,2541
2019-04-03T09:00:00,True,0.85356,0.85430,0.85289,0.85328,1288
2019-04-03T10:00:00,True,0.85325,0.85400,0.85308,0.85364,900
2019-04-03T11:00:00,True,0.85362,0.85501,0.85349,0.85415,1014
2019-04-03T12:00:00,True,0.85418,0.85430,0.85255,0.85315,1359
2019-04-03T13:00:00,True,0.85313,0.85585,0.85304,0.85538,1605
2019-04-03T14:00:00,True,0.85542,0.85560,0.85318,0.85336,1899
2019-04-03T15:00:00,True,0.85334,0.85497,0.85256,0.85278,2019
2019-04-03T16:00:00,True,0.85280,0.85480,0.85280,0.85382,1494
2019-04-03T17:00:00,True,0.85385,0.85505,0.85342,0.85486,869
2019-04-03T18:00:00,True,0.85484,0.85550,0.85377,0.85433,730
2019-04-03T19:00:00,True,0.85436,0.85452,0.85358,0.85362,344
2019-04-03T20:00:00,True,0.85364,0.85420,0.85356,0.85368,278
2019-04-03T21:00:00,True,0.85348,0.85425,0.85324,0.85407,192
2019-04-03T22:00:00,True,0.85403,0.85408,0.85286,0.85324,303
2019-04-03T23:00:00,True,0.85322,0.85375,0.85302,0.85344,235
2019-04-04T00:00:00,True,0.85341,0.85341,0.85314,0.85331,139
2019-04-04T01:00:00,True,0.85328,0.85367,0.85326,0.85332,129
2019-04-04T02:00:00,True,0.85330,0.85345,0.85290,0.85294,171
2019-04-04T03:00:00,True,0.85292,0.85356,0.85288,0.85351,213
2019-04-04T04:00:00,True,0.85348,0.85361,0.85341,0.85356,370
2019-04-04T05:00:00,True,0.85354,0.85356,0.85288,0.85312,256
2019-04-04T06:00:00,True,0.85316,0.85321,0.85204,0.85216,1196
2019-04-04T07:00:00,True,0.85214,0.85318,0.85184,0.85239,1755
2019-04-04T08:00:00,True,0.85241,0.85376,0.85223,0.85327,1416
2019-04-04T09:00:00,True,0.85324,0.85458,0.85309,0.85333,1671
2019-04-04T10:00:00,True,0.85335,0.85418,0.85289,0.85400,1594
2019-04-04T11:00:00,True,0.85403,0.85486,0.85392,0.85457,1421
2019-04-04T12:00:00,True,0.85460,0.85476,0.85376,0.85451,1261
2019-04-04T13:00:00,True,0.85449,0.85585,0.85440,0.85517,2044
2019-04-04T14:00:00,True,0.85514,0.85756,0.85478,0.85732,1981
2019-04-04T15:00:00,True,0.85734,0.85876,0.85723,0.85810,1995
2019-04-04T16:00:00,True,0.85812,0.85862,0.85706,0.85758,1011
2019-04-04T17:00:00,True,0.85761,0.85863,0.85750,0.85838,741
2019-04-04T18:00:00,True,0.85836,0.85932,0.85834,0.85900,446
2019-04-04T19:00:00,True,0.85897,0.85897,0.85766,0.85795,618
2019-04-04T20:00:00,True,0.85797,0.85852,0.85790,0.85824,244
2019-04-04T21:00:00,True,0.85808,0.85852,0.85808,0.85852,82
2019-04-04T22:00:00,True,0.85850,0.85857,0.85818,0.85846,165
2019-04-04T23:00:00,True,0.85842,0.85866,0.85835,0.85842,150
2019-04-05T00:00:00,True,0.85844,0.85868,0.85788,0.85808,337
2019-04-05T01:00:00,True,0.85810,0.85839,0.85794,0.85828,122
2019-04-05T02:00:00,True,0.85826,0.85848,0.85806,0.85815,112
2019-04-05T03:00:00,True,0.85812,0.85812,0.85738,0.85742,170
2019-04-05T04:00:00,True,0.85744,0.85761,0.85696,0.85733,256
2019-04-05T05:00:00,True,0.85730,0.85752,0.85571,0.85630,773
2019-04-05T06:00:00,True,0.85632,0.85802,0.85615,0.85791,1004
2019-04-05T07:00:00,True,0.85794,0.85794,0.85652,0.85750,1461
2019-04-05T08:00:00,True,0.85752,0.85848,0.85716,0.85846,1725
2019-04-05T09:00:00,True,0.85848,0.85886,0.85801,0.85839,1489
2019-04-05T10:00:00,True,0.85836,0.85948,0.85811,0.85932,1024
2019-04-05T11:00:00,True,0.85934,0.85993,0.85896,0.85908,1011
2019-04-05T12:00:00,True,0.85910,0.86155,0.85900,0.86116,3037
2019-04-05T13:00:00,True,0.86118,0.86234,0.86064,0.86209,1874
2019-04-05T14:00:00,True,0.86206,0.86279,0.86104,0.86268,1829
2019-04-05T15:00:00,True,0.86266,0.86276,0.86140,0.86229,1262
2019-04-05T16:00:00,True,0.86227,0.86372,0.86128,0.86167,1422
2019-04-05T17:00:00,True,0.86170,0.86186,0.86038,0.86048,623
2019-04-05T18:00:00,True,0.86050,0.86111,0.86040,0.86098,518
2019-04-05T19:00:00,True,0.86096,0.86129,0.86038,0.86060,489
2019-04-05T20:00:00,True,0.86064,0.86100,0.86026,0.86042,401
2019-04-07T21:00:00,True,0.86030,0.86100,0.85998,0.86042,328
2019-04-07T22:00:00,True,0.86036,0.86088,0.86036,0.86056,122
2019-04-07T23:00:00,True,0.86058,0.86059,0.86040,0.86040,75
2019-04-08T00:00:00,True,0.86042,0.86074,0.85960,0.85972,364
2019-04-08T01:00:00,True,0.85970,0.86030,0.85970,0.85995,232
2019-04-08T02:00:00,True,0.85998,0.86018,0.85937,0.85984,265
2019-04-08T03:00:00,True,0.85982,0.85986,0.85910,0.85938,398
2019-04-08T04:00:00,True,0.85940,0.85960,0.85907,0.85955,234
2019-04-08T05:00:00,True,0.85953,0.85968,0.85908,0.85956,307
2019-04-08T06:00:00,True,0.85958,0.86009,0.85946,0.85991,789
2019-04-08T07:00:00,True,0.85988,0.86073,0.85923,0.85992,1654
2019-04-08T08:00:00,True,0.85990,0.86052,0.85942,0.86046,1171
2019-04-08T09:00:00,True,0.86044,0.86126,0.85992,0.86046,1199
2019-04-08T10:00:00,True,0.86044,0.86185,0.86039,0.86124,1113
2019-04-08T11:00:00,True,0.86126,0.86198,0.86119,0.86195,1246
2019-04-08T12:00:00,True,0.86192,0.86258,0.86172,0.86232,967
2019-04-08T13:00:00,True,0.86234,0.86454,0.86231,0.86404,1699
2019-04-08T14:00:00,True,0.86402,0.86402,0.86288,0.86312,1174
2019-04-08T15:00:00,True,0.86310,0.86392,0.86276,0.86318,940
2019-04-08T16:00:00,True,0.86320,0.86320,0.86228,0.86277,579
2019-04-08T17:00:00,True,0.86280,0.86280,0.86168,0.86170,412
2019-04-08T18:00:00,True,0.86168,0.86200,0.86148,0.86190,383
2019-04-08T19:00:00,True,0.86188,0.86235,0.86176,0.86218,337
2019-04-08T20:00:00,True,0.86215,0.86234,0.86179,0.86200,196
2019-04-08T21:00:00,True,0.86194,0.86252,0.86168,0.86193,295
2019-04-08T22:00:00,True,0.86190,0.86231,0.86181,0.86186,248
2019-04-08T23:00:00,True,0.86188,0.86204,0.86166,0.86175,240
2019-04-09T00:00:00,True,0.86177,0.86200,0.86174,0.86192,233
2019-04-09T01:00:00,True,0.86190,0.86197,0.86159,0.86166,195
2019-04-09T02:00:00,True,0.86168,0.86170,0.86132,0.86150,216
2019-04-09T03:00:00,True,0.86153,0.86162,0.86128,0.86152,155
2019-04-09T04:00:00,True,0.86150,0.86178,0.86150,0.86165,133
2019-04-09T05:00:00,True,0.86163,0.86170,0.86019,0.86028,350
2019-04-09T06:00:00,True,0.86030,0.86169,0.86029,0.86082,957
2019-04-09T07:00:00,True,0.86084,0.86207,0.86048,0.86202,1553
2019-04-09T08:00:00,True,0.86200,0.86259,0.85939,0.86042,3019
2019-04-09T09:00:00,True,0.86045,0.86245,0.86004,0.86130,2298
2019-04-09T10:00:00,True,0.86132,0.86264,0.86116,0.86178,1627
2019-04-09T11:00:00,True,0.86180,0.86360,0.86168,0.86342,1326
2019-04-09T12:00:00,True,0.86344,0.86440,0.86226,0.86384,2001
2019-04-09T13:00:00,True,0.86387,0.86418,0.86330,0.86374,1670
2019-04-09T14:00:00,True,0.86376,0.86443,0.86322,0.86408,1489
2019-04-09T15:00:00,True,0.86406,0.86520,0.86311,0.86438,1395
2019-04-09T16:00:00,True,0.86435,0.86502,0.86435,0.86462,568
2019-04-09T17:00:00,True,0.86464,0.86464,0.86402,0.86415,426
2019-04-09T18:00:00,True,0.86418,0.86449,0.86374,0.86376,283
2019-04-09T19:00:00,True,0.86378,0.86386,0.86251,0.86297,763
2019-04-09T20:00:00,True,0.86300,0.86307,0.86253,0.86300,306
2019-04-09T21:00:00,True,0.86290,0.86345,0.86259,0.86280,117
2019-04-09T22:00:00,True,0.86282,0.86304,0.86264,0.86291,131
2019-04-09T23:00:00,True,0.86289,0.86297,0.86276,0.86294,68
2019-04-10T00:00:00,True,0.86291,0.86324,0.86272,0.86277,193
2019-04-10T01:00:00,True,0.86274,0.86291,0.86238,0.86245,145
2019-04-10T02:00:00,True,0.86247,0.86268,0.86246,0.86260,139
2019-04-10T03:00:00,True,0.86258,0.86263,0.86232,0.86256,149
2019-04-10T04:00:00,True,0.86254,0.86259,0.86209,0.86239,217
2019-04-10T05:00:00,True,0.86236,0.86236,0.86137,0.86182,402
2019-04-10T06:00:00,True,0.86184,0.86246,0.86181,0.86198,696
2019-04-10T07:00:00,True,0.86196,0.86317,0.86176,0.86197,1538
2019-04-10T08:00:00,True,0.86194,0.86260,0.86120,0.86257,1400
2019-04-10T09:00:00,True,0.86255,0.86268,0.86212,0.86246,915
2019-04-10T10:00:00,True,0.86243,0.86260,0.86176,0.86188,855
2019-04-10T11:00:00,True,0.86186,0.86202,0.86086,0.86180,1067
2019-04-10T12:00:00,True,0.86182,0.86198,0.86030,0.86086,2225
2019-04-10T13:00:00,True,0.86088,0.86102,0.85929,0.86008,1899
2019-04-10T14:00:00,True,0.86010,0.86116,0.85913,0.85952,1741
2019-04-10T15:00:00,True,0.85954,0.86102,0.85954,0.86013,1109
2019-04-10T16:00:00,True,0.86016,0.86054,0.85960,0.85990,745
2019-04-10T17:00:00,True,0.85992,0.86004,0.85943,0.85974,660
2019-04-10T18:00:00,True,0.85970,0.86154,0.85945,0.86152,994
2019-04-10T19:00:00,True,0.86150,0.86162,0.86066,0.86095,517
2019-04-10T20:00:00,True,0.86097,0.86148,0.86090,0.86126,310
2019-04-10T21:00:00,True,0.86136,0.86179,0.86082,0.86158,179
2019-04-10T22:00:00,True,0.86156,0.86171,0.86088,0.86150,213
2019-04-10T23:00:00,True,0.86152,0.86155,0.86088,0.86093,126
2019-04-11T00:00:00,True,0.86095,0.86160,0.86076,0.86097,331
2019-04-11T01:00:00,True,0.86095,0.86138,0.86085,0.86130,178
2019-04-11T02:00:00,True,0.86128,0.86128,0.86053,0.86082,229
2019-04-11T03:00:00,True,0.86084,0.86112,0.86066,0.86083,154
2019-04-11T04:00:00,True,0.86085,0.86114,0.86050,0.86062,178
2019-04-11T05:00:00,True,0.86064,0.86155,0.86058,0.86144,218
2019-04-11T06:00:00,True,0.86146,0.86241,0.86110,0.86198,1358
2019-04-11T07:00:00,True,0.86201,0.86240,0.86076,0.86128,2105
2019-04-11T08:00:00,True,0.86126,0.86348,0.86114,0.86240,1762
2019-04-11T09:00:00,True,0.86238,0.86266,0.86152,0.86156,955
2019-04-11T10:00:00,True,0.86154,0.86204,0.86128,0.86158,709
2019-04-11T11:00:00,True,0.86156,0.86216,0.86080,0.86152,1126
2019-04-11T12:00:00,True,0.86150,0.86184,0.86078,0.86095,1435
2019-04-11T13:00:00,True,0.86098,0.86201,0.86058,0.86164,1582
2019-04-11T14:00:00,True,0.86166,0.86219,0.86066,0.86154,1688
2019-04-11T15:00:00,True,0.86151,0.86224,0.86110,0.86186,1268
2019-04-11T16:00:00,True,0.86188,0.86190,0.86080,0.86156,804
2019-04-11T17:00:00,True,0.86158,0.86202,0.86106,0.86148,599
2019-04-11T18:00:00,True,0.86146,0.86231,0.86143,0.86207,370
2019-04-11T19:00:00,True,0.86204,0.86242,0.86202,0.86228,253
2019-04-11T20:00:00,True,0.86226,0.86242,0.86186,0.86208,274
2019-04-11T21:00:00,True,0.86212,0.86239,0.86196,0.86228,206
2019-04-11T22:00:00,True,0.86225,0.86237,0.86212,0.86226,156
2019-04-11T23:00:00,True,0.86228,0.86255,0.86217,0.86253,103
2019-04-12T00:00:00,True,0.86251,0.86460,0.86249,0.86395,566
2019-04-12T01:00:00,True,0.86397,0.86412,0.86356,0.86375,344
2019-04-12T02:00:00,True,0.86372,0.86392,0.86351,0.86388,234
2019-04-12T03:00:00,True,0.86386,0.86386,0.86306,0.86340,342
2019-04-12T04:00:00,True,0.86342,0.86372,0.86342,0.86365,106
2019-04-12T05:00:00,True,0.86362,0.86412,0.86346,0.86408,160
2019-04-12T06:00:00,True,0.86411,0.86442,0.86356,0.86409,553
2019-04-12T07:00:00,True,0.86412,0.86482,0.86368,0.86431,1211
2019-04-12T08:00:00,True,0.86429,0.86571,0.86381,0.86498,1856
2019-04-12T09:00:00,True,0.86496,0.86556,0.86486,0.86528,1156
2019-04-12T10:00:00,True,0.86526,0.86563,0.86434,0.86470,1131
2019-04-12T11:00:00,True,0.86468,0.86521,0.86362,0.86375,1073
2019-04-12T12:00:00,True,0.86378,0.86395,0.86223,0.86280,1488
2019-04-12T13:00:00,True,0.86278,0.86314,0.86217,0.86254,1287
2019-04-12T14:00:00,True,0.86250,0.86434,0.86246,0.86349,1703
2019-04-12T15:00:00,True,0.86351,0.86451,0.86302,0.86392,1446
2019-04-12T16:00:00,True,0.86390,0.86436,0.86330,0.86330,677
2019-04-12T17:00:00,True,0.86333,0.86376,0.86288,0.86376,411
2019-04-12T18:00:00,True,0.86374,0.86410,0.86358,0.86382,323
2019-04-12T19:00:00,True,0.86380,0.86444,0.86374,0.86392,318
2019-04-12T20:00:00,True,0.86390,0.86457,0.86364,0.86418,428
2019-04-14T21:00:00,True,0.86416,0.86462,0.86360,0.86447,102
2019-04-14T22:00:00,True,0.86450,0.86452,0.86412,0.86428,124
2019-04-14T23:00:00,True,0.86426,0.86434,0.86392,0.86392,135
2019-04-15T00:00:00,True,0.86394,0.86402,0.86334,0.86348,289
2019-04-15T01:00:00,True,0.86351,0.86388,0.86333,0.86385,229
2019-04-15T02:00:00,True,0.86383,0.86402,0.86346,0.86358,332
2019-04-15T03:00:00,True,0.86356,0.86392,0.86340,0.86387,198
2019-04-15T04:00:00,True,0.86389,0.86389,0.86358,0.86368,96
2019-04-15T05:00:00,True,0.86370,0.86386,0.86350,0.86386,175
2019-04-15T06:00:00,True,0.86384,0.86494,0.86351,0.86476,818
2019-04-15T07:00:00,True,0.86473,0.86485,0.86340,0.86387,1435
2019-04-15T08:00:00,True,0.86389,0.86408,0.86355,0.86402,995
2019-04-15T09:00:00,True,0.86404,0.86435,0.86353,0.86362,693
2019-04-15T10:00:00,True,0.86360,0.86384,0.86246,0.86262,1067
2019-04-15T11:00:00,True,0.86264,0.86320,0.86233,0.86277,897
2019-04-15T12:00:00,True,0.86275,0.86319,0.86258,0.86268,849
2019-04-15T13:00:00,True,0.86266,0.86304,0.86194,0.86268,1051
2019-04-15T14:00:00,True,0.86270,0.86314,0.86219,0.86222,1348
2019-04-15T15:00:00,True,0.86219,0.86310,0.86186,0.86261,1010
2019-04-15T16:00:00,True,0.86259,0.86306,0.86234,0.86257,524
2019-04-15T17:00:00,True,0.86260,0.86312,0.86257,0.86296,274
2019-04-15T18:00:00,True,0.86298,0.86327,0.86271,0.86308,365
2019-04-15T19:00:00,True,0.86311,0.86351,0.86297,0.86310,319
2019-04-15T20:00:00,True,0.86308,0.86332,0.86278,0.86304,293
2019-04-15T21:00:00,True,0.86300,0.86328,0.86269,0.86272,113
2019-04-15T22:00:00,True,0.86274,0.86306,0.86270,0.86292,173
2019-04-15T23:00:00,True,0.86290,0.86297,0.86280,0.86297,56
2019-04-16T00:00:00,True,0.86294,0.86331,0.86290,0.86305,211
2019-04-16T01:00:00,True,0.86308,0.86366,0.86298,0.86338,368
2019-04-16T02:00:00,True,0.86336,0.86340,0.86319,0.86332,158
2019-04-16T03:00:00,True,0.86335,0.86347,0.86318,0.86342,161
2019-04-16T04:00:00,True,0.86344,0.86364,0.86342,0.86361,98
2019-04-16T05:00:00,True,0.86363,0.86371,0.86330,0.86350,161
2019-04-16T06:00:00,True,0.86352,0.86386,0.86322,0.86364,829
2019-04-16T07:00:00,True,0.86366,0.86480,0.86338,0.86464,1335
2019-04-16T08:00:00,True,0.86467,0.86484,0.86340,0.86379,962
2019-04-16T09:00:00,True,0.86382,0.86408,0.86256,0.86310,1700
2019-04-16T10:00:00,True,0.86312,0.86399,0.86308,0.86352,1241
2019-04-16T11:00:00,True,0.86356,0.86399,0.86330,0.86378,985
2019-04-16T12:00:00,True,0.86380,0.86538,0.86366,0.86480,1924
2019-04-16T13:00:00,True,0.86478,0.86544,0.86416,0.86430,1755
2019-04-16T14:00:00,True,0.86432,0.86582,0.86428,0.86560,1676
2019-04-16T15:00:00,True,0.86558,0.86599,0.86486,0.86546,1443
2019-04-16T16:00:00,True,0.86548,0.86552,0.86426,0.86459,795
2019-04-16T17:00:00,True,0.86456,0.86488,0.86433,0.86441,498
2019-04-16T18:00:00,True,0.86443,0.86488,0.86431,0.86486,315
2019-04-16T19:00:00,True,0.86488,0.86516,0.86457,0.86470,354
2019-04-16T20:00:00,True,0.86468,0.86473,0.86438,0.86454,204
2019-04-16T21:00:00,True,0.86468,0.86507,0.86446,0.86497,295
2019-04-16T22:00:00,True,0.86494,0.86512,0.86472,0.86503,298
2019-04-16T23:00:00,True,0.86505,0.86518,0.86478,0.86512,132
2019-04-17T00:00:00,True,0.86514,0.86563,0.86511,0.86534,278
2019-04-17T01:00:00,True,0.86536,0.86552,0.86530,0.86552,186
2019-04-17T02:00:00,True,0.86554,0.86616,0.86552,0.86558,365
2019-04-17T03:00:00,True,0.86560,0.86572,0.86540,0.86561,154
2019-04-17T04:00:00,True,0.86563,0.86575,0.86553,0.86558,139
2019-04-17T05:00:00,True,0.86555,0.86582,0.86542,0.86566,220
2019-04-17T06:00:00,True,0.86568,0.86646,0.86549,0.86631,798
2019-04-17T07:00:00,True,0.86629,0.86742,0.86590,0.86742,1293
2019-04-17T08:00:00,True,0.86740,0.86804,0.86668,0.86764,1708
2019-04-17T09:00:00,True,0.86761,0.86812,0.86708,0.86722,1156
2019-04-17T10:00:00,True,0.86720,0.86728,0.86634,0.86689,1165
2019-04-17T11:00:00,True,0.86691,0.86691,0.86542,0.86554,1110
2019-04-17T12:00:00,True,0.86557,0.86684,0.86555,0.86682,993
2019-04-17T13:00:00,True,0.86684,0.86748,0.86581,0.86656,1492
2019-04-17T14:00:00,True,0.86658,0.86719,0.86583,0.86628,1613
2019-04-17T15:00:00,True,0.86630,0.86710,0.86578,0.86666,1137
2019-04-17T16:00:00,True,0.86664,0.86697,0.86646,0.86648,598
2019-04-17T17:00:00,True,0.86650,0.86672,0.86622,0.86650,361
2019-04-17T18:00:00,True,0.86647,0.86680,0.86637,0.86650,315
2019-04-17T19:00:00,True,0.86652,0.86660,0.86632,0.86652,240
2019-04-17T20:00:00,True,0.86650,0.86672,0.86622,0.86646,256
2019-04-17T21:00:00,True,0.86642,0.86666,0.86620,0.86648,158
2019-04-17T22:00:00,True,0.86651,0.86664,0.86643,0.86648,103
2019-04-17T23:00:00,True,0.86650,0.86656,0.86641,0.86642,63
2019-04-18T00:00:00,True,0.86645,0.86656,0.86616,0.86622,241
2019-04-18T01:00:00,True,0.86624,0.86643,0.86594,0.86602,248
2019-04-18T02:00:00,True,0.86604,0.86630,0.86585,0.86592,213
2019-04-18T03:00:00,True,0.86596,0.86626,0.86592,0.86614,151
2019-04-18T04:00:00,True,0.86612,0.86630,0.86572,0.86586,164
2019-04-18T05:00:00,True,0.86584,0.86609,0.86574,0.86606,209
2019-04-18T06:00:00,True,0.86608,0.86650,0.86593,0.86636,664
2019-04-18T07:00:00,True,0.86634,0.86664,0.86502,0.86517,2498
2019-04-18T08:00:00,True,0.86514,0.86519,0.86358,0.86478,2670
2019-04-18T09:00:00,True,0.86476,0.86561,0.86447,0.86486,1605
2019-04-18T10:00:00,True,0.86484,0.86538,0.86472,0.86514,1093
2019-04-18T11:00:00,True,0.86516,0.86530,0.86446,0.86464,1158
2019-04-18T12:00:00,True,0.86466,0.86511,0.86415,0.86436,1920
2019-04-18T13:00:00,True,0.86434,0.86454,0.86386,0.86412,1668
2019-04-18T14:00:00,True,0.86410,0.86497,0.86398,0.86436,1452
2019-04-18T15:00:00,True,0.86434,0.86474,0.86392,0.86450,963
2019-04-18T16:00:00,True,0.86448,0.86521,0.86408,0.86510,818
2019-04-18T17:00:00,True,0.86512,0.86512,0.86446,0.86451,451
2019-04-18T18:00:00,True,0.86453,0.86480,0.86429,0.86462,306
2019-04-18T19:00:00,True,0.86460,0.86496,0.86434,0.86493,323
2019-04-18T20:00:00,True,0.86495,0.86505,0.86463,0.86468,232
2019-04-18T21:00:00,True,0.86462,0.86500,0.86451,0.86456,87
2019-04-18T22:00:00,True,0.86459,0.86500,0.86458,0.86500,138
2019-04-18T23:00:00,True,0.86503,0.86536,0.86460,0.86473,661
2019-04-19T00:00:00,True,0.86470,0.86513,0.86464,0.86510,331
2019-04-19T01:00:00,True,0.86512,0.86560,0.86488,0.86542,849
2019-04-19T02:00:00,True,0.86540,0.86552,0.86464,0.86490,2261
2019-04-19T03:00:00,True,0.86487,0.86498,0.86474,0.86475,85
2019-04-19T04:00:00,True,0.86477,0.86488,0.86443,0.86447,770
2019-04-19T05:00:00,True,0.86450,0.86518,0.86450,0.86516,833
2019-04-19T06:00:00,True,0.86516,0.86528,0.86472,0.86496,733
2019-04-19T07:00:00,True,0.86499,0.86522,0.86472,0.86498,356
2019-04-19T08:00:00,True,0.86500,0.86528,0.86482,0.86500,262
2019-04-19T09:00:00,True,0.86503,0.86504,0.86442,0.86485,270
2019-04-19T10:00:00,True,0.86482,0.86510,0.86475,0.86500,191
2019-04-19T11:00:00,True,0.86496,0.86520,0.86454,0.86475,903
2019-04-19T12:00:00,True,0.86472,0.86529,0.86472,0.86516,714
2019-04-19T13:00:00,True,0.86513,0.86536,0.86502,0.86512,591
2019-04-19T14:00:00,True,0.86510,0.86524,0.86473,0.86492,601
2019-04-19T15:00:00,True,0.86494,0.86509,0.86483,0.86500,361
2019-04-19T16:00:00,True,0.86497,0.86510,0.86480,0.86492,171
2019-04-19T17:00:00,True,0.86488,0.86522,0.86476,0.86510,895
2019-04-19T18:00:00,True,0.86506,0.86519,0.86478,0.86508,2251
2019-04-19T19:00:00,True,0.86513,0.86522,0.86482,0.86504,110
2019-04-19T20:00:00,True,0.86500,0.86552,0.86470,0.86504,5877
2019-04-21T21:00:00,True,0.86492,0.86570,0.86492,0.86566,37
2019-04-21T22:00:00,True,0.86570,0.86573,0.86507,0.86524,210
2019-04-21T23:00:00,True,0.86522,0.86548,0.86510,0.86546,180
2019-04-22T00:00:00,True,0.86548,0.86580,0.86539,0.86564,176
2019-04-22T01:00:00,True,0.86567,0.86569,0.86512,0.86516,165
2019-04-22T02:00:00,True,0.86514,0.86521,0.86480,0.86488,199
2019-04-22T03:00:00,True,0.86490,0.86502,0.86472,0.86492,148
2019-04-22T04:00:00,True,0.86494,0.86496,0.86479,0.86490,78
2019-04-22T05:00:00,True,0.86492,0.86524,0.86484,0.86524,129
2019-04-22T06:00:00,True,0.86527,0.86529,0.86496,0.86509,365
2019-04-22T07:00:00,True,0.86511,0.86551,0.86505,0.86541,423
2019-04-22T08:00:00,True,0.86539,0.86576,0.86514,0.86570,301
2019-04-22T09:00:00,True,0.86572,0.86599,0.86561,0.86595,137
2019-04-22T10:00:00,True,0.86592,0.86616,0.86581,0.86614,117
2019-04-22T11:00:00,True,0.86616,0.86633,0.86600,0.86614,186
2019-04-22T12:00:00,True,0.86612,0.86687,0.86600,0.86675,504
2019-04-22T13:00:00,True,0.86672,0.86698,0.86640,0.86642,376
2019-04-22T14:00:00,True,0.86640,0.86735,0.86636,0.86726,636
2019-04-22T15:00:00,True,0.86728,0.86738,0.86706,0.86719,392
2019-04-22T16:00:00,True,0.86716,0.86760,0.86700,0.86702,235
2019-04-22T17:00:00,True,0.86705,0.86728,0.86702,0.86725,157
2019-04-22T18:00:00,True,0.86723,0.86729,0.86700,0.86726,181
2019-04-22T19:00:00,True,0.86728,0.86750,0.86726,0.86734,139
2019-04-22T20:00:00,True,0.86732,0.86746,0.86716,0.86724,128
2019-04-22T21:00:00,True,0.86716,0.86770,0.86716,0.86716,74
2019-04-22T22:00:00,True,0.86719,0.86744,0.86719,0.86734,103
2019-04-22T23:00:00,True,0.86736,0.86742,0.86720,0.86730,78
2019-04-23T00:00:00,True,0.86732,0.86734,0.86620,0.86620,288
2019-04-23T01:00:00,True,0.86622,0.86648,0.86602,0.86648,201
2019-04-23T02:00:00,True,0.86646,0.86654,0.86626,0.86640,136
2019-04-23T03:00:00,True,0.86638,0.86658,0.86634,0.86634,131
2019-04-23T04:00:00,True,0.86632,0.86638,0.86620,0.86620,179
2019-04-23T05:00:00,True,0.86622,0.86670,0.86620,0.86667,200
2019-04-23T06:00:00,True,0.86664,0.86682,0.86600,0.86640,885
2019-04-23T07:00:00,True,0.86638,0.86646,0.86554,0.86584,1139
2019-04-23T08:00:00,True,0.86581,0.86636,0.86552,0.86596,752
2019-04-23T09:00:00,True,0.86600,0.86612,0.86504,0.86504,701
2019-04-23T10:00:00,True,0.86502,0.86520,0.86424,0.86500,1061
2019-04-23T11:00:00,True,0.86502,0.86532,0.86459,0.86474,737
2019-04-23T12:00:00,True,0.86476,0.86596,0.86360,0.86574,1119
2019-04-23T13:00:00,True,0.86571,0.86628,0.86506,0.86506,1883
2019-04-23T14:00:00,True,0.86504,0.86643,0.86444,0.86623,1701
2019-04-23T15:00:00,True,0.86626,0.86660,0.86554,0.86638,1116
2019-04-23T16:00:00,True,0.86636,0.86674,0.86600,0.86614,617
2019-04-23T17:00:00,True,0.86616,0.86686,0.86610,0.86674,449
2019-04-23T18:00:00,True,0.86676,0.86694,0.86656,0.86675,273
2019-04-23T19:00:00,True,0.86677,0.86742,0.86675,0.86716,347
2019-04-23T20:00:00,True,0.86718,0.86821,0.86716,0.86780,297
2019-04-23T21:00:00,True,0.86712,0.86802,0.86712,0.86782,154
2019-04-23T22:00:00,True,0.86778,0.86800,0.86741,0.86749,188
2019-04-23T23:00:00,True,0.86746,0.86774,0.86737,0.86752,204
2019-04-24T00:00:00,True,0.86754,0.86757,0.86678,0.86680,380
2019-04-24T01:00:00,True,0.86684,0.86742,0.86663,0.86719,580
2019-04-24T02:00:00,True,0.86721,0.86721,0.86676,0.86711,390
2019-04-24T03:00:00,True,0.86714,0.86714,0.86656,0.86660,253
2019-04-24T04:00:00,True,0.86663,0.86699,0.86663,0.86695,236
2019-04-24T05:00:00,True,0.86697,0.86726,0.86676,0.86695,246
2019-04-24T06:00:00,True,0.86695,0.86767,0.86684,0.86730,722
2019-04-24T07:00:00,True,0.86727,0.86766,0.86690,0.86755,1129
2019-04-24T08:00:00,True,0.86758,0.86783,0.86642,0.86736,1371
2019-04-24T09:00:00,True,0.86734,0.86784,0.86662,0.86668,896
2019-04-24T10:00:00,True,0.86666,0.86672,0.86594,0.86630,887
2019-04-24T11:00:00,True,0.86632,0.86660,0.86544,0.86549,861
2019-04-24T12:00:00,True,0.86547,0.86555,0.86483,0.86483,917
2019-04-24T13:00:00,True,0.86485,0.86500,0.86410,0.86429,1254
2019-04-24T14:00:00,True,0.86432,0.86487,0.86366,0.86448,1476
2019-04-24T15:00:00,True,0.86450,0.86484,0.86420,0.86443,840
2019-04-24T16:00:00,True,0.86446,0.86484,0.86306,0.86354,1051
2019-04-24T17:00:00,True,0.86352,0.86373,0.86313,0.86351,528
2019-04-24T18:00:00,True,0.86353,0.86428,0.86330,0.86334,915
2019-04-24T19:00:00,True,0.86337,0.86458,0.86336,0.86454,828
2019-04-24T20:00:00,True,0.86456,0.86472,0.86417,0.86438,372
2019-04-24T21:00:00,True,0.86434,0.86483,0.86418,0.86457,122
2019-04-24T22:00:00,True,0.86460,0.86468,0.86436,0.86449,429
2019-04-24T23:00:00,True,0.86446,0.86450,0.86410,0.86439,254
2019-04-25T00:00:00,True,0.86441,0.86441,0.86402,0.86420,331
2019-04-25T01:00:00,True,0.86418,0.86422,0.86374,0.86384,345
2019-04-25T02:00:00,True,0.86386,0.86428,0.86373,0.86422,353
2019-04-25T03:00:00,True,0.86419,0.86468,0.86419,0.86454,196
2019-04-25T04:00:00,True,0.86452,0.86461,0.86426,0.86456,271
2019-04-25T05:00:00,True,0.86458,0.86467,0.86404,0.86429,244
2019-04-25T06:00:00,True,0.86429,0.86496,0.86395,0.86398,873
2019-04-25T07:00:00,True,0.86400,0.86487,0.86362,0.86487,1553
2019-04-25T08:00:00,True,0.86485,0.86532,0.86415,0.86493,1493
2019-04-25T09:00:00,True,0.86490,0.86542,0.86428,0.86498,1252
2019-04-25T10:00:00,True,0.86496,0.86544,0.86430,0.86472,983
2019-04-25T11:00:00,True,0.86470,0.86490,0.86395,0.86444,870
2019-04-25T12:00:00,True,0.86442,0.86454,0.86364,0.86380,1352
2019-04-25T13:00:00,True,0.86378,0.86442,0.86320,0.86330,1339
2019-04-25T14:00:00,True,0.86332,0.86426,0.86305,0.86338,1326
2019-04-25T15:00:00,True,0.86341,0.86370,0.86276,0.86350,1065
2019-04-25T16:00:00,True,0.86352,0.86366,0.86269,0.86320,509
2019-04-25T17:00:00,True,0.86322,0.86370,0.86305,0.86358,483
2019-04-25T18:00:00,True,0.86360,0.86362,0.86312,0.86315,483
2019-04-25T19:00:00,True,0.86313,0.86356,0.86304,0.86348,365
2019-04-25T20:00:00,True,0.86345,0.86355,0.86306,0.86310,236
2019-04-25T21:00:00,True,0.86324,0.86365,0.86317,0.86338,102
2019-04-25T22:00:00,True,0.86341,0.86352,0.86326,0.86340,180
2019-04-25T23:00:00,True,0.86338,0.86365,0.86330,0.86360,167
2019-04-26T00:00:00,True,0.86358,0.86360,0.86289,0.86339,470
2019-04-26T01:00:00,True,0.86337,0.86356,0.86320,0.86350,328
2019-04-26T02:00:00,True,0.86348,0.86356,0.86297,0.86332,397
2019-04-26T03:00:00,True,0.86334,0.86336,0.86294,0.86318,165
2019-04-26T04:00:00,True,0.86315,0.86318,0.86294,0.86306,100
2019-04-26T05:00:00,True,0.86308,0.86331,0.86304,0.86322,165
2019-04-26T06:00:00,True,0.86320,0.86327,0.86276,0.86311,712
2019-04-26T07:00:00,True,0.86309,0.86364,0.86298,0.86325,881
2019-04-26T08:00:00,True,0.86323,0.86336,0.86266,0.86310,813
2019-04-26T09:00:00,True,0.86313,0.86372,0.86296,0.86300,579
2019-04-26T10:00:00,True,0.86297,0.86326,0.86255,0.86260,391
2019-04-26T11:00:00,True,0.86257,0.86339,0.86246,0.86308,751
2019-04-26T12:00:00,True,0.86310,0.86392,0.86262,0.86300,2587
2019-04-26T13:00:00,True,0.86298,0.86366,0.86280,0.86324,1723
2019-04-26T14:00:00,True,0.86326,0.86395,0.86285,0.86306,2054
2019-04-26T15:00:00,True,0.86308,0.86388,0.86218,0.86272,1363
2019-04-26T16:00:00,True,0.86270,0.86316,0.86246,0.86316,483
2019-04-26T17:00:00,True,0.86314,0.86344,0.86295,0.86310,318
2019-04-26T18:00:00,True,0.86308,0.86328,0.86286,0.86288,351
2019-04-26T19:00:00,True,0.86286,0.86314,0.86272,0.86274,505
2019-04-26T20:00:00,True,0.86277,0.86324,0.86270,0.86304,537
2019-04-28T21:00:00,True,0.86298,0.86320,0.86253,0.86278,257
2019-04-28T22:00:00,True,0.86280,0.86306,0.86280,0.86292,126
2019-04-28T23:00:00,True,0.86294,0.86304,0.86284,0.86296,149
2019-04-29T00:00:00,True,0.86298,0.86312,0.86281,0.86286,284
2019-04-29T01:00:00,True,0.86284,0.86300,0.86272,0.86292,142
2019-04-29T02:00:00,True,0.86290,0.86297,0.86279,0.86292,149
2019-04-29T03:00:00,True,0.86290,0.86297,0.86270,0.86272,158
2019-04-29T04:00:00,True,0.86270,0.86285,0.86238,0.86257,200
2019-04-29T05:00:00,True,0.86255,0.86278,0.86240,0.86263,148
2019-04-29T06:00:00,True,0.86266,0.86306,0.86241,0.86245,579
2019-04-29T07:00:00,True,0.86247,0.86273,0.86218,0.86246,892
2019-04-29T08:00:00,True,0.86248,0.86288,0.86208,0.86258,819
2019-04-29T09:00:00,True,0.86256,0.86312,0.86220,0.86266,726
2019-04-29T10:00:00,True,0.86269,0.86340,0.86269,0.86318,607
2019-04-29T11:00:00,True,0.86316,0.86342,0.86281,0.86304,522
2019-04-29T12:00:00,True,0.86306,0.86392,0.86306,0.86358,1061
2019-04-29T13:00:00,True,0.86356,0.86389,0.86346,0.86378,767
2019-04-29T14:00:00,True,0.86374,0.86436,0.86371,0.86410,898
2019-04-29T15:00:00,True,0.86408,0.86434,0.86378,0.86402,590
2019-04-29T16:00:00,True,0.86400,0.86473,0.86392,0.86451,752
2019-04-29T17:00:00,True,0.86449,0.86466,0.86416,0.86442,473
2019-04-29T18:00:00,True,0.86438,0.86465,0.86418,0.86452,327
2019-04-29T19:00:00,True,0.86454,0.86476,0.86430,0.86440,273
2019-04-29T20:00:00,True,0.86438,0.86486,0.86436,0.86478,139
2019-04-29T21:00:00,True,0.86468,0.86514,0.86440,0.86492,122
2019-04-29T22:00:00,True,0.86494,0.86495,0.86468,0.86489,77
2019-04-29T23:00:00,True,0.86486,0.86497,0.86479,0.86488,72
2019-04-30T00:00:00,True,0.86485,0.86490,0.86466,0.86476,163
2019-04-30T01:00:00,True,0.86473,0.86491,0.86446,0.86470,304
2019-04-30T02:00:00,True,0.86468,0.86478,0.86444,0.86451,218
2019-04-30T03:00:00,True,0.86453,0.86474,0.86444,0.86446,126
2019-04-30T04:00:00,True,0.86448,0.86458,0.86442,0.86454,85
2019-04-30T05:00:00,True,0.86452,0.86454,0.86378,0.86400,302
2019-04-30T06:00:00,True,0.86400,0.86445,0.86386,0.86412,677
2019-04-30T07:00:00,True,0.86415,0.86457,0.86338,0.86358,1233
2019-04-30T08:00:00,True,0.86361,0.86406,0.86276,0.86378,1517
2019-04-30T09:00:00,True,0.86382,0.86397,0.86284,0.86298,915
2019-04-30T10:00:00,True,0.86296,0.86318,0.86164,0.86182,730
2019-04-30T11:00:00,True,0.86184,0.86265,0.86154,0.86256,899
2019-04-30T12:00:00,True,0.86258,0.86294,0.86148,0.86158,1285
2019-04-30T13:00:00,True,0.86160,0.86166,0.86078,0.86110,1070
2019-04-30T14:00:00,True,0.86108,0.86144,0.85905,0.85955,2261
2019-04-30T15:00:00,True,0.85958,0.86050,0.85930,0.85958,1822
2019-04-30T16:00:00,True,0.85960,0.86022,0.85924,0.86002,572
2019-04-30T17:00:00,True,0.86005,0.86028,0.85973,0.86012,565
2019-04-30T18:00:00,True,0.86008,0.86082,0.86008,0.86068,647
2019-04-30T19:00:00,True,0.86071,0.86074,0.85998,0.86007,624
2019-04-30T20:00:00,True,0.86009,0.86041,0.86000,0.86030,210
2019-04-30T21:00:00,True,0.86026,0.86061,0.85994,0.86014,257
2019-04-30T22:00:00,True,0.86018,0.86050,0.86008,0.86025,257
2019-04-30T23:00:00,True,0.86022,0.86048,0.86010,0.86012,149
2019-05-01T00:00:00,True,0.86015,0.86022,0.85989,0.86010,222
2019-05-01T01:00:00,True,0.86008,0.86019,0.86000,0.86016,91
2019-05-01T02:00:00,True,0.86018,0.86018,0.85988,0.86004,161
2019-05-01T03:00:00,True,0.86002,0.86023,0.85996,0.86009,163
2019-05-01T04:00:00,True,0.86012,0.86019,0.86002,0.86018,117
2019-05-01T05:00:00,True,0.86020,0.86026,0.85999,0.86004,117
2019-05-01T06:00:00,True,0.86004,0.86046,0.85982,0.86042,361
2019-05-01T07:00:00,True,0.86040,0.86063,0.85953,0.86004,884
2019-05-01T08:00:00,True,0.86002,0.86022,0.85866,0.85972,951
2019-05-01T09:00:00,True,0.85975,0.86007,0.85914,0.85958,726
2019-05-01T10:00:00,True,0.85960,0.86010,0.85954,0.86010,449
2019-05-01T11:00:00,True,0.86012,0.86014,0.85940,0.85971,490
2019-05-01T12:00:00,True,0.85973,0.85998,0.85890,0.85917,1163
2019-05-01T13:00:00,True,0.85914,0.85948,0.85879,0.85920,723
2019-05-01T14:00:00,True,0.85924,0.85996,0.85903,0.85913,1407
2019-05-01T15:00:00,True,0.85916,0.85972,0.85900,0.85906,795
2019-05-01T16:00:00,True,0.85908,0.85964,0.85894,0.85940,523
2019-05-01T17:00:00,True,0.85942,0.85990,0.85906,0.85929,557
2019-05-01T18:00:00,True,0.85934,0.86008,0.85800,0.85808,3500
2019-05-01T19:00:00,True,0.85811,0.85846,0.85787,0.85817,1620
2019-05-01T20:00:00,True,0.85815,0.85835,0.85777,0.85796,258
2019-05-01T21:00:00,True,0.85802,0.85854,0.85788,0.85799,213
2019-05-01T22:00:00,True,0.85802,0.85837,0.85802,0.85817,174
2019-05-01T23:00:00,True,0.85815,0.85828,0.85801,0.85828,128
2019-05-02T00:00:00,True,0.85826,0.85837,0.85808,0.85832,238
2019-05-02T01:00:00,True,0.85834,0.85864,0.85818,0.85862,280
2019-05-02T02:00:00,True,0.85864,0.85872,0.85824,0.85846,194
2019-05-02T03:00:00,True,0.85844,0.85855,0.85823,0.85840,203
2019-05-02T04:00:00,True,0.85842,0.85877,0.85835,0.85874,261
2019-05-02T05:00:00,True,0.85872,0.85895,0.85866,0.85888,191
2019-05-02T06:00:00,True,0.85888,0.85902,0.85760,0.85762,744
2019-05-02T07:00:00,True,0.85764,0.85812,0.85685,0.85750,1498
2019-05-02T08:00:00,True,0.85748,0.85878,0.85734,0.85860,991
2019-05-02T09:00:00,True,0.85858,0.85858,0.85799,0.85812,545
2019-05-02T10:00:00,True,0.85814,0.85870,0.85796,0.85846,902
2019-05-02T11:00:00,True,0.85850,0.85982,0.85692,0.85897,3658
2019-05-02T12:00:00,True,0.85900,0.85938,0.85856,0.85858,931
2019-05-02T13:00:00,True,0.85860,0.85874,0.85764,0.85865,1072
2019-05-02T14:00:00,True,0.85867,0.85890,0.85776,0.85804,1234
2019-05-02T15:00:00,True,0.85802,0.85850,0.85776,0.85833,1213
2019-05-02T16:00:00,True,0.85831,0.85852,0.85798,0.85830,549
2019-05-02T17:00:00,True,0.85833,0.85845,0.85800,0.85812,377
2019-05-02T18:00:00,True,0.85814,0.85830,0.85774,0.85774,350
2019-05-02T19:00:00,True,0.85777,0.85794,0.85726,0.85732,289
2019-05-02T20:00:00,True,0.85730,0.85752,0.85716,0.85736,300
2019-05-02T21:00:00,True,0.85740,0.85748,0.85730,0.85738,42
2019-05-02T22:00:00,True,0.85735,0.85758,0.85732,0.85748,90
2019-05-02T23:00:00,True,0.85746,0.85761,0.85734,0.85740,105
2019-05-03T00:00:00,True,0.85743,0.85745,0.85720,0.85727,137
2019-05-03T01:00:00,True,0.85729,0.85732,0.85702,0.85723,154
2019-05-03T02:00:00,True,0.85720,0.85734,0.85703,0.85708,149
2019-05-03T03:00:00,True,0.85710,0.85718,0.85700,0.85703,87
2019-05-03T04:00:00,True,0.85706,0.85716,0.85683,0.85696,107
2019-05-03T05:00:00,True,0.85698,0.85714,0.85690,0.85712,146
2019-05-03T06:00:00,True,0.85712,0.85758,0.85664,0.85756,665
2019-05-03T07:00:00,True,0.85754,0.85768,0.85704,0.85766,996
2019-05-03T08:00:00,True,0.85764,0.85778,0.85720,0.85772,555
2019-05-03T09:00:00,True,0.85776,0.85874,0.85758,0.85865,857
2019-05-03T10:00:00,True,0.85867,0.85868,0.85798,0.85798,582
2019-05-03T11:00:00,True,0.85796,0.85814,0.85730,0.85778,487
2019-05-03T12:00:00,True,0.85776,0.85806,0.85628,0.85650,1824
2019-05-03T13:00:00,True,0.85652,0.85772,0.85624,0.85635,1449
2019-05-03T14:00:00,True,0.85640,0.85676,0.85243,0.85308,2644
2019-05-03T15:00:00,True,0.85306,0.85312,0.84974,0.85166,3280
2019-05-03T16:00:00,True,0.85164,0.85185,0.85112,0.85164,963
2019-05-03T17:00:00,True,0.85166,0.85166,0.85080,0.85080,735
2019-05-03T18:00:00,True,0.85077,0.85080,0.85020,0.85042,784
2019-05-03T19:00:00,True,0.85040,0.85065,0.85002,0.85060,631
2019-05-03T20:00:00,True,0.85058,0.85094,0.85021,0.85022,581
2019-05-05T21:00:00,True,0.85006,0.85026,0.84907,0.84958,452
2019-05-05T22:00:00,True,0.84952,0.85066,0.84928,0.85021,524
2019-05-05T23:00:00,True,0.85023,0.85072,0.85008,0.85052,391
2019-05-06T00:00:00,True,0.85054,0.85112,0.85054,0.85082,485
2019-05-06T01:00:00,True,0.85084,0.85162,0.85076,0.85117,376
2019-05-06T02:00:00,True,0.85114,0.85228,0.85104,0.85206,319
2019-05-06T03:00:00,True,0.85204,0.85311,0.85196,0.85300,320
2019-05-06T04:00:00,True,0.85303,0.85324,0.85290,0.85296,223
2019-05-06T05:00:00,True,0.85294,0.85318,0.85246,0.85273,397
2019-05-06T06:00:00,True,0.85275,0.85343,0.85272,0.85278,820
2019-05-06T07:00:00,True,0.85280,0.85345,0.85262,0.85293,1374
2019-05-06T08:00:00,True,0.85295,0.85338,0.85264,0.85327,925
2019-05-06T09:00:00,True,0.85324,0.85457,0.85278,0.85429,1098
2019-05-06T10:00:00,True,0.85431,0.85442,0.85374,0.85420,953
2019-05-06T11:00:00,True,0.85422,0.85539,0.85408,0.85478,986
2019-05-06T12:00:00,True,0.85476,0.85508,0.85412,0.85450,1063
2019-05-06T13:00:00,True,0.85447,0.85484,0.85436,0.85466,1158
2019-05-06T14:00:00,True,0.85468,0.85506,0.85421,0.85498,968
2019-05-06T15:00:00,True,0.85500,0.85566,0.85490,0.85520,792
2019-05-06T16:00:00,True,0.85522,0.85548,0.85508,0.85529,403
2019-05-06T17:00:00,True,0.85527,0.85558,0.85517,0.85518,369
2019-05-06T18:00:00,True,0.85516,0.85540,0.85508,0.85530,272
2019-05-06T19:00:00,True,0.85532,0.85538,0.85498,0.85522,277
2019-05-06T20:00:00,True,0.85520,0.85540,0.85498,0.85502,261
2019-05-06T21:00:00,True,0.85496,0.85530,0.85482,0.85500,177
2019-05-06T22:00:00,True,0.85496,0.85536,0.85491,0.85528,136
2019-05-06T23:00:00,True,0.85530,0.85534,0.85520,0.85522,71
2019-05-07T00:00:00,True,0.85524,0.85526,0.85446,0.85464,409
2019-05-07T01:00:00,True,0.85466,0.85475,0.85434,0.85444,177
2019-05-07T02:00:00,True,0.85442,0.85454,0.85412,0.85428,171
2019-05-07T03:00:00,True,0.85425,0.85440,0.85406,0.85424,223
2019-05-07T04:00:00,True,0.85426,0.85450,0.85386,0.85450,375
2019-05-07T05:00:00,True,0.85448,0.85456,0.85419,0.85448,245
2019-05-07T06:00:00,True,0.85450,0.85491,0.85390,0.85395,1168
2019-05-07T07:00:00,True,0.85397,0.85538,0.85380,0.85474,1506
2019-05-07T08:00:00,True,0.85476,0.85592,0.85474,0.85500,1035
2019-05-07T09:00:00,True,0.85498,0.85590,0.85460,0.85580,609
2019-05-07T10:00:00,True,0.85578,0.85611,0.85544,0.85556,514
2019-05-07T11:00:00,True,0.85553,0.85641,0.85529,0.85610,902
2019-05-07T12:00:00,True,0.85608,0.85690,0.85582,0.85687,1033
2019-05-07T13:00:00,True,0.85689,0.85764,0.85656,0.85658,1020
2019-05-07T14:00:00,True,0.85656,0.85813,0.85647,0.85753,1123
2019-05-07T15:00:00,True,0.85751,0.85765,0.85649,0.85649,914
2019-05-07T16:00:00,True,0.85651,0.85672,0.85570,0.85580,628
2019-05-07T17:00:00,True,0.85577,0.85584,0.85541,0.85572,415
2019-05-07T18:00:00,True,0.85570,0.85646,0.85554,0.85592,580
2019-05-07T19:00:00,True,0.85590,0.85616,0.85575,0.85580,449
2019-05-07T20:00:00,True,0.85578,0.85624,0.85573,0.85624,254
2019-05-07T21:00:00,True,0.85614,0.85640,0.85588,0.85626,332
2019-05-07T22:00:00,True,0.85622,0.85644,0.85610,0.85631,160
2019-05-07T23:00:00,True,0.85633,0.85644,0.85622,0.85628,99
2019-05-08T00:00:00,True,0.85631,0.85642,0.85606,0.85606,245
2019-05-08T01:00:00,True,0.85608,0.85656,0.85608,0.85651,224
2019-05-08T02:00:00,True,0.85653,0.85680,0.85646,0.85659,487
2019-05-08T03:00:00,True,0.85656,0.85719,0.85642,0.85714,283
2019-05-08T04:00:00,True,0.85711,0.85715,0.85687,0.85710,174
2019-05-08T05:00:00,True,0.85707,0.85719,0.85697,0.85712,139
2019-05-08T06:00:00,True,0.85714,0.85854,0.85711,0.85846,823
2019-05-08T07:00:00,True,0.85844,0.85947,0.85826,0.85916,1330
2019-05-08T08:00:00,True,0.85914,0.85942,0.85834,0.85858,1159
2019-05-08T09:00:00,True,0.85860,0.85997,0.85824,0.85986,775
2019-05-08T10:00:00,True,0.85984,0.86108,0.85940,0.86066,1277
2019-05-08T11:00:00,True,0.86068,0.86148,0.86050,0.86124,988
2019-05-08T12:00:00,True,0.86128,0.86146,0.86041,0.86102,1204
2019-05-08T13:00:00,True,0.86099,0.86132,0.86062,0.86092,962
2019-05-08T14:00:00,True,0.86094,0.86238,0.86090,0.86156,1361
2019-05-08T15:00:00,True,0.86158,0.86192,0.86046,0.86110,1290
2019-05-08T16:00:00,True,0.86112,0.86146,0.86008,0.86028,880
2019-05-08T17:00:00,True,0.86030,0.86050,0.86000,0.86036,495
2019-05-08T18:00:00,True,0.86034,0.86072,0.86016,0.86066,355
2019-05-08T19:00:00,True,0.86061,0.86084,0.86028,0.86052,360
2019-05-08T20:00:00,True,0.86054,0.86074,0.86008,0.86038,219
2019-05-08T21:00:00,True,0.86048,0.86098,0.86036,0.86054,137
2019-05-08T22:00:00,True,0.86058,0.86069,0.86040,0.86056,333
2019-05-08T23:00:00,True,0.86059,0.86086,0.86030,0.86086,290
2019-05-09T00:00:00,True,0.86084,0.86084,0.86005,0.86007,454
2019-05-09T01:00:00,True,0.86009,0.86044,0.86009,0.86033,262
2019-05-09T02:00:00,True,0.86030,0.86048,0.85995,0.86036,309
2019-05-09T03:00:00,True,0.86038,0.86046,0.86024,0.86034,176
2019-05-09T04:00:00,True,0.86036,0.86063,0.86026,0.86030,251
2019-05-09T05:00:00,True,0.86028,0.86044,0.85973,0.85986,223
2019-05-09T06:00:00,True,0.85988,0.86050,0.85973,0.86023,501
2019-05-09T07:00:00,True,0.86026,0.86092,0.85988,0.86019,1301
2019-05-09T08:00:00,True,0.86022,0.86138,0.86008,0.86124,1380
2019-05-09T09:00:00,True,0.86126,0.86128,0.86066,0.86097,743
2019-05-09T10:00:00,True,0.86095,0.86204,0.86088,0.86192,810
2019-05-09T11:00:00,True,0.86189,0.86189,0.86100,0.86111,472
2019-05-09T12:00:00,True,0.86108,0.86199,0.86108,0.86190,660
2019-05-09T13:00:00,True,0.86192,0.86485,0.86170,0.86446,1643
2019-05-09T14:00:00,True,0.86444,0.86475,0.86233,0.86254,2089
2019-05-09T15:00:00,True,0.86256,0.86316,0.86246,0.86285,835
2019-05-09T16:00:00,True,0.86287,0.86292,0.86128,0.86128,979
2019-05-09T17:00:00,True,0.86131,0.86159,0.86102,0.86120,745
2019-05-09T18:00:00,True,0.86118,0.86191,0.86116,0.86186,520
2019-05-09T19:00:00,True,0.86184,0.86226,0.86170,0.86204,446
2019-05-09T20:00:00,True,0.86202,0.86242,0.86193,0.86218,306
2019-05-09T21:00:00,True,0.86202,0.86231,0.86182,0.86218,345
2019-05-09T22:00:00,True,0.86223,0.86244,0.86208,0.86227,286
2019-05-09T23:00:00,True,0.86225,0.86253,0.86218,0.86238,329
2019-05-10T00:00:00,True,0.86236,0.86346,0.86216,0.86321,1077
2019-05-10T01:00:00,True,0.86319,0.86324,0.86290,0.86298,248
2019-05-10T02:00:00,True,0.86301,0.86310,0.86255,0.86266,362
2019-05-10T03:00:00,True,0.86262,0.86279,0.86236,0.86279,418
2019-05-10T04:00:00,True,0.86276,0.86320,0.86273,0.86315,356
2019-05-10T05:00:00,True,0.86313,0.86358,0.86310,0.86351,195
2019-05-10T06:00:00,True,0.86351,0.86364,0.86286,0.86286,570
2019-05-10T07:00:00,True,0.86284,0.86386,0.86224,0.86366,1042
2019-05-10T08:00:00,True,0.86368,0.86396,0.86208,0.86346,1237
2019-05-10T09:00:00,True,0.86348,0.86370,0.86305,0.86310,596
2019-05-10T10:00:00,True,0.86307,0.86327,0.86196,0.86262,702
2019-05-10T11:00:00,True,0.86260,0.86345,0.86252,0.86342,607
2019-05-10T12:00:00,True,0.86344,0.86362,0.86217,0.86310,1205
2019-05-10T13:00:00,True,0.86313,0.86345,0.86270,0.86277,1359
2019-05-10T14:00:00,True,0.86280,0.86321,0.86224,0.86269,969
2019-05-10T15:00:00,True,0.86271,0.86314,0.86229,0.86234,912
2019-05-10T16:00:00,True,0.86236,0.86280,0.86208,0.86259,664
2019-05-10T17:00:00,True,0.86256,0.86294,0.86232,0.86288,552
2019-05-10T18:00:00,True,0.86286,0.86342,0.86282,0.86340,401
2019-05-10T19:00:00,True,0.86338,0.86364,0.86333,0.86354,359
2019-05-10T20:00:00,True,0.86352,0.86420,0.86349,0.86402,214
2019-05-12T21:00:00,True,0.86362,0.86456,0.86350,0.86401,462
2019-05-12T22:00:00,True,0.86405,0.86414,0.86366,0.86378,208
2019-05-12T23:00:00,True,0.86380,0.86388,0.86358,0.86376,115
2019-05-13T00:00:00,True,0.86374,0.86381,0.86328,0.86344,223
2019-05-13T01:00:00,True,0.86340,0.86370,0.86334,0.86344,196
2019-05-13T02:00:00,True,0.86342,0.86352,0.86317,0.86318,222
2019-05-13T03:00:00,True,0.86321,0.86333,0.86306,0.86308,114
2019-05-13T04:00:00,True,0.86306,0.86338,0.86300,0.86326,137
2019-05-13T05:00:00,True,0.86328,0.86334,0.86296,0.86318,124
2019-05-13T06:00:00,True,0.86316,0.86356,0.86302,0.86304,368
2019-05-13T07:00:00,True,0.86306,0.86412,0.86304,0.86320,915
2019-05-13T08:00:00,True,0.86318,0.86378,0.86317,0.86324,782
2019-05-13T09:00:00,True,0.86327,0.86353,0.86276,0.86310,634
2019-05-13T10:00:00,True,0.86312,0.86324,0.86245,0.86257,578
2019-05-13T11:00:00,True,0.86255,0.86319,0.86244,0.86309,509
2019-05-13T12:00:00,True,0.86312,0.86408,0.86308,0.86382,1801
2019-05-13T13:00:00,True,0.86379,0.86440,0.86311,0.86419,1377
2019-05-13T14:00:00,True,0.86422,0.86588,0.86405,0.86586,1375
2019-05-13T15:00:00,True,0.86589,0.86738,0.86560,0.86661,1417
2019-05-13T16:00:00,True,0.86664,0.86802,0.86654,0.86774,857
2019-05-13T17:00:00,True,0.86776,0.86806,0.86652,0.86654,735
2019-05-13T18:00:00,True,0.86656,0.86660,0.86598,0.86630,613
2019-05-13T19:00:00,True,0.86632,0.86669,0.86618,0.86666,424
2019-05-13T20:00:00,True,0.86663,0.86670,0.86600,0.86602,286
2019-05-13T21:00:00,True,0.86622,0.86672,0.86582,0.86605,131
2019-05-13T22:00:00,True,0.86608,0.86776,0.86602,0.86721,401
2019-05-13T23:00:00,True,0.86719,0.86719,0.86641,0.86644,214
2019-05-14T00:00:00,True,0.86646,0.86656,0.86618,0.86654,265
2019-05-14T01:00:00,True,0.86656,0.86677,0.86644,0.86664,254
2019-05-14T02:00:00,True,0.86666,0.86693,0.86644,0.86667,207
2019-05-14T03:00:00,True,0.86670,0.86729,0.86660,0.86724,208
2019-05-14T04:00:00,True,0.86722,0.86740,0.86684,0.86735,276
2019-05-14T05:00:00,True,0.86733,0.86742,0.86724,0.86730,139
2019-05-14T06:00:00,True,0.86730,0.86809,0.86708,0.86792,536
2019-05-14T07:00:00,True,0.86790,0.86915,0.86767,0.86871,1202
2019-05-14T08:00:00,True,0.86873,0.86916,0.86814,0.86818,856
2019-05-14T09:00:00,True,0.86822,0.86844,0.86768,0.86811,596
2019-05-14T10:00:00,True,0.86813,0.86816,0.86640,0.86698,853
2019-05-14T11:00:00,True,0.86696,0.86795,0.86678,0.86724,735
2019-05-14T12:00:00,True,0.86726,0.86768,0.86636,0.86740,1504
2019-05-14T13:00:00,True,0.86743,0.86858,0.86730,0.86819,1016
2019-05-14T14:00:00,True,0.86816,0.86854,0.86714,0.86786,1146
2019-05-14T15:00:00,True,0.86789,0.86839,0.86732,0.86744,837
2019-05-14T16:00:00,True,0.86741,0.86796,0.86715,0.86785,644
2019-05-14T17:00:00,True,0.86788,0.86856,0.86784,0.86847,422
2019-05-14T18:00:00,True,0.86845,0.86876,0.86832,0.86840,420
2019-05-14T19:00:00,True,0.86842,0.86864,0.86824,0.86834,323
2019-05-14T20:00:00,True,0.86832,0.86836,0.86788,0.86818,274
2019-05-14T21:00:00,True,0.86814,0.86824,0.86800,0.86817,92
2019-05-14T22:00:00,True,0.86820,0.86826,0.86802,0.86808,89
2019-05-14T23:00:00,True,0.86806,0.86816,0.86802,0.86804,119
2019-05-15T00:00:00,True,0.86806,0.86814,0.86766,0.86772,174
2019-05-15T01:00:00,True,0.86774,0.86806,0.86774,0.86796,211
2019-05-15T02:00:00,True,0.86799,0.86812,0.86768,0.86785,225
2019-05-15T03:00:00,True,0.86788,0.86813,0.86788,0.86809,120
2019-05-15T04:00:00,True,0.86812,0.86816,0.86778,0.86810,108
2019-05-15T05:00:00,True,0.86807,0.86832,0.86798,0.86824,114
2019-05-15T06:00:00,True,0.86824,0.86845,0.86798,0.86826,426
2019-05-15T07:00:00,True,0.86823,0.86874,0.86758,0.86774,1060
2019-05-15T08:00:00,True,0.86776,0.86854,0.86772,0.86834,608
2019-05-15T09:00:00,True,0.86838,0.86849,0.86759,0.86804,672
2019-05-15T10:00:00,True,0.86806,0.86826,0.86713,0.86740,751
2019-05-15T11:00:00,True,0.86736,0.86806,0.86688,0.86788,978
2019-05-15T12:00:00,True,0.86791,0.87004,0.86750,0.86975,1641
2019-05-15T13:00:00,True,0.86978,0.87176,0.86961,0.87134,1616
2019-05-15T14:00:00,True,0.87132,0.87368,0.87098,0.87108,2930
2019-05-15T15:00:00,True,0.87106,0.87137,0.87026,0.87032,1177
2019-05-15T16:00:00,True,0.87029,0.87128,0.87029,0.87115,823
2019-05-15T17:00:00,True,0.87111,0.87192,0.87108,0.87192,431
2019-05-15T18:00:00,True,0.87190,0.87238,0.87162,0.87234,321
2019-05-15T19:00:00,True,0.87232,0.87252,0.87204,0.87237,289
2019-05-15T20:00:00,True,0.87239,0.87239,0.87202,0.87224,185
2019-05-15T21:00:00,True,0.87218,0.87254,0.87188,0.87245,90
2019-05-15T22:00:00,True,0.87242,0.87256,0.87222,0.87232,206
2019-05-15T23:00:00,True,0.87235,0.87260,0.87224,0.87236,155
2019-05-16T00:00:00,True,0.87238,0.87254,0.87218,0.87231,149
2019-05-16T01:00:00,True,0.87233,0.87269,0.87214,0.87248,302
2019-05-16T02:00:00,True,0.87245,0.87263,0.87238,0.87260,142
2019-05-16T03:00:00,True,0.87258,0.87260,0.87222,0.87236,113
2019-05-16T04:00:00,True,0.87238,0.87243,0.87216,0.87230,119
2019-05-16T05:00:00,True,0.87228,0.87252,0.87224,0.87234,92
2019-05-16T06:00:00,True,0.87234,0.87292,0.87232,0.87278,307
2019-05-16T07:00:00,True,0.87276,0.87422,0.87264,0.87363,759
2019-05-16T08:00:00,True,0.87361,0.87434,0.87334,0.87413,792
2019-05-16T09:00:00,True,0.87410,0.87415,0.87334,0.87378,622
2019-05-16T10:00:00,True,0.87380,0.87432,0.87360,0.87394,560
2019-05-16T11:00:00,True,0.87396,0.87458,0.87378,0.87446,626
2019-05-16T12:00:00,True,0.87448,0.87480,0.87410,0.87430,1146
2019-05-16T13:00:00,True,0.87428,0.87448,0.87362,0.87430,1010
2019-05-16T14:00:00,True,0.87428,0.87443,0.87285,0.87385,1277
2019-05-16T15:00:00,True,0.87388,0.87412,0.87306,0.87308,671
2019-05-16T16:00:00,True,0.87310,0.87358,0.87289,0.87351,423
2019-05-16T17:00:00,True,0.87353,0.87400,0.87301,0.87338,497
2019-05-16T18:00:00,True,0.87340,0.87340,0.87306,0.87326,317
2019-05-16T19:00:00,True,0.87328,0.87361,0.87288,0.87361,419
2019-05-16T20:00:00,True,0.87359,0.87363,0.87310,0.87314,163
2019-05-16T21:00:00,True,0.87332,0.87340,0.87299,0.87320,50
2019-05-16T22:00:00,True,0.87324,0.87340,0.87313,0.87322,168
2019-05-16T23:00:00,True,0.87324,0.87332,0.87310,0.87312,85
2019-05-17T00:00:00,True,0.87314,0.87422,0.87313,0.87408,277
2019-05-17T01:00:00,True,0.87406,0.87422,0.87402,0.87406,116
2019-05-17T02:00:00,True,0.87404,0.87408,0.87377,0.87392,148
2019-05-17T03:00:00,True,0.87390,0.87403,0.87371,0.87389,151
2019-05-17T04:00:00,True,0.87386,0.87396,0.87360,0.87395,190
2019-05-17T05:00:00,True,0.87398,0.87406,0.87352,0.87378,348
2019-05-17T06:00:00,True,0.87378,0.87466,0.87365,0.87426,702
2019-05-17T07:00:00,True,0.87430,0.87488,0.87415,0.87420,866
2019-05-17T08:00:00,True,0.87422,0.87470,0.87392,0.87414,679
2019-05-17T09:00:00,True,0.87416,0.87528,0.87412,0.87485,987
2019-05-17T10:00:00,True,0.87483,0.87599,0.87472,0.87535,864
2019-05-17T11:00:00,True,0.87537,0.87656,0.87522,0.87655,950
2019-05-17T12:00:00,True,0.87652,0.87656,0.87578,0.87644,1004
2019-05-17T13:00:00,True,0.87642,0.87642,0.87568,0.87628,830
2019-05-17T14:00:00,True,0.87625,0.87683,0.87568,0.87650,1476
2019-05-17T15:00:00,True,0.87647,0.87788,0.87592,0.87758,990
2019-05-17T16:00:00,True,0.87760,0.87768,0.87676,0.87696,534
2019-05-17T17:00:00,True,0.87694,0.87751,0.87687,0.87732,691
2019-05-17T19:00:00,True,0.87690,0.87744,0.87690,0.87732,548
2019-05-17T20:00:00,True,0.87735,0.87752,0.87675,0.87722,459
2019-05-19T21:00:00,True,0.87582,0.87689,0.87582,0.87649,92
2019-05-19T22:00:00,True,0.87646,0.87744,0.87646,0.87710,188
2019-05-19T23:00:00,True,0.87708,0.87716,0.87693,0.87700,122
2019-05-20T00:00:00,True,0.87702,0.87712,0.87632,0.87639,244
2019-05-20T01:00:00,True,0.87641,0.87660,0.87626,0.87630,147
2019-05-20T02:00:00,True,0.87632,0.87640,0.87604,0.87610,115
2019-05-20T03:00:00,True,0.87608,0.87626,0.87605,0.87609,118
2019-05-20T04:00:00,True,0.87612,0.87612,0.87578,0.87590,108
2019-05-20T05:00:00,True,0.87588,0.87592,0.87560,0.87575,88
2019-05-20T06:00:00,True,0.87575,0.87636,0.87570,0.87628,468
2019-05-20T07:00:00,True,0.87626,0.87666,0.87513,0.87535,1018
2019-05-20T08:00:00,True,0.87538,0.87568,0.87502,0.87525,853
2019-05-20T09:00:00,True,0.87527,0.87558,0.87496,0.87517,550
2019-05-20T10:00:00,True,0.87519,0.87570,0.87510,0.87548,634
2019-05-20T11:00:00,True,0.87551,0.87618,0.87546,0.87586,391
2019-05-20T12:00:00,True,0.87589,0.87660,0.87582,0.87658,644
2019-05-20T13:00:00,True,0.87660,0.87772,0.87634,0.87701,938
2019-05-20T14:00:00,True,0.87704,0.87744,0.87621,0.87676,719
2019-05-20T15:00:00,True,0.87674,0.87846,0.87665,0.87832,706
2019-05-20T16:00:00,True,0.87829,0.87834,0.87756,0.87780,305
2019-05-20T17:00:00,True,0.87782,0.87804,0.87760,0.87760,251
2019-05-20T18:00:00,True,0.87762,0.87787,0.87744,0.87751,254
2019-05-20T19:00:00,True,0.87753,0.87761,0.87730,0.87739,213
2019-05-20T20:00:00,True,0.87741,0.87762,0.87740,0.87754,133
2019-05-20T21:00:00,True,0.87758,0.87771,0.87734,0.87752,220
2019-05-20T22:00:00,True,0.87754,0.87764,0.87744,0.87746,71
2019-05-20T23:00:00,True,0.87748,0.87756,0.87733,0.87738,109
2019-05-21T00:00:00,True,0.87740,0.87752,0.87722,0.87724,122
2019-05-21T01:00:00,True,0.87727,0.87744,0.87721,0.87724,115
2019-05-21T02:00:00,True,0.87724,0.87728,0.87705,0.87709,77
2019-05-21T03:00:00,True,0.87706,0.87732,0.87702,0.87702,150
2019-05-21T04:00:00,True,0.87704,0.87720,0.87702,0.87712,81
2019-05-21T05:00:00,True,0.87710,0.87722,0.87652,0.87652,162
2019-05-21T06:00:00,True,0.87652,0.87754,0.87643,0.87752,574
2019-05-21T07:00:00,True,0.87750,0.87888,0.87735,0.87870,1092
2019-05-21T08:00:00,True,0.87868,0.87880,0.87778,0.87808,767
2019-05-21T09:00:00,True,0.87805,0.87866,0.87803,0.87840,716
2019-05-21T10:00:00,True,0.87837,0.87850,0.87764,0.87794,604
2019-05-21T11:00:00,True,0.87796,0.87868,0.87732,0.87747,684
2019-05-21T12:00:00,True,0.87744,0.87758,0.87524,0.87598,2176
2019-05-21T13:00:00,True,0.87596,0.87698,0.87583,0.87602,1092
2019-05-21T14:00:00,True,0.87605,0.87718,0.87246,0.87448,3725
2019-05-21T15:00:00,True,0.87446,0.87576,0.87371,0.87551,5457
2019-05-21T16:00:00,True,0.87548,0.87702,0.87541,0.87668,786
2019-05-21T17:00:00,True,0.87671,0.87740,0.87644,0.87730,377
2019-05-21T18:00:00,True,0.87728,0.87840,0.87728,0.87832,688
2019-05-21T19:00:00,True,0.87830,0.87894,0.87820,0.87891,422
2019-05-21T20:00:00,True,0.87893,0.87893,0.87846,0.87851,239
2019-05-21T21:00:00,True,0.87832,0.87866,0.87820,0.87834,230
2019-05-21T22:00:00,True,0.87836,0.87887,0.87836,0.87885,133
2019-05-21T23:00:00,True,0.87887,0.87890,0.87850,0.87858,88
2019-05-22T00:00:00,True,0.87856,0.87860,0.87777,0.87777,210
2019-05-22T01:00:00,True,0.87779,0.87800,0.87771,0.87784,148
2019-05-22T02:00:00,True,0.87781,0.87790,0.87764,0.87772,100
2019-05-22T03:00:00,True,0.87770,0.87795,0.87769,0.87771,88
2019-05-22T04:00:00,True,0.87769,0.87780,0.87744,0.87750,134
2019-05-22T05:00:00,True,0.87752,0.87784,0.87724,0.87774,185
2019-05-22T06:00:00,True,0.87776,0.88003,0.87756,0.87992,970
2019-05-22T07:00:00,True,0.87988,0.88098,0.87968,0.88031,1110
2019-05-22T08:00:00,True,0.88028,0.88134,0.87988,0.88127,1250
2019-05-22T09:00:00,True,0.88124,0.88168,0.88100,0.88128,719
2019-05-22T10:00:00,True,0.88130,0.88190,0.88110,0.88164,625
2019-05-22T11:00:00,True,0.88167,0.88322,0.88167,0.88216,849
2019-05-22T12:00:00,True,0.88218,0.88300,0.88194,0.88242,1083
2019-05-22T13:00:00,True,0.88245,0.88398,0.88203,0.88350,1530
2019-05-22T14:00:00,True,0.88348,0.88364,0.88103,0.88130,1412
2019-05-22T15:00:00,True,0.88128,0.88206,0.87946,0.88036,2225
2019-05-22T16:00:00,True,0.88038,0.88100,0.88002,0.88025,806
2019-05-22T17:00:00,True,0.88027,0.88042,0.87913,0.87966,639
2019-05-22T18:00:00,True,0.87962,0.88120,0.87954,0.88082,832
2019-05-22T19:00:00,True,0.88084,0.88126,0.88078,0.88086,465
2019-05-22T20:00:00,True,0.88088,0.88101,0.88062,0.88062,209
2019-05-22T21:00:00,True,0.88086,0.88152,0.88076,0.88076,545
2019-05-22T22:00:00,True,0.88079,0.88104,0.88076,0.88094,171
2019-05-22T23:00:00,True,0.88092,0.88103,0.88078,0.88090,105
2019-05-23T00:00:00,True,0.88092,0.88134,0.88086,0.88131,126
2019-05-23T01:00:00,True,0.88134,0.88158,0.88120,0.88139,198
2019-05-23T02:00:00,True,0.88136,0.88176,0.88118,0.88174,176
2019-05-23T03:00:00,True,0.88171,0.88180,0.88160,0.88164,125
2019-05-23T04:00:00,True,0.88161,0.88181,0.88156,0.88168,90
2019-05-23T05:00:00,True,0.88170,0.88216,0.88169,0.88182,151
2019-05-23T06:00:00,True,0.88184,0.88368,0.88146,0.88328,1209
2019-05-23T07:00:00,True,0.88331,0.88386,0.88298,0.88329,1657
2019-05-23T08:00:00,True,0.88324,0.88364,0.88214,0.88232,1109
2019-05-23T09:00:00,True,0.88234,0.88241,0.88058,0.88130,1123
2019-05-23T10:00:00,True,0.88132,0.88158,0.88024,0.88054,939
2019-05-23T11:00:00,True,0.88056,0.88124,0.88032,0.88124,762
2019-05-23T12:00:00,True,0.88126,0.88144,0.88069,0.88080,891
2019-05-23T13:00:00,True,0.88077,0.88096,0.87902,0.88050,2144
2019-05-23T14:00:00,True,0.88052,0.88169,0.87994,0.88022,2380
2019-05-23T15:00:00,True,0.88020,0.88228,0.87970,0.88202,1574
2019-05-23T16:00:00,True,0.88199,0.88242,0.88170,0.88204,768
2019-05-23T17:00:00,True,0.88206,0.88278,0.88204,0.88276,555
2019-05-23T18:00:00,True,0.88272,0.88371,0.88272,0.88363,418
2019-05-23T19:00:00,True,0.88361,0.88370,0.88315,0.88328,353
2019-05-23T20:00:00,True,0.88331,0.88346,0.88313,0.88333,235
2019-05-23T21:00:00,True,0.88363,0.88363,0.88290,0.88326,140
2019-05-23T22:00:00,True,0.88322,0.88332,0.88302,0.88315,182
2019-05-23T23:00:00,True,0.88312,0.88331,0.88312,0.88329,100
2019-05-24T00:00:00,True,0.88327,0.88327,0.88286,0.88310,204
2019-05-24T01:00:00,True,0.88312,0.88328,0.88306,0.88318,154
2019-05-24T02:00:00,True,0.88316,0.88326,0.88302,0.88320,277
2019-05-24T03:00:00,True,0.88322,0.88331,0.88306,0.88331,117
2019-05-24T04:00:00,True,0.88334,0.88334,0.88312,0.88323,81
2019-05-24T05:00:00,True,0.88320,0.88334,0.88300,0.88304,87
2019-05-24T06:00:00,True,0.88304,0.88354,0.88278,0.88288,912
2019-05-24T07:00:00,True,0.88286,0.88379,0.88239,0.88244,952
2019-05-24T08:00:00,True,0.88246,0.88321,0.88138,0.88154,1089
2019-05-24T09:00:00,True,0.88152,0.88321,0.88028,0.88134,2014
2019-05-24T10:00:00,True,0.88136,0.88198,0.88027,0.88137,1316
2019-05-24T11:00:00,True,0.88139,0.88366,0.88139,0.88362,895
2019-05-24T12:00:00,True,0.88360,0.88504,0.88296,0.88368,1850
2019-05-24T13:00:00,True,0.88371,0.88420,0.88260,0.88382,1181
2019-05-24T14:00:00,True,0.88380,0.88426,0.88184,0.88302,1929
2019-05-24T15:00:00,True,0.88300,0.88352,0.88175,0.88175,1007
2019-05-24T16:00:00,True,0.88178,0.88215,0.88134,0.88140,625
2019-05-24T17:00:00,True,0.88138,0.88174,0.88048,0.88172,697
2019-05-24T18:00:00,True,0.88170,0.88192,0.88140,0.88170,363
2019-05-24T19:00:00,True,0.88172,0.88182,0.88125,0.88158,313
2019-05-24T20:00:00,True,0.88160,0.88171,0.88134,0.88142,233
2019-05-26T21:00:00,True,0.88030,0.88170,0.88008,0.88113,126
2019-05-26T22:00:00,True,0.88117,0.88132,0.88068,0.88076,124
2019-05-26T23:00:00,True,0.88079,0.88101,0.88076,0.88086,127
2019-05-27T00:00:00,True,0.88084,0.88094,0.88046,0.88056,149
2019-05-27T01:00:00,True,0.88058,0.88077,0.88040,0.88061,151
2019-05-27T02:00:00,True,0.88063,0.88080,0.88050,0.88066,103
2019-05-27T03:00:00,True,0.88068,0.88075,0.88058,0.88061,93
2019-05-27T04:00:00,True,0.88059,0.88059,0.88023,0.88026,96
2019-05-27T05:00:00,True,0.88023,0.88026,0.87970,0.87986,141
2019-05-27T06:00:00,True,0.87986,0.88002,0.87920,0.87920,682
2019-05-27T07:00:00,True,0.87917,0.88024,0.87903,0.88013,826
2019-05-27T08:00:00,True,0.88016,0.88096,0.87992,0.88090,696
2019-05-27T09:00:00,True,0.88086,0.88198,0.88079,0.88192,619
2019-05-27T10:00:00,True,0.88194,0.88316,0.88186,0.88221,975
2019-05-27T11:00:00,True,0.88223,0.88240,0.88182,0.88208,505
2019-05-27T12:00:00,True,0.88211,0.88328,0.88210,0.88316,416
2019-05-27T13:00:00,True,0.88314,0.88350,0.88284,0.88315,633
2019-05-27T14:00:00,True,0.88312,0.88354,0.88254,0.88266,460
2019-05-27T15:00:00,True,0.88263,0.88328,0.88262,0.88289,258
2019-05-27T16:00:00,True,0.88286,0.88293,0.88249,0.88252,140
2019-05-27T17:00:00,True,0.88254,0.88294,0.88252,0.88277,1588
2019-05-27T18:00:00,True,0.88274,0.88284,0.88244,0.88250,2507
2019-05-27T19:00:00,True,0.88253,0.88262,0.88242,0.88247,328
2019-05-27T20:00:00,True,0.88249,0.88276,0.88244,0.88272,204
2019-05-27T21:00:00,True,0.88324,0.88422,0.88253,0.88277,123
2019-05-27T22:00:00,True,0.88273,0.88286,0.88258,0.88258,241
2019-05-27T23:00:00,True,0.88256,0.88279,0.88254,0.88271,124
2019-05-28T00:00:00,True,0.88268,0.88285,0.88252,0.88268,132
2019-05-28T01:00:00,True,0.88270,0.88284,0.88236,0.88245,193
2019-05-28T02:00:00,True,0.88242,0.88256,0.88226,0.88237,139
2019-05-28T03:00:00,True,0.88239,0.88242,0.88218,0.88228,62
2019-05-28T04:00:00,True,0.88224,0.88250,0.88220,0.88233,114
2019-05-28T05:00:00,True,0.88236,0.88246,0.88201,0.88239,140
2019-05-28T06:00:00,True,0.88242,0.88260,0.88060,0.88205,1268
2019-05-28T07:00:00,True,0.88207,0.88350,0.88174,0.88328,1950
2019-05-28T08:00:00,True,0.88326,0.88405,0.88321,0.88334,1118
2019-05-28T09:00:00,True,0.88330,0.88412,0.88303,0.88409,741
2019-05-28T10:00:00,True,0.88407,0.88418,0.88224,0.88274,1009
2019-05-28T11:00:00,True,0.88272,0.88356,0.88270,0.88347,738
2019-05-28T12:00:00,True,0.88344,0.88398,0.88272,0.88314,818
2019-05-28T13:00:00,True,0.88312,0.88318,0.88199,0.88252,1098
2019-05-28T14:00:00,True,0.88254,0.88348,0.88159,0.88162,1694
2019-05-28T15:00:00,True,0.88164,0.88238,0.88129,0.88236,1162
2019-05-28T16:00:00,True,0.88238,0.88251,0.88146,0.88150,642
2019-05-28T17:00:00,True,0.88148,0.88221,0.88148,0.88216,270
2019-05-28T18:00:00,True,0.88214,0.88228,0.88198,0.88226,317
2019-05-28T19:00:00,True,0.88224,0.88238,0.88186,0.88230,437
2019-05-28T20:00:00,True,0.88232,0.88244,0.88201,0.88216,214
2019-05-28T21:00:00,True,0.88200,0.88236,0.88190,0.88216,228
2019-05-28T22:00:00,True,0.88218,0.88233,0.88198,0.88209,129
2019-05-28T23:00:00,True,0.88207,0.88234,0.88204,0.88226,66
2019-05-29T00:00:00,True,0.88224,0.88253,0.88203,0.88246,177
2019-05-29T01:00:00,True,0.88248,0.88270,0.88232,0.88234,175
2019-05-29T02:00:00,True,0.88232,0.88236,0.88190,0.88198,279
2019-05-29T03:00:00,True,0.88201,0.88206,0.88188,0.88193,85
2019-05-29T04:00:00,True,0.88190,0.88200,0.88184,0.88197,85
2019-05-29T05:00:00,True,0.88199,0.88202,0.88168,0.88176,144
2019-05-29T06:00:00,True,0.88176,0.88202,0.88154,0.88187,601
2019-05-29T07:00:00,True,0.88184,0.88274,0.88162,0.88253,1089
2019-05-29T08:00:00,True,0.88251,0.88325,0.88218,0.88230,864
2019-05-29T09:00:00,True,0.88232,0.88308,0.88212,0.88246,962
2019-05-29T10:00:00,True,0.88244,0.88280,0.88167,0.88248,657
2019-05-29T11:00:00,True,0.88246,0.88268,0.88214,0.88216,647
2019-05-29T12:00:00,True,0.88214,0.88226,0.88078,0.88101,784
2019-05-29T13:00:00,True,0.88098,0.88129,0.88020,0.88081,973
2019-05-29T14:00:00,True,0.88084,0.88222,0.87984,0.88214,2271
2019-05-29T15:00:00,True,0.88216,0.88252,0.88138,0.88166,1651
2019-05-29T16:00:00,True,0.88168,0.88255,0.88166,0.88229,538
2019-05-29T17:00:00,True,0.88226,0.88226,0.88148,0.88177,661
2019-05-29T18:00:00,True,0.88174,0.88212,0.88172,0.88199,369
2019-05-29T19:00:00,True,0.88197,0.88214,0.88164,0.88190,394
2019-05-29T20:00:00,True,0.88192,0.88198,0.88134,0.88155,195
2019-05-29T21:00:00,True,0.88166,0.88176,0.88130,0.88152,131
2019-05-29T22:00:00,True,0.88154,0.88193,0.88154,0.88193,131
2019-05-29T23:00:00,True,0.88191,0.88193,0.88170,0.88183,97
2019-05-30T00:00:00,True,0.88180,0.88240,0.88166,0.88233,215
2019-05-30T01:00:00,True,0.88236,0.88253,0.88232,0.88236,133
2019-05-30T02:00:00,True,0.88234,0.88245,0.88204,0.88210,184
2019-05-30T03:00:00,True,0.88212,0.88212,0.88184,0.88196,78
2019-05-30T04:00:00,True,0.88198,0.88200,0.88162,0.88168,108
2019-05-30T05:00:00,True,0.88170,0.88170,0.88133,0.88135,89
2019-05-30T06:00:00,True,0.88133,0.88148,0.88080,0.88103,389
2019-05-30T07:00:00,True,0.88105,0.88224,0.88093,0.88191,1006
2019-05-30T08:00:00,True,0.88193,0.88206,0.88113,0.88175,695
2019-05-30T09:00:00,True,0.88178,0.88208,0.88135,0.88200,510
2019-05-30T10:00:00,True,0.88198,0.88276,0.88168,0.88172,631
2019-05-30T11:00:00,True,0.88174,0.88219,0.88154,0.88176,545
2019-05-30T12:00:00,True,0.88178,0.88228,0.88150,0.88212,737
2019-05-30T13:00:00,True,0.88210,0.88225,0.88114,0.88218,1085
2019-05-30T14:00:00,True,0.88216,0.88410,0.88188,0.88382,1422
2019-05-30T15:00:00,True,0.88384,0.88392,0.88262,0.88282,1218
2019-05-30T16:00:00,True,0.88279,0.88310,0.88252,0.88300,369
2019-05-30T17:00:00,True,0.88297,0.88312,0.88256,0.88274,291
2019-05-30T18:00:00,True,0.88272,0.88324,0.88257,0.88300,384
2019-05-30T19:00:00,True,0.88303,0.88307,0.88259,0.88297,324
2019-05-30T20:00:00,True,0.88295,0.88295,0.88240,0.88264,201
2019-05-30T21:00:00,True,0.88282,0.88308,0.88234,0.88280,274
2019-05-30T22:00:00,True,0.88278,0.88292,0.88266,0.88283,97
2019-05-30T23:00:00,True,0.88286,0.88294,0.88265,0.88286,218
2019-05-31T00:00:00,True,0.88284,0.88314,0.88260,0.88303,352
2019-05-31T01:00:00,True,0.88305,0.88330,0.88290,0.88306,121
2019-05-31T02:00:00,True,0.88304,0.88304,0.88272,0.88283,211
2019-05-31T03:00:00,True,0.88286,0.88294,0.88257,0.88263,108
2019-05-31T04:00:00,True,0.88261,0.88276,0.88240,0.88266,138
2019-05-31T05:00:00,True,0.88268,0.88280,0.88226,0.88252,194
2019-05-31T06:00:00,True,0.88254,0.88366,0.88248,0.88310,535
2019-05-31T07:00:00,True,0.88313,0.88326,0.88252,0.88286,987
2019-05-31T08:00:00,True,0.88288,0.88382,0.88276,0.88370,945
2019-05-31T09:00:00,True,0.88372,0.88668,0.88370,0.88629,1646
2019-05-31T10:00:00,True,0.88627,0.88680,0.88534,0.88601,1106
2019-05-31T11:00:00,True,0.88603,0.88747,0.88564,0.88702,1220
2019-05-31T12:00:00,True,0.88704,0.88734,0.88591,0.88663,1626
2019-05-31T13:00:00,True,0.88661,0.88731,0.88622,0.88631,1321
2019-05-31T14:00:00,True,0.88633,0.88639,0.88355,0.88416,2949
2019-05-31T15:00:00,True,0.88414,0.88460,0.88303,0.88353,2313
2019-05-31T16:00:00,True,0.88350,0.88390,0.88338,0.88387,584
2019-05-31T17:00:00,True,0.88384,0.88426,0.88354,0.88416,605
2019-05-31T18:00:00,True,0.88414,0.88466,0.88396,0.88442,743
2019-05-31T19:00:00,True,0.88439,0.88444,0.88358,0.88364,691
2019-05-31T20:00:00,True,0.88362,0.88435,0.88349,0.88418,313
2019-06-02T21:00:00,True,0.88396,0.88422,0.88342,0.88386,170
2019-06-02T22:00:00,True,0.88382,0.88432,0.88368,0.88418,269
2019-06-02T23:00:00,True,0.88416,0.88428,0.88404,0.88405,142
2019-06-03T00:00:00,True,0.88403,0.88412,0.88374,0.88394,277
2019-06-03T01:00:00,True,0.88392,0.88414,0.88376,0.88412,214
2019-06-03T02:00:00,True,0.88414,0.88426,0.88402,0.88414,159
2019-06-03T03:00:00,True,0.88412,0.88420,0.88394,0.88396,114
2019-06-03T04:00:00,True,0.88398,0.88444,0.88396,0.88415,156
2019-06-03T05:00:00,True,0.88413,0.88422,0.88398,0.88420,92
2019-06-03T06:00:00,True,0.88422,0.88453,0.88340,0.88354,575
2019-06-03T07:00:00,True,0.88356,0.88375,0.88262,0.88298,1285
2019-06-03T08:00:00,True,0.88296,0.88431,0.88252,0.88429,1221
2019-06-03T09:00:00,True,0.88432,0.88476,0.88358,0.88378,680
2019-06-03T10:00:00,True,0.88376,0.88440,0.88326,0.88430,661
2019-06-03T11:00:00,True,0.88432,0.88660,0.88432,0.88632,1042
2019-06-03T12:00:00,True,0.88634,0.88707,0.88598,0.88636,1363
2019-06-03T13:00:00,True,0.88638,0.88686,0.88610,0.88642,993
2019-06-03T14:00:00,True,0.88646,0.88694,0.88568,0.88694,1548
2019-06-03T15:00:00,True,0.88692,0.88812,0.88648,0.88791,1194
2019-06-03T16:00:00,True,0.88788,0.88848,0.88726,0.88762,657
2019-06-03T17:00:00,True,0.88760,0.88822,0.88732,0.88773,1351
2019-06-03T18:00:00,True,0.88771,0.88879,0.88760,0.88876,816
2019-06-03T19:00:00,True,0.88874,0.88879,0.88761,0.88782,936
2019-06-03T20:00:00,True,0.88779,0.88779,0.88746,0.88768,321
2019-06-03T21:00:00,True,0.88754,0.88836,0.88720,0.88756,3214
2019-06-03T22:00:00,False,0.88752,0.88794,0.88752,0.88785,152
