timestamp,Open,High,Low,Close,Position
2019-01-01 22:00:00,0.67138,0.6724600000000001,0.67098,0.67118,HOLD
2019-01-02 01:00:00,0.6711600000000001,0.67165,0.66832,0.6685800000000001,HOLD
2019-01-02 04:00:00,0.6685800000000001,0.67208,0.6685,0.67164,HOLD
2019-01-02 07:00:00,0.6715800000000001,0.67182,0.6698,0.67097,HOLD
2019-01-02 10:00:00,0.67092,0.67101,0.66862,0.66866,HOLD
2019-01-02 13:00:00,0.66866,0.66866,0.6662399999999999,0.6666300000000001,HOLD
2019-01-02 16:00:00,0.66666,0.6674800000000001,0.6655800000000001,0.66579,HOLD
2019-01-02 19:00:00,0.66578,0.6663600000000001,0.665,0.665,HOLD
2019-01-02 22:00:00,0.66564,0.67047,0.65779,0.66188,HOLD
2019-01-03 01:00:00,0.66188,0.66355,0.6613600000000001,0.66265,HOLD
2019-01-03 04:00:00,0.66264,0.66332,0.66228,0.6631600000000001,HOLD
2019-01-03 07:00:00,0.66317,0.66552,0.66292,0.6641199999999999,HOLD
2019-01-03 10:00:00,0.6641,0.6641600000000001,0.66288,0.66359,HOLD
2019-01-03 13:00:00,0.66359,0.66814,0.66346,0.6675399999999999,HOLD
2019-01-03 16:00:00,0.6674899999999999,0.66972,0.66682,0.66962,HOLD
2019-01-03 19:00:00,0.6696,0.66996,0.66889,0.66889,HOLD
2019-01-03 22:00:00,0.6691600000000001,0.6694399999999999,0.6676,0.66813,HOLD
2019-01-04 01:00:00,0.6681199999999999,0.67074,0.6681199999999999,0.67074,HOLD
2019-01-04 04:00:00,0.67074,0.67074,0.6684399999999999,0.66885,HOLD
2019-01-04 07:00:00,0.66885,0.67078,0.66876,0.67023,HOLD
2019-01-04 10:00:00,0.67024,0.67028,0.66902,0.6693100000000001,HOLD
2019-01-04 13:00:00,0.6693600000000001,0.674,0.66688,0.67399,HOLD
2019-01-04 16:00:00,0.67397,0.67518,0.673,0.67465,HOLD
2019-01-04 19:00:00,0.67462,0.6751,0.67292,0.67292,HOLD
2019-01-06 22:00:00,0.67416,0.67472,0.67269,0.67324,HOLD
2019-01-07 01:00:00,0.67324,0.6755,0.67324,0.6751199999999999,HOLD
2019-01-07 04:00:00,0.67518,0.6756,0.67432,0.67445,HOLD
2019-01-07 07:00:00,0.6744600000000001,0.67648,0.67427,0.67566,HOLD
2019-01-07 10:00:00,0.67566,0.6763899999999999,0.675,0.67598,BUY
2019-01-07 13:00:00,0.676,0.6767,0.6751199999999999,0.6761199999999999,BUY
2019-01-07 16:00:00,0.67606,0.6764,0.6752199999999999,0.67533,BUY
2019-01-07 19:00:00,0.6753399999999999,0.67552,0.67495,0.67528,BUY
2019-01-07 22:00:00,0.67564,0.67597,0.67435,0.67456,BUY
2019-01-08 01:00:00,0.6745399999999999,0.67572,0.67382,0.6745,BUY
2019-01-08 04:00:00,0.6745,0.67455,0.67374,0.67448,BUY
2019-01-08 07:00:00,0.67448,0.67482,0.6732199999999999,0.67371,BUY
2019-01-08 10:00:00,0.67371,0.6744,0.67282,0.67292,BUY
2019-01-08 13:00:00,0.67286,0.673,0.67079,0.67177,BUY
2019-01-08 16:00:00,0.67177,0.67324,0.6716,0.67252,BUY
2019-01-08 19:00:00,0.67252,0.6726800000000001,0.67181,0.67181,BUY
2019-01-08 22:00:00,0.67242,0.67527,0.67211,0.67432,BUY
2019-01-09 01:00:00,0.6743,0.67576,0.67391,0.6752600000000001,BUY
2019-01-09 04:00:00,0.67524,0.67592,0.67476,0.6753600000000001,BUY
2019-01-09 07:00:00,0.6753399999999999,0.67648,0.6751,0.67542,BUY
2019-01-09 10:00:00,0.67542,0.67795,0.6754,0.67767,BUY
2019-01-09 13:00:00,0.67771,0.6808,0.6773899999999999,0.67882,BUY
2019-01-09 16:00:00,0.67884,0.68038,0.67872,0.68035,BUY
2019-01-09 19:00:00,0.67999,0.6814,0.67886,0.67886,BUY
2019-01-09 22:00:00,0.67886,0.6794,0.6783,0.67902,BUY
2019-01-10 01:00:00,0.67904,0.67919,0.67713,0.67885,BUY
2019-01-10 04:00:00,0.67886,0.67892,0.67798,0.67887,BUY
2019-01-10 07:00:00,0.67886,0.67891,0.67766,0.6785800000000001,BUY
2019-01-10 10:00:00,0.67852,0.67916,0.6782,0.67886,BUY
2019-01-10 13:00:00,0.67889,0.6794,0.6779,0.6792199999999999,BUY
2019-01-10 16:00:00,0.67928,0.67942,0.6775100000000001,0.67802,BUY
2019-01-10 19:00:00,0.678,0.6784600000000001,0.67782,0.67814,BUY
2019-01-10 22:00:00,0.6785399999999999,0.67929,0.67767,0.6786800000000001,BUY
2019-01-11 01:00:00,0.6787,0.68089,0.67848,0.68084,BUY
2019-01-11 04:00:00,0.68082,0.6826300000000001,0.6805899999999999,0.68214,BUY
2019-01-11 07:00:00,0.68219,0.68402,0.68188,0.68323,BUY
2019-01-11 10:00:00,0.68324,0.6843600000000001,0.68314,0.68338,BUY
2019-01-11 13:00:00,0.68337,0.68386,0.68086,0.68187,BUY
2019-01-11 16:00:00,0.68192,0.6835600000000001,0.6816300000000001,0.68298,BUY
2019-01-11 19:00:00,0.68296,0.6837,0.68278,0.68278,BUY
2019-01-13 22:00:00,0.6826,0.6833199999999999,0.68191,0.68266,BUY
2019-01-14 01:00:00,0.68265,0.68328,0.6805,0.68084,BUY
2019-01-14 04:00:00,0.68085,0.68092,0.67966,0.68006,HOLD
2019-01-14 07:00:00,0.68007,0.68108,0.67974,0.68071,HOLD
2019-01-14 10:00:00,0.68072,0.6822600000000001,0.68052,0.6818,HOLD
2019-01-14 13:00:00,0.6818,0.68294,0.68157,0.68274,HOLD
2019-01-14 16:00:00,0.68274,0.68314,0.6822,0.6827300000000001,HOLD
2019-01-14 19:00:00,0.68274,0.68275,0.68184,0.68212,HOLD
2019-01-14 22:00:00,0.6826,0.68348,0.68111,0.68347,HOLD
2019-01-15 01:00:00,0.6834600000000001,0.68433,0.68288,0.68384,HOLD
2019-01-15 04:00:00,0.6839,0.68485,0.68353,0.68442,BUY
2019-01-15 07:00:00,0.68442,0.68484,0.68215,0.68215,BUY
2019-01-15 10:00:00,0.68216,0.68314,0.6812600000000001,0.6816399999999999,BUY
2019-01-15 13:00:00,0.6817,0.68357,0.6812600000000001,0.6827,BUY
2019-01-15 16:00:00,0.68269,0.68278,0.67998,0.6802600000000001,HOLD
2019-01-15 19:00:00,0.68025,0.68214,0.68024,0.68148,HOLD
2019-01-15 22:00:00,0.6819,0.68258,0.6812199999999999,0.68224,HOLD
2019-01-16 01:00:00,0.68224,0.68242,0.68052,0.68138,HOLD
2019-01-16 04:00:00,0.68138,0.68302,0.6811,0.6823600000000001,HOLD
2019-01-16 07:00:00,0.68234,0.68308,0.67833,0.67842,HOLD
2019-01-16 10:00:00,0.67842,0.6786399999999999,0.67552,0.67718,HOLD
2019-01-16 13:00:00,0.67723,0.6786800000000001,0.6768,0.67824,HOLD
2019-01-16 16:00:00,0.67824,0.6791,0.67808,0.67878,HOLD
2019-01-16 19:00:00,0.67877,0.679,0.67742,0.67774,HOLD
2019-01-16 22:00:00,0.67782,0.67814,0.6768,0.67756,HOLD
2019-01-17 01:00:00,0.67757,0.67794,0.6755399999999999,0.6762600000000001,HOLD
2019-01-17 04:00:00,0.6762600000000001,0.6762699999999999,0.67416,0.67424,HOLD
2019-01-17 07:00:00,0.67424,0.6747,0.6732199999999999,0.67396,HOLD
2019-01-17 10:00:00,0.67394,0.6745899999999999,0.67306,0.6745899999999999,HOLD
2019-01-17 13:00:00,0.6745800000000001,0.6748,0.67276,0.67355,HOLD
2019-01-17 16:00:00,0.67356,0.67513,0.67342,0.6747,HOLD
2019-01-17 19:00:00,0.6747,0.67865,0.67464,0.6762199999999999,HOLD
2019-01-17 22:00:00,0.67684,0.6775100000000001,0.6752,0.67604,HOLD
2019-01-18 01:00:00,0.67604,0.67714,0.6755899999999999,0.67624,HOLD
2019-01-18 04:00:00,0.67625,0.67699,0.67593,0.67698,HOLD
2019-01-18 07:00:00,0.67693,0.6772,0.67494,0.6755399999999999,HOLD
2019-01-18 10:00:00,0.67556,0.67733,0.6755399999999999,0.6771699999999999,HOLD
2019-01-18 13:00:00,0.67716,0.6785,0.67575,0.6765100000000001,HOLD
2019-01-18 16:00:00,0.6764899999999999,0.6765800000000001,0.67453,0.67504,HOLD
2019-01-18 19:00:00,0.67502,0.67506,0.6737,0.67462,HOLD
2019-01-20 22:00:00,0.67566,0.67595,0.6731,0.67338,HOLD
2019-01-21 01:00:00,0.6733600000000001,0.67372,0.67204,0.6724100000000001,HOLD
2019-01-21 04:00:00,0.6724,0.6734600000000001,0.67152,0.6731699999999999,HOLD
2019-01-21 07:00:00,0.6731199999999999,0.67399,0.67203,0.6726,HOLD
2019-01-21 10:00:00,0.67262,0.67302,0.67198,0.67251,HOLD
2019-01-21 13:00:00,0.67252,0.67302,0.67133,0.6729,HOLD
2019-01-21 16:00:00,0.6729,0.67333,0.6725,0.6729,HOLD
2019-01-21 19:00:00,0.67288,0.6732199999999999,0.6726,0.6732,HOLD
2019-01-21 22:00:00,0.6734,0.6734,0.67211,0.6724899999999999,HOLD
2019-01-22 01:00:00,0.67248,0.6734399999999999,0.67235,0.67266,HOLD
2019-01-22 04:00:00,0.67267,0.67288,0.67125,0.6714600000000001,HOLD
2019-01-22 07:00:00,0.6714600000000001,0.6723899999999999,0.67088,0.6709,HOLD
2019-01-22 10:00:00,0.67092,0.67252,0.67074,0.6723399999999999,HOLD
2019-01-22 13:00:00,0.67235,0.6731,0.6718,0.67292,HOLD
2019-01-22 16:00:00,0.67292,0.6734,0.67184,0.67288,HOLD
2019-01-22 19:00:00,0.67282,0.6754899999999999,0.67178,0.6745800000000001,HOLD
2019-01-22 22:00:00,0.6752,0.67711,0.67428,0.6766399999999999,HOLD
2019-01-23 01:00:00,0.6766399999999999,0.67806,0.67605,0.67695,HOLD
2019-01-23 04:00:00,0.677,0.67903,0.6766800000000001,0.67898,HOLD
2019-01-23 07:00:00,0.67898,0.67933,0.67802,0.67898,HOLD
2019-01-23 10:00:00,0.67898,0.67986,0.67878,0.67885,HOLD
2019-01-23 13:00:00,0.67886,0.6792199999999999,0.67776,0.6785100000000001,HOLD
2019-01-23 16:00:00,0.67852,0.6794,0.67824,0.67912,HOLD
2019-01-23 19:00:00,0.67914,0.67924,0.6787,0.67897,HOLD
2019-01-23 22:00:00,0.6786300000000001,0.68082,0.67838,0.67969,BUY
2019-01-24 01:00:00,0.67969,0.68034,0.6782199999999999,0.67869,BUY
2019-01-24 04:00:00,0.67874,0.67876,0.67706,0.67748,BUY
2019-01-24 07:00:00,0.6774600000000001,0.67862,0.6766800000000001,0.6773399999999999,BUY
2019-01-24 10:00:00,0.67728,0.67795,0.6762,0.6775,BUY
2019-01-24 13:00:00,0.67748,0.67899,0.67652,0.6774399999999999,BUY
2019-01-24 16:00:00,0.6774600000000001,0.67769,0.67595,0.67638,BUY
2019-01-24 19:00:00,0.67637,0.67662,0.6756,0.67611,BUY
2019-01-24 22:00:00,0.6764600000000001,0.67656,0.6753899999999999,0.67604,HOLD
2019-01-25 01:00:00,0.67606,0.67784,0.67467,0.6775100000000001,HOLD
2019-01-25 04:00:00,0.67752,0.67773,0.6763600000000001,0.67748,HOLD
2019-01-25 07:00:00,0.6775,0.67814,0.67662,0.67725,HOLD
2019-01-25 10:00:00,0.6772600000000001,0.67877,0.67688,0.67813,HOLD
2019-01-25 13:00:00,0.67815,0.68367,0.67796,0.68314,BUY
2019-01-25 16:00:00,0.68316,0.68466,0.68307,0.6843199999999999,BUY
2019-01-25 19:00:00,0.6843199999999999,0.68512,0.6836,0.6841,BUY
2019-01-27 22:00:00,0.68291,0.68482,0.68286,0.68403,BUY
2019-01-28 01:00:00,0.68402,0.68717,0.68395,0.68687,BUY
2019-01-28 04:00:00,0.68686,0.6872,0.68572,0.68588,BUY
2019-01-28 07:00:00,0.68587,0.68612,0.6843199999999999,0.68505,BUY
2019-01-28 10:00:00,0.68505,0.6859,0.68342,0.68392,BUY
2019-01-28 13:00:00,0.68398,0.6849,0.6833199999999999,0.6835600000000001,BUY
2019-01-28 16:00:00,0.6835399999999999,0.68402,0.68295,0.6836899999999999,BUY
2019-01-28 19:00:00,0.6836800000000001,0.68382,0.6826,0.68297,BUY
2019-01-28 22:00:00,0.6835,0.68353,0.68158,0.6826399999999999,BUY
2019-01-29 01:00:00,0.68262,0.68406,0.68205,0.68394,BUY
2019-01-29 04:00:00,0.68388,0.6857,0.6834600000000001,0.68516,BUY
2019-01-29 07:00:00,0.68516,0.68623,0.6846300000000001,0.68506,BUY
2019-01-29 10:00:00,0.68501,0.6852600000000001,0.68407,0.68428,BUY
2019-01-29 13:00:00,0.6842699999999999,0.68486,0.68283,0.68334,BUY
2019-01-29 16:00:00,0.68334,0.6835899999999999,0.68265,0.68328,BUY
2019-01-29 19:00:00,0.68329,0.6839,0.6824600000000001,0.68384,BUY
2019-01-29 22:00:00,0.6836,0.6836,0.68214,0.68279,BUY
2019-01-30 01:00:00,0.6828,0.6846399999999999,0.6822,0.68419,BUY
2019-01-30 04:00:00,0.68418,0.6856800000000001,0.6841,0.68493,BUY
2019-01-30 07:00:00,0.68493,0.6853100000000001,0.6835,0.68402,BUY
2019-01-30 10:00:00,0.68408,0.68423,0.6832199999999999,0.6833,BUY
2019-01-30 13:00:00,0.6833,0.68348,0.6823,0.6834399999999999,BUY
2019-01-30 16:00:00,0.6834600000000001,0.68388,0.68312,0.68334,BUY
2019-01-30 19:00:00,0.6833899999999999,0.69118,0.68325,0.6897,BUY
2019-01-30 22:00:00,0.68924,0.69242,0.68874,0.69008,BUY
2019-01-31 01:00:00,0.6901,0.69179,0.68958,0.6915,BUY
2019-01-31 04:00:00,0.69152,0.69172,0.6906,0.69084,BUY
2019-01-31 07:00:00,0.69082,0.69215,0.69034,0.69091,BUY
2019-01-31 10:00:00,0.69094,0.6921,0.68982,0.6917399999999999,BUY
2019-01-31 13:00:00,0.69176,0.6937800000000001,0.6916800000000001,0.6936100000000001,BUY
2019-01-31 16:00:00,0.6935899999999999,0.6939,0.6903,0.6906899999999999,BUY
2019-01-31 19:00:00,0.69066,0.69198,0.69018,0.69175,BUY
2019-01-31 22:00:00,0.69182,0.69234,0.69118,0.69162,BUY
2019-02-01 01:00:00,0.6916399999999999,0.69184,0.6899,0.69129,BUY
2019-02-01 04:00:00,0.6913100000000001,0.6915399999999999,0.6906800000000001,0.69105,BUY
2019-02-01 07:00:00,0.69102,0.6923600000000001,0.69053,0.69208,BUY
2019-02-01 10:00:00,0.69206,0.6927,0.6917399999999999,0.69217,BUY
2019-02-01 13:00:00,0.69219,0.6942,0.68998,0.69124,BUY
2019-02-01 16:00:00,0.69126,0.69157,0.6903,0.6904,BUY
2019-02-01 19:00:00,0.69038,0.69042,0.68908,0.68939,BUY
2019-02-03 22:00:00,0.6896399999999999,0.69042,0.68921,0.6894399999999999,BUY
2019-02-04 01:00:00,0.68942,0.6906,0.68924,0.6893199999999999,BUY
2019-02-04 04:00:00,0.68929,0.68948,0.68862,0.68923,HOLD
2019-02-04 07:00:00,0.6892,0.68976,0.6888,0.68899,HOLD
2019-02-04 10:00:00,0.68901,0.68935,0.68766,0.68802,HOLD
2019-02-04 13:00:00,0.688,0.68834,0.68702,0.68826,HOLD
2019-02-04 16:00:00,0.68824,0.6883699999999999,0.6874399999999999,0.68777,HOLD
2019-02-04 19:00:00,0.68775,0.68876,0.6877,0.6884600000000001,HOLD
2019-02-04 22:00:00,0.6885600000000001,0.6887,0.68716,0.68724,HOLD
2019-02-05 01:00:00,0.68726,0.68996,0.68726,0.68988,HOLD
2019-02-05 04:00:00,0.6899,0.69018,0.6893600000000001,0.6897800000000001,HOLD
2019-02-05 07:00:00,0.68976,0.6901,0.68848,0.68888,HOLD
2019-02-05 10:00:00,0.6889,0.69004,0.68875,0.68981,HOLD
2019-02-05 13:00:00,0.6897800000000001,0.6906,0.6888,0.6892,HOLD
2019-02-05 16:00:00,0.68924,0.6898,0.6886800000000001,0.6893600000000001,HOLD
2019-02-05 19:00:00,0.68934,0.6896100000000001,0.68892,0.6893600000000001,HOLD
2019-02-05 22:00:00,0.6895600000000001,0.69053,0.6891,0.69016,HOLD
2019-02-06 01:00:00,0.69014,0.69038,0.6874,0.68752,HOLD
2019-02-06 04:00:00,0.6875,0.68762,0.68575,0.68587,HOLD
2019-02-06 07:00:00,0.68584,0.68618,0.68447,0.6855,HOLD
2019-02-06 10:00:00,0.68548,0.6857800000000001,0.68482,0.6856899999999999,HOLD
2019-02-06 13:00:00,0.68571,0.68588,0.68372,0.6843600000000001,HOLD
2019-02-06 16:00:00,0.68438,0.68458,0.68298,0.68314,HOLD
2019-02-06 19:00:00,0.68312,0.6832699999999999,0.67662,0.67767,HOLD
2019-02-06 22:00:00,0.67762,0.6778,0.6763,0.67686,HOLD
2019-02-07 01:00:00,0.67688,0.677,0.67518,0.67562,HOLD
2019-02-07 04:00:00,0.67564,0.67567,0.6744399999999999,0.6753399999999999,HOLD
2019-02-07 07:00:00,0.67537,0.67566,0.67448,0.67542,HOLD
2019-02-07 10:00:00,0.6754,0.6763399999999999,0.67492,0.67632,HOLD
2019-02-07 13:00:00,0.6763399999999999,0.67692,0.6753600000000001,0.6769,HOLD
2019-02-07 16:00:00,0.67692,0.6772,0.67509,0.67586,HOLD
2019-02-07 19:00:00,0.67584,0.67594,0.67474,0.67492,HOLD
2019-02-07 22:00:00,0.67496,0.67496,0.6733,0.67366,HOLD
2019-02-08 01:00:00,0.6736800000000001,0.6755,0.67298,0.6752,HOLD
2019-02-08 04:00:00,0.67518,0.67602,0.67509,0.67567,HOLD
2019-02-08 07:00:00,0.6757,0.6766399999999999,0.6745399999999999,0.67466,HOLD
2019-02-08 10:00:00,0.67464,0.67516,0.67416,0.6745,HOLD
2019-02-08 13:00:00,0.67452,0.67561,0.6745,0.67524,HOLD
2019-02-08 16:00:00,0.67527,0.67586,0.6745399999999999,0.67484,HOLD
2019-02-08 19:00:00,0.67486,0.67499,0.6743,0.67442,HOLD
2019-02-10 22:00:00,0.67423,0.67682,0.67415,0.67642,HOLD
2019-02-11 01:00:00,0.67645,0.6773399999999999,0.67553,0.67566,HOLD
2019-02-11 04:00:00,0.6756800000000001,0.6772,0.67562,0.67708,HOLD
2019-02-11 07:00:00,0.67706,0.6771,0.67456,0.67484,HOLD
2019-02-11 10:00:00,0.67482,0.67532,0.67373,0.67443,HOLD
2019-02-11 13:00:00,0.6744100000000001,0.67507,0.6731600000000001,0.6734399999999999,HOLD
2019-02-11 16:00:00,0.6734600000000001,0.67362,0.67272,0.67299,HOLD
2019-02-11 19:00:00,0.67296,0.6735800000000001,0.67277,0.67327,HOLD
2019-02-11 22:00:00,0.67364,0.6736800000000001,0.6722600000000001,0.6723899999999999,HOLD
2019-02-12 01:00:00,0.6723600000000001,0.67394,0.672,0.67303,HOLD
2019-02-12 04:00:00,0.67301,0.6733600000000001,0.6721600000000001,0.67332,HOLD
2019-02-12 07:00:00,0.6733,0.6735800000000001,0.6724600000000001,0.6725899999999999,HOLD
2019-02-12 10:00:00,0.67262,0.67378,0.6723600000000001,0.6734399999999999,HOLD
2019-02-12 13:00:00,0.6734,0.67442,0.67256,0.6734399999999999,HOLD
2019-02-12 16:00:00,0.67342,0.6741,0.67294,0.6733399999999999,HOLD
2019-02-12 19:00:00,0.67332,0.67396,0.6732600000000001,0.6736800000000001,HOLD
2019-02-12 22:00:00,0.67366,0.67456,0.67272,0.67276,HOLD
2019-02-13 01:00:00,0.67282,0.68492,0.67282,0.6845600000000001,HOLD
2019-02-13 04:00:00,0.6845399999999999,0.6852,0.68374,0.68384,HOLD
2019-02-13 07:00:00,0.68386,0.68398,0.68187,0.68212,HOLD
2019-02-13 10:00:00,0.6821,0.6823199999999999,0.68134,0.6815,HOLD
2019-02-13 13:00:00,0.68148,0.68276,0.6805,0.6816300000000001,HOLD
2019-02-13 16:00:00,0.68165,0.68188,0.68092,0.68102,HOLD
2019-02-13 19:00:00,0.681,0.68118,0.67909,0.67974,HOLD
2019-02-13 22:00:00,0.6796300000000001,0.6813,0.6793399999999999,0.681,HOLD
2019-02-14 01:00:00,0.68102,0.6834399999999999,0.68056,0.68311,HOLD
2019-02-14 04:00:00,0.68309,0.68348,0.68262,0.6832199999999999,HOLD
2019-02-14 07:00:00,0.68324,0.68442,0.68204,0.68285,HOLD
2019-02-14 10:00:00,0.68287,0.68418,0.68287,0.68342,HOLD
2019-02-14 13:00:00,0.6834,0.6856,0.68194,0.683,HOLD
2019-02-14 16:00:00,0.68302,0.6843899999999999,0.68234,0.68412,BUY
2019-02-14 19:00:00,0.6841,0.6842199999999999,0.68299,0.68375,BUY
2019-02-14 22:00:00,0.68372,0.68393,0.6816,0.68177,BUY
2019-02-15 01:00:00,0.68175,0.68266,0.68097,0.68266,BUY
2019-02-15 04:00:00,0.6826399999999999,0.68298,0.68214,0.68286,BUY
2019-02-15 07:00:00,0.68284,0.68387,0.6821,0.68384,BUY
2019-02-15 10:00:00,0.68386,0.68592,0.68372,0.68534,BUY
2019-02-15 13:00:00,0.6853199999999999,0.68666,0.6841,0.68504,BUY
2019-02-15 16:00:00,0.68506,0.6874399999999999,0.68494,0.68704,BUY
2019-02-15 19:00:00,0.68702,0.68702,0.6861,0.68637,BUY
2019-02-17 22:00:00,0.6856800000000001,0.68815,0.6856800000000001,0.68795,BUY
2019-02-18 01:00:00,0.68793,0.6893600000000001,0.6879,0.68848,BUY
2019-02-18 04:00:00,0.6885,0.6887300000000001,0.6874399999999999,0.68752,BUY
2019-02-18 07:00:00,0.6875399999999999,0.68797,0.6862199999999999,0.68696,BUY
2019-02-18 10:00:00,0.68699,0.68784,0.68675,0.68784,BUY
2019-02-18 13:00:00,0.68782,0.6879,0.68528,0.6853600000000001,BUY
2019-02-18 16:00:00,0.68534,0.68534,0.68396,0.68496,BUY
2019-02-18 19:00:00,0.68494,0.68552,0.68458,0.6848,BUY
2019-02-18 22:00:00,0.6852199999999999,0.6862,0.68412,0.68445,HOLD
2019-02-19 01:00:00,0.68443,0.6851,0.68272,0.68294,HOLD
2019-02-19 04:00:00,0.68292,0.6836800000000001,0.68284,0.6833600000000001,HOLD
2019-02-19 07:00:00,0.68334,0.68389,0.68223,0.6824399999999999,HOLD
2019-02-19 10:00:00,0.68242,0.68288,0.6814899999999999,0.68196,HOLD
2019-02-19 13:00:00,0.68194,0.68582,0.68188,0.6855,HOLD
2019-02-19 16:00:00,0.68552,0.68876,0.68504,0.6884399999999999,BUY
2019-02-19 19:00:00,0.6884600000000001,0.68866,0.68787,0.68843,BUY
2019-02-19 22:00:00,0.6884899999999999,0.6884899999999999,0.6873100000000001,0.68742,BUY
2019-02-20 01:00:00,0.6874399999999999,0.68848,0.68684,0.68724,BUY
2019-02-20 04:00:00,0.68726,0.68728,0.68625,0.68635,BUY
2019-02-20 07:00:00,0.68638,0.68728,0.68624,0.68685,BUY
2019-02-20 10:00:00,0.68687,0.6871,0.68502,0.68684,BUY
2019-02-20 13:00:00,0.68682,0.68783,0.6863600000000001,0.68666,BUY
2019-02-20 16:00:00,0.6866399999999999,0.6876800000000001,0.68661,0.68742,BUY
2019-02-20 19:00:00,0.6874399999999999,0.6875600000000001,0.6854399999999999,0.68565,BUY
2019-02-20 22:00:00,0.6856800000000001,0.68767,0.6854399999999999,0.68662,BUY
2019-02-21 01:00:00,0.6866399999999999,0.68697,0.68328,0.6851,HOLD
2019-02-21 04:00:00,0.68508,0.6856,0.68052,0.68112,HOLD
2019-02-21 07:00:00,0.68115,0.68337,0.6807,0.6814399999999999,HOLD
2019-02-21 10:00:00,0.68142,0.68242,0.68124,0.68184,HOLD
2019-02-21 13:00:00,0.68186,0.68266,0.68091,0.68172,HOLD
2019-02-21 16:00:00,0.6817,0.6817,0.67975,0.6806300000000001,HOLD
2019-02-21 19:00:00,0.6806,0.68216,0.68011,0.6801699999999999,HOLD
2019-02-21 22:00:00,0.68021,0.68172,0.68004,0.68108,HOLD
2019-02-22 01:00:00,0.68106,0.6812199999999999,0.67579,0.67766,HOLD
2019-02-22 04:00:00,0.6776399999999999,0.67818,0.67656,0.67816,HOLD
2019-02-22 07:00:00,0.67814,0.67999,0.67811,0.67933,HOLD
2019-02-22 10:00:00,0.6793,0.68132,0.67901,0.68066,HOLD
2019-02-22 13:00:00,0.6807,0.6844600000000001,0.68024,0.68375,SELL
2019-02-22 16:00:00,0.6837300000000001,0.6854,0.6835,0.68487,SELL
2019-02-22 19:00:00,0.6849,0.6851,0.6842199999999999,0.6845899999999999,SELL
2019-02-24 22:00:00,0.6863199999999999,0.6879,0.68537,0.6879,SELL
2019-02-25 01:00:00,0.68788,0.68833,0.68606,0.68657,HOLD
2019-02-25 04:00:00,0.68655,0.68701,0.68616,0.6863600000000001,HOLD
2019-02-25 07:00:00,0.68638,0.68816,0.68638,0.68812,HOLD
2019-02-25 10:00:00,0.6881,0.69018,0.6881,0.68948,HOLD
2019-02-25 13:00:00,0.68945,0.68958,0.68828,0.68894,HOLD
2019-02-25 16:00:00,0.68896,0.6893,0.68791,0.68828,HOLD
2019-02-25 19:00:00,0.68826,0.68894,0.6882199999999999,0.6883600000000001,HOLD
2019-02-25 22:00:00,0.68834,0.68885,0.6877800000000001,0.68784,HOLD
2019-02-26 01:00:00,0.68786,0.68888,0.6875,0.68834,HOLD
2019-02-26 04:00:00,0.6883199999999999,0.68858,0.68793,0.68824,HOLD
2019-02-26 07:00:00,0.6882199999999999,0.68898,0.68712,0.68792,HOLD
2019-02-26 10:00:00,0.68794,0.68834,0.6874600000000001,0.68782,HOLD
2019-02-26 13:00:00,0.6878,0.68887,0.68712,0.68886,HOLD
2019-02-26 16:00:00,0.68884,0.6895,0.68818,0.68872,HOLD
2019-02-26 19:00:00,0.6886800000000001,0.6903199999999999,0.6885399999999999,0.68923,HOLD
2019-02-26 22:00:00,0.68909,0.6902,0.68842,0.6895600000000001,HOLD
2019-02-27 01:00:00,0.68958,0.68982,0.68866,0.68889,HOLD
2019-02-27 04:00:00,0.68892,0.68976,0.6884399999999999,0.68929,HOLD
2019-02-27 07:00:00,0.6893100000000001,0.68958,0.68728,0.68776,HOLD
2019-02-27 10:00:00,0.6877300000000001,0.6883199999999999,0.68616,0.68657,HOLD
2019-02-27 13:00:00,0.6866,0.68707,0.6835600000000001,0.68494,HOLD
2019-02-27 16:00:00,0.68496,0.68528,0.6835,0.68408,HOLD
2019-02-27 19:00:00,0.68411,0.68498,0.6836,0.68498,HOLD
2019-02-27 22:00:00,0.68474,0.6853100000000001,0.6837,0.6838,HOLD
2019-02-28 01:00:00,0.68378,0.68496,0.68334,0.68493,HOLD
2019-02-28 04:00:00,0.68496,0.68533,0.68384,0.6842199999999999,HOLD
2019-02-28 07:00:00,0.6842,0.68524,0.68348,0.68414,HOLD
2019-02-28 10:00:00,0.68416,0.6846800000000001,0.6832199999999999,0.68388,HOLD
2019-02-28 13:00:00,0.68386,0.6844399999999999,0.6796300000000001,0.6815899999999999,HOLD
2019-02-28 16:00:00,0.68162,0.68166,0.68,0.68082,HOLD
2019-02-28 19:00:00,0.68084,0.6813600000000001,0.6805399999999999,0.68072,HOLD
2019-02-28 22:00:00,0.68098,0.68215,0.68066,0.6811,HOLD
2019-03-01 01:00:00,0.68114,0.68214,0.68089,0.68116,HOLD
2019-03-01 04:00:00,0.68118,0.68198,0.68077,0.68104,HOLD
2019-03-01 07:00:00,0.68106,0.68235,0.681,0.6813600000000001,HOLD
2019-03-01 10:00:00,0.68134,0.6839,0.68094,0.6837,HOLD
2019-03-01 13:00:00,0.68372,0.68374,0.68158,0.68161,HOLD
2019-03-01 16:00:00,0.6816399999999999,0.68171,0.68007,0.68016,HOLD
2019-03-01 19:00:00,0.68018,0.68025,0.67942,0.67979,HOLD
2019-03-03 22:00:00,0.6827,0.6828,0.6809,0.68094,HOLD
2019-03-04 01:00:00,0.68092,0.6816800000000001,0.68014,0.6816800000000001,HOLD
2019-03-04 04:00:00,0.68166,0.6816800000000001,0.68067,0.68097,HOLD
2019-03-04 07:00:00,0.681,0.68116,0.68002,0.68035,HOLD
2019-03-04 10:00:00,0.68033,0.68108,0.68,0.68006,HOLD
2019-03-04 10:00:00,0.68033,0.68108,0.68,0.68006,HOLD
2019-03-04 13:00:00,0.68008,0.68118,0.6796300000000001,0.6799,HOLD
2019-03-04 16:00:00,0.67988,0.68196,0.6797,0.68178,HOLD
2019-03-04 19:00:00,0.68176,0.6827,0.68156,0.68243,HOLD
2019-03-04 22:00:00,0.68207,0.68276,0.68124,0.6813600000000001,HOLD
2019-03-05 01:00:00,0.68138,0.68178,0.67984,0.67997,HOLD
2019-03-05 04:00:00,0.67999,0.67999,0.67881,0.67938,HOLD
2019-03-05 07:00:00,0.6794,0.6803,0.67902,0.68018,HOLD
2019-03-05 10:00:00,0.68016,0.68018,0.67899,0.6793,HOLD
2019-03-05 13:00:00,0.67932,0.67976,0.67688,0.67796,HOLD
2019-03-05 16:00:00,0.67794,0.68028,0.67766,0.6802600000000001,HOLD
2019-03-05 19:00:00,0.68028,0.68038,0.67962,0.67978,HOLD
2019-03-05 22:00:00,0.67966,0.68016,0.67804,0.6785399999999999,HOLD
2019-03-06 01:00:00,0.67852,0.67886,0.67533,0.67611,HOLD
2019-03-06 04:00:00,0.67608,0.6772600000000001,0.6756800000000001,0.67714,HOLD
2019-03-06 07:00:00,0.67716,0.67885,0.67704,0.67862,HOLD
2019-03-06 10:00:00,0.6786,0.67862,0.67709,0.6778,HOLD
2019-03-06 13:00:00,0.67782,0.67815,0.67642,0.6772199999999999,HOLD
2019-03-06 16:00:00,0.67725,0.6777,0.6768,0.6772199999999999,HOLD
2019-03-06 19:00:00,0.6772,0.6772,0.6766300000000001,0.67694,HOLD
2019-03-06 22:00:00,0.67702,0.67803,0.6766,0.67778,HOLD
2019-03-07 01:00:00,0.67776,0.6792199999999999,0.67757,0.6784100000000001,HOLD
2019-03-07 04:00:00,0.67843,0.67879,0.6782199999999999,0.6784600000000001,HOLD
2019-03-07 07:00:00,0.6784399999999999,0.67856,0.67784,0.67788,HOLD
2019-03-07 10:00:00,0.6779,0.679,0.6776800000000001,0.67866,HOLD
2019-03-07 13:00:00,0.67862,0.6786399999999999,0.67674,0.67674,HOLD
2019-03-07 16:00:00,0.67677,0.6774,0.67578,0.67605,HOLD
2019-03-07 19:00:00,0.67602,0.67602,0.67452,0.6754399999999999,HOLD
2019-03-07 22:00:00,0.67564,0.6766399999999999,0.6751,0.67566,HOLD
2019-03-08 01:00:00,0.67569,0.6771699999999999,0.67556,0.6759,HOLD
2019-03-08 04:00:00,0.67588,0.67653,0.6754,0.67638,HOLD
2019-03-08 07:00:00,0.6763600000000001,0.67876,0.67576,0.67872,SELL
2019-03-08 10:00:00,0.6787,0.67928,0.6784399999999999,0.67894,HOLD
2019-03-08 13:00:00,0.67892,0.68098,0.67884,0.67974,HOLD
2019-03-08 16:00:00,0.67972,0.68106,0.6796300000000001,0.68065,HOLD
2019-03-08 19:00:00,0.68062,0.68086,0.68034,0.68042,HOLD
2019-03-10 21:00:00,0.67912,0.6809,0.67905,0.68028,HOLD
2019-03-11 00:00:00,0.6802600000000001,0.6802600000000001,0.67904,0.6796,HOLD
2019-03-11 03:00:00,0.6795800000000001,0.68048,0.67948,0.68034,HOLD
2019-03-11 06:00:00,0.6803600000000001,0.6819,0.68013,0.68128,HOLD
2019-03-11 09:00:00,0.6813,0.68176,0.68042,0.68055,HOLD
2019-03-11 12:00:00,0.68058,0.68355,0.68058,0.68276,HOLD
2019-03-11 15:00:00,0.68278,0.68308,0.68205,0.68288,HOLD
2019-03-11 18:00:00,0.6829,0.6836,0.68201,0.68313,HOLD
2019-03-11 21:00:00,0.68316,0.68403,0.6831,0.68342,HOLD
2019-03-12 00:00:00,0.6833899999999999,0.6843899999999999,0.68272,0.68424,BUY
2019-03-12 03:00:00,0.6842199999999999,0.6846399999999999,0.68402,0.68404,BUY
2019-03-12 06:00:00,0.68406,0.68452,0.68385,0.6844100000000001,BUY
2019-03-12 09:00:00,0.6844399999999999,0.68502,0.68382,0.68398,BUY
2019-03-12 12:00:00,0.684,0.68703,0.68377,0.68662,BUY
2019-03-12 15:00:00,0.68665,0.68718,0.68612,0.68687,BUY
2019-03-12 18:00:00,0.68689,0.6873,0.68586,0.68608,BUY
2019-03-12 21:00:00,0.68606,0.68618,0.68501,0.6852600000000001,BUY
2019-03-13 00:00:00,0.6852199999999999,0.6855899999999999,0.6835399999999999,0.68415,BUY
2019-03-13 03:00:00,0.68413,0.6843600000000001,0.68382,0.6842,BUY
2019-03-13 06:00:00,0.68417,0.6843,0.68298,0.68384,BUY
2019-03-13 09:00:00,0.68386,0.6845399999999999,0.6836,0.68428,BUY
2019-03-13 12:00:00,0.6843,0.6845,0.68292,0.68397,BUY
2019-03-13 15:00:00,0.68394,0.68582,0.6839,0.6846399999999999,BUY
2019-03-13 18:00:00,0.68462,0.68596,0.68442,0.68579,BUY
2019-03-13 21:00:00,0.68582,0.68652,0.6854600000000001,0.6856800000000001,BUY
2019-03-14 00:00:00,0.6857,0.68598,0.68442,0.685,BUY
2019-03-14 03:00:00,0.68502,0.68523,0.68353,0.68396,BUY
2019-03-14 06:00:00,0.68394,0.68424,0.68328,0.68372,BUY
2019-03-14 09:00:00,0.6837,0.6837,0.68108,0.68215,HOLD
2019-03-14 12:00:00,0.68218,0.68258,0.68088,0.68128,HOLD
2019-03-14 15:00:00,0.6813,0.68228,0.68128,0.68172,HOLD
2019-03-14 18:00:00,0.68174,0.6826399999999999,0.68174,0.6825399999999999,HOLD
2019-03-14 21:00:00,0.6826399999999999,0.68384,0.68234,0.68358,HOLD
2019-03-15 00:00:00,0.6836,0.68503,0.6834,0.68498,HOLD
2019-03-15 03:00:00,0.685,0.6852,0.68404,0.68482,HOLD
2019-03-15 06:00:00,0.68479,0.68588,0.68455,0.68538,HOLD
2019-03-15 09:00:00,0.6853600000000001,0.68548,0.68404,0.68428,HOLD
2019-03-15 12:00:00,0.6843,0.6855600000000001,0.6836399999999999,0.6852600000000001,HOLD
2019-03-15 15:00:00,0.68529,0.68588,0.68424,0.6846399999999999,HOLD
2019-03-15 18:00:00,0.68462,0.685,0.68433,0.6846,HOLD
2019-03-17 21:00:00,0.68484,0.68498,0.684,0.6843199999999999,HOLD
2019-03-18 00:00:00,0.6843,0.6855,0.68399,0.6853,HOLD
2019-03-18 03:00:00,0.68528,0.68676,0.68524,0.6865,HOLD
2019-03-18 06:00:00,0.68648,0.68742,0.68645,0.6864899999999999,HOLD
2019-03-18 09:00:00,0.68647,0.6871,0.6862199999999999,0.6866,HOLD
2019-03-18 12:00:00,0.68658,0.68688,0.6856399999999999,0.6863199999999999,HOLD
2019-03-18 15:00:00,0.6863,0.6865600000000001,0.68429,0.6847300000000001,HOLD
2019-03-18 18:00:00,0.68471,0.68571,0.68447,0.6853100000000001,HOLD
2019-03-18 21:00:00,0.68534,0.68534,0.6843199999999999,0.6844600000000001,HOLD
2019-03-19 00:00:00,0.68448,0.68557,0.6841,0.68552,HOLD
2019-03-19 03:00:00,0.6855,0.6862,0.68543,0.6856800000000001,HOLD
2019-03-19 06:00:00,0.6857,0.68618,0.6854100000000001,0.68577,HOLD
2019-03-19 09:00:00,0.68575,0.6862,0.6855,0.68602,HOLD
2019-03-19 12:00:00,0.686,0.68708,0.68583,0.68672,HOLD
2019-03-19 15:00:00,0.68675,0.68712,0.68558,0.68595,HOLD
2019-03-19 18:00:00,0.68598,0.68604,0.6853100000000001,0.68548,HOLD
2019-03-19 21:00:00,0.6854399999999999,0.68558,0.68502,0.68528,HOLD
2019-03-20 00:00:00,0.6852600000000001,0.6855600000000001,0.6828,0.68366,HOLD
2019-03-20 03:00:00,0.6836399999999999,0.6836899999999999,0.6831,0.6833600000000001,HOLD
2019-03-20 06:00:00,0.68333,0.68434,0.68318,0.68392,HOLD
2019-03-20 09:00:00,0.6839,0.68513,0.68376,0.68512,HOLD
2019-03-20 12:00:00,0.68514,0.6856899999999999,0.6843199999999999,0.68467,HOLD
2019-03-20 15:00:00,0.6846899999999999,0.6851,0.68412,0.68455,HOLD
2019-03-20 18:00:00,0.6845,0.6918,0.6845,0.68824,HOLD
2019-03-20 21:00:00,0.6883600000000001,0.69235,0.68706,0.6917800000000001,BUY
2019-03-21 00:00:00,0.69176,0.69387,0.69167,0.69322,BUY
2019-03-21 03:00:00,0.69319,0.69338,0.69133,0.6917,BUY
2019-03-21 06:00:00,0.6917300000000001,0.69286,0.6913600000000001,0.69172,BUY
2019-03-21 09:00:00,0.6917399999999999,0.69197,0.6896399999999999,0.68988,BUY
2019-03-21 12:00:00,0.68986,0.69048,0.68838,0.6885899999999999,HOLD
2019-03-21 15:00:00,0.68862,0.68888,0.6857300000000001,0.68719,HOLD
2019-03-21 18:00:00,0.68716,0.6877800000000001,0.6865399999999999,0.68766,HOLD
2019-03-21 21:00:00,0.68791,0.68883,0.68752,0.68812,HOLD
2019-03-22 00:00:00,0.68815,0.68939,0.68796,0.68858,HOLD
2019-03-22 03:00:00,0.6886,0.68917,0.6883199999999999,0.68893,HOLD
2019-03-22 06:00:00,0.68891,0.68976,0.68705,0.68724,HOLD
2019-03-22 09:00:00,0.68726,0.68782,0.6865600000000001,0.68716,HOLD
2019-03-22 12:00:00,0.68713,0.68928,0.6866800000000001,0.68787,HOLD
2019-03-22 15:00:00,0.68789,0.68917,0.68696,0.6873600000000001,HOLD
2019-03-22 18:00:00,0.68734,0.68804,0.6866399999999999,0.68779,HOLD
2019-03-24 21:00:00,0.68716,0.6886,0.68716,0.68766,HOLD
2019-03-25 00:00:00,0.6876399999999999,0.68838,0.68726,0.68766,HOLD
2019-03-25 03:00:00,0.68763,0.6883600000000001,0.68737,0.68814,HOLD
2019-03-25 06:00:00,0.68816,0.6887800000000001,0.6877300000000001,0.68794,HOLD
2019-03-25 09:00:00,0.68792,0.68848,0.68745,0.68816,HOLD
2019-03-25 12:00:00,0.68813,0.6904,0.68804,0.69023,HOLD
2019-03-25 15:00:00,0.69021,0.69186,0.69012,0.69122,BUY
2019-03-25 18:00:00,0.69124,0.69172,0.69017,0.69085,BUY
2019-03-25 21:00:00,0.69089,0.69166,0.6907399999999999,0.69118,BUY
2019-03-26 00:00:00,0.69116,0.6924600000000001,0.69114,0.69138,BUY
2019-03-26 03:00:00,0.6913600000000001,0.6916,0.69006,0.69016,BUY
2019-03-26 06:00:00,0.69018,0.6905,0.68972,0.68998,BUY
2019-03-26 09:00:00,0.68995,0.69082,0.68945,0.69058,BUY
2019-03-26 12:00:00,0.6905600000000001,0.6915899999999999,0.68984,0.6915,BUY
2019-03-26 15:00:00,0.69153,0.69192,0.6909,0.6913600000000001,BUY
2019-03-26 18:00:00,0.69138,0.69194,0.6903699999999999,0.6906899999999999,BUY
2019-03-26 21:00:00,0.6907399999999999,0.69124,0.6902,0.69076,BUY
2019-03-27 00:00:00,0.69079,0.69147,0.67962,0.68012,HOLD
2019-03-27 03:00:00,0.68014,0.6804100000000001,0.6795800000000001,0.67991,HOLD
2019-03-27 06:00:00,0.67989,0.6812199999999999,0.67933,0.68106,HOLD
2019-03-27 09:00:00,0.68102,0.68182,0.67999,0.6803,HOLD
2019-03-27 12:00:00,0.68032,0.68106,0.67886,0.6793399999999999,HOLD
2019-03-27 15:00:00,0.67932,0.68038,0.6787,0.67994,HOLD
2019-03-27 18:00:00,0.67991,0.68078,0.6795,0.67972,HOLD
2019-03-27 21:00:00,0.67953,0.6806,0.6794600000000001,0.67972,HOLD
2019-03-28 00:00:00,0.67969,0.68104,0.67808,0.68082,HOLD
2019-03-28 03:00:00,0.6808,0.68262,0.68011,0.6823,HOLD
2019-03-28 06:00:00,0.6823199999999999,0.68284,0.68076,0.68135,HOLD
2019-03-28 09:00:00,0.68133,0.6814,0.68001,0.68006,HOLD
2019-03-28 12:00:00,0.68004,0.68066,0.67866,0.67977,HOLD
2019-03-28 15:00:00,0.67974,0.6802,0.67811,0.6791,HOLD
2019-03-28 18:00:00,0.67908,0.6794,0.67752,0.67761,HOLD
2019-03-28 21:00:00,0.67778,0.67852,0.6774600000000001,0.6781699999999999,HOLD
2019-03-29 00:00:00,0.67814,0.6789,0.67769,0.6784399999999999,HOLD
2019-03-29 03:00:00,0.67842,0.67991,0.678,0.67988,HOLD
2019-03-29 06:00:00,0.67986,0.6804399999999999,0.67916,0.67956,HOLD
2019-03-29 09:00:00,0.6795800000000001,0.68025,0.67835,0.6799,HOLD
2019-03-29 12:00:00,0.67992,0.68166,0.67992,0.68118,HOLD
2019-03-29 15:00:00,0.68116,0.68235,0.68037,0.68093,HOLD
2019-03-29 18:00:00,0.68091,0.68124,0.6802199999999999,0.6804899999999999,HOLD
2019-03-31 21:00:00,0.6823899999999999,0.6827,0.68135,0.6823199999999999,SELL
2019-04-01 00:00:00,0.6823,0.68345,0.68152,0.6832600000000001,HOLD
2019-04-01 03:00:00,0.6832199999999999,0.68374,0.68233,0.68372,HOLD
2019-04-01 06:00:00,0.6837,0.6837,0.68213,0.68296,HOLD
2019-04-01 09:00:00,0.68294,0.6834600000000001,0.68215,0.68237,HOLD
2019-04-01 12:00:00,0.6824,0.68358,0.6815,0.68228,HOLD
2019-04-01 15:00:00,0.6822600000000001,0.6824,0.68038,0.68121,HOLD
2019-04-01 18:00:00,0.68123,0.68132,0.68052,0.6806399999999999,HOLD
2019-04-01 21:00:00,0.6794600000000001,0.6794600000000001,0.6775,0.67899,HOLD
2019-04-02 00:00:00,0.67896,0.6793399999999999,0.6777,0.67852,HOLD
2019-04-02 03:00:00,0.67855,0.67987,0.67715,0.67801,HOLD
2019-04-02 06:00:00,0.67804,0.67812,0.6764600000000001,0.67665,HOLD
2019-04-02 09:00:00,0.6766800000000001,0.6774399999999999,0.6764399999999999,0.67718,HOLD
2019-04-02 12:00:00,0.6772,0.6773,0.6743399999999999,0.6745399999999999,HOLD
2019-04-02 15:00:00,0.67452,0.67488,0.67388,0.67451,HOLD
2019-04-02 18:00:00,0.67453,0.67586,0.6742199999999999,0.67576,HOLD
2019-04-02 21:00:00,0.67571,0.67581,0.67471,0.67504,HOLD
2019-04-03 00:00:00,0.67506,0.6773399999999999,0.67438,0.6771,HOLD
2019-04-03 03:00:00,0.6771199999999999,0.6782199999999999,0.67679,0.67808,SELL
2019-04-03 06:00:00,0.67805,0.67899,0.67776,0.67892,SELL
2019-04-03 09:00:00,0.67894,0.67998,0.67894,0.67938,SELL
2019-04-03 12:00:00,0.6794,0.67982,0.67812,0.67902,SELL
2019-04-03 15:00:00,0.67904,0.6796,0.6785800000000001,0.6786,SELL
2019-04-03 18:00:00,0.6785800000000001,0.67884,0.67774,0.67788,HOLD
2019-04-03 21:00:00,0.67786,0.6789,0.67772,0.67886,HOLD
2019-04-04 00:00:00,0.67884,0.67996,0.67882,0.6792199999999999,HOLD
2019-04-04 03:00:00,0.67924,0.67924,0.67808,0.6786800000000001,HOLD
2019-04-04 06:00:00,0.67866,0.6793,0.6772699999999999,0.6777,HOLD
2019-04-04 09:00:00,0.67772,0.67805,0.67652,0.6766,HOLD
2019-04-04 12:00:00,0.67662,0.67672,0.67484,0.67564,HOLD
2019-04-04 15:00:00,0.67562,0.67624,0.67506,0.67598,HOLD
2019-04-04 18:00:00,0.67596,0.67608,0.675,0.67538,HOLD
2019-04-04 21:00:00,0.6753399999999999,0.67604,0.67527,0.67562,HOLD
2019-04-05 00:00:00,0.6756,0.6763600000000001,0.67488,0.67545,HOLD
2019-04-05 03:00:00,0.67543,0.676,0.6752600000000001,0.67562,HOLD
2019-04-05 06:00:00,0.67564,0.67655,0.6735399999999999,0.67394,HOLD
2019-04-05 09:00:00,0.67392,0.67435,0.67375,0.67386,HOLD
2019-04-05 12:00:00,0.67388,0.67507,0.6721600000000001,0.67278,HOLD
2019-04-05 15:00:00,0.67276,0.67283,0.67186,0.67264,HOLD
2019-04-05 18:00:00,0.67267,0.67352,0.6724399999999999,0.67319,HOLD
2019-04-07 21:00:00,0.6732899999999999,0.67364,0.67288,0.67308,HOLD
2019-04-08 00:00:00,0.67306,0.6734399999999999,0.67224,0.67337,HOLD
2019-04-08 03:00:00,0.6733399999999999,0.67372,0.6728,0.67314,HOLD
2019-04-08 06:00:00,0.6731199999999999,0.67361,0.67293,0.6733,HOLD
2019-04-08 09:00:00,0.6733399999999999,0.67386,0.67324,0.6735399999999999,HOLD
2019-04-08 12:00:00,0.67351,0.6753600000000001,0.67315,0.6743899999999999,HOLD
2019-04-08 15:00:00,0.67442,0.6745399999999999,0.67382,0.67452,HOLD
2019-04-08 18:00:00,0.6745399999999999,0.67466,0.67396,0.67418,HOLD
2019-04-08 21:00:00,0.6741,0.675,0.67378,0.67382,HOLD
2019-04-09 00:00:00,0.67384,0.67478,0.67382,0.67464,HOLD
2019-04-09 03:00:00,0.67466,0.67503,0.67413,0.6744399999999999,HOLD
2019-04-09 06:00:00,0.6744600000000001,0.67584,0.67418,0.6755899999999999,HOLD
2019-04-09 09:00:00,0.67556,0.6757,0.67413,0.67443,HOLD
2019-04-09 12:00:00,0.6744600000000001,0.6754600000000001,0.67414,0.67466,HOLD
2019-04-09 15:00:00,0.67464,0.67474,0.6736800000000001,0.67418,HOLD
2019-04-09 18:00:00,0.67416,0.67486,0.67397,0.6744,HOLD
2019-04-09 21:00:00,0.67435,0.6753899999999999,0.6742,0.6751199999999999,HOLD
2019-04-10 00:00:00,0.67514,0.67528,0.6742,0.67462,HOLD
2019-04-10 03:00:00,0.6746,0.6754600000000001,0.67418,0.67518,HOLD
2019-04-10 06:00:00,0.67516,0.67553,0.67448,0.67542,HOLD
2019-04-10 09:00:00,0.6754399999999999,0.67638,0.6752600000000001,0.6754,HOLD
2019-04-10 12:00:00,0.67542,0.67564,0.67381,0.6743399999999999,HOLD
2019-04-10 15:00:00,0.6743600000000001,0.6773899999999999,0.6743600000000001,0.67676,HOLD
2019-04-10 18:00:00,0.67679,0.67688,0.67584,0.67652,HOLD
2019-04-10 21:00:00,0.67672,0.677,0.67592,0.67676,HOLD
2019-04-11 00:00:00,0.67674,0.67713,0.67613,0.67637,HOLD
2019-04-11 03:00:00,0.6763399999999999,0.67666,0.6758,0.6763399999999999,HOLD
2019-04-11 06:00:00,0.6763100000000001,0.67642,0.67518,0.6759,HOLD
2019-04-11 09:00:00,0.67592,0.67635,0.67487,0.67488,HOLD
2019-04-11 12:00:00,0.67485,0.67486,0.67262,0.6734,HOLD
2019-04-11 15:00:00,0.67342,0.6735,0.67228,0.67282,HOLD
2019-04-11 18:00:00,0.6728,0.6731,0.6724,0.6728,HOLD
2019-04-11 21:00:00,0.67296,0.673,0.67218,0.6724600000000001,HOLD
2019-04-12 00:00:00,0.6724899999999999,0.67364,0.67138,0.6733,HOLD
2019-04-12 03:00:00,0.67328,0.67386,0.67298,0.67345,HOLD
2019-04-12 06:00:00,0.67348,0.67466,0.67288,0.67438,HOLD
2019-04-12 09:00:00,0.67435,0.67556,0.67408,0.67516,HOLD
2019-04-12 12:00:00,0.67518,0.67816,0.67518,0.67684,HOLD
2019-04-12 15:00:00,0.67686,0.6773,0.6763600000000001,0.67718,HOLD
2019-04-12 18:00:00,0.67716,0.6774399999999999,0.67604,0.67629,HOLD
2019-04-14 21:00:00,0.67628,0.6772699999999999,0.67607,0.67672,HOLD
2019-04-15 00:00:00,0.67674,0.67828,0.6764600000000001,0.67794,HOLD
2019-04-15 03:00:00,0.67792,0.67795,0.67708,0.67718,HOLD
2019-04-15 06:00:00,0.67716,0.6774399999999999,0.6762600000000001,0.67652,HOLD
2019-04-15 09:00:00,0.6764899999999999,0.6771,0.67572,0.67606,HOLD
2019-04-15 12:00:00,0.67604,0.67666,0.67507,0.67565,HOLD
2019-04-15 15:00:00,0.6756800000000001,0.67652,0.67535,0.67605,HOLD
2019-04-15 18:00:00,0.67603,0.67638,0.6759,0.67633,HOLD
2019-04-15 21:00:00,0.6763899999999999,0.67679,0.67624,0.6766399999999999,HOLD
2019-04-16 00:00:00,0.67662,0.67692,0.67462,0.6749,HOLD
2019-04-16 03:00:00,0.67488,0.6763,0.6741199999999999,0.67573,HOLD
2019-04-16 06:00:00,0.6757,0.67602,0.67511,0.67542,HOLD
2019-04-16 09:00:00,0.6754399999999999,0.6764600000000001,0.67475,0.67628,HOLD
2019-04-16 12:00:00,0.6763,0.67695,0.67533,0.67606,HOLD
2019-04-16 15:00:00,0.67608,0.6763399999999999,0.67508,0.6756800000000001,HOLD
2019-04-16 18:00:00,0.67565,0.6764399999999999,0.67562,0.6763600000000001,HOLD
2019-04-16 21:00:00,0.67656,0.6776,0.66672,0.67086,HOLD
2019-04-17 00:00:00,0.6709,0.67332,0.66984,0.6731199999999999,HOLD
2019-04-17 03:00:00,0.6731,0.67483,0.67176,0.67442,HOLD
2019-04-17 06:00:00,0.6744,0.67486,0.67338,0.67383,HOLD
2019-04-17 09:00:00,0.6738,0.6742,0.67304,0.67318,HOLD
2019-04-17 12:00:00,0.6732,0.67381,0.67147,0.67186,HOLD
2019-04-17 15:00:00,0.67184,0.6722199999999999,0.67084,0.67198,HOLD
2019-04-17 18:00:00,0.67196,0.67281,0.67164,0.67274,HOLD
2019-04-17 21:00:00,0.6727,0.673,0.67203,0.67247,HOLD
2019-04-18 00:00:00,0.6724399999999999,0.67286,0.6711600000000001,0.67204,HOLD
2019-04-18 03:00:00,0.67208,0.6724100000000001,0.67164,0.67224,HOLD
2019-04-18 06:00:00,0.6722199999999999,0.67242,0.67014,0.6707,HOLD
2019-04-18 09:00:00,0.67068,0.67073,0.66902,0.66913,HOLD
2019-04-18 12:00:00,0.6691600000000001,0.66924,0.6674399999999999,0.66786,HOLD
2019-04-18 15:00:00,0.66789,0.6681600000000001,0.6673,0.66767,HOLD
2019-04-18 18:00:00,0.66769,0.6684,0.6675,0.6683100000000001,HOLD
2019-04-18 21:00:00,0.6684,0.66902,0.668,0.66862,HOLD
2019-04-19 00:00:00,0.6686,0.66868,0.6681199999999999,0.6684399999999999,HOLD
2019-04-19 03:00:00,0.6684100000000001,0.66894,0.66838,0.6689,HOLD
2019-04-19 06:00:00,0.66888,0.66943,0.66888,0.6692,HOLD
2019-04-19 09:00:00,0.66923,0.66923,0.66852,0.66908,HOLD
2019-04-19 12:00:00,0.66906,0.66913,0.6685300000000001,0.66882,HOLD
2019-04-19 15:00:00,0.66884,0.66893,0.6685800000000001,0.66876,HOLD
2019-04-19 18:00:00,0.66873,0.66908,0.66852,0.66857,HOLD
2019-04-21 21:00:00,0.6683600000000001,0.669,0.6680699999999999,0.6685300000000001,HOLD
2019-04-22 00:00:00,0.66856,0.66861,0.66773,0.66784,HOLD
2019-04-22 03:00:00,0.66781,0.66788,0.6673,0.6677,HOLD
2019-04-22 06:00:00,0.66768,0.66799,0.6675300000000001,0.66796,HOLD
2019-04-22 09:00:00,0.66794,0.66809,0.66752,0.66764,HOLD
2019-04-22 12:00:00,0.66761,0.66801,0.6673,0.6675399999999999,HOLD
2019-04-22 15:00:00,0.66756,0.66798,0.66732,0.66788,HOLD
2019-04-22 18:00:00,0.66786,0.66808,0.6673100000000001,0.66795,HOLD
2019-04-22 21:00:00,0.66806,0.6685,0.66794,0.6681199999999999,HOLD
2019-04-23 00:00:00,0.66815,0.66815,0.6671199999999999,0.6674,HOLD
2019-04-23 03:00:00,0.66743,0.6678,0.66645,0.66679,HOLD
2019-04-23 06:00:00,0.66676,0.66681,0.66564,0.6664,HOLD
2019-04-23 09:00:00,0.66642,0.6664899999999999,0.66575,0.66588,HOLD
2019-04-23 12:00:00,0.66591,0.66594,0.66296,0.66406,HOLD
2019-04-23 15:00:00,0.66408,0.66502,0.6637,0.66462,HOLD
2019-04-23 18:00:00,0.6646,0.66586,0.66446,0.66576,HOLD
2019-04-23 21:00:00,0.66573,0.66576,0.66503,0.6653600000000001,HOLD
2019-04-24 00:00:00,0.66538,0.6655800000000001,0.66209,0.6624,HOLD
2019-04-24 03:00:00,0.66237,0.66254,0.6613600000000001,0.66246,HOLD
2019-04-24 06:00:00,0.6624399999999999,0.66304,0.66192,0.66276,HOLD
2019-04-24 09:00:00,0.66273,0.66303,0.6617,0.66276,HOLD
2019-04-24 12:00:00,0.66274,0.66274,0.6602399999999999,0.66123,HOLD
2019-04-24 15:00:00,0.6612600000000001,0.66128,0.65882,0.65938,HOLD
2019-04-24 18:00:00,0.6593600000000001,0.65941,0.6582100000000001,0.6592,HOLD
2019-04-24 21:00:00,0.65967,0.66046,0.6590699999999999,0.6594899999999999,HOLD
2019-04-25 00:00:00,0.65947,0.66018,0.65852,0.6601199999999999,HOLD
2019-04-25 03:00:00,0.6601,0.66023,0.6593,0.65988,HOLD
2019-04-25 06:00:00,0.65986,0.6600600000000001,0.65804,0.65972,HOLD
2019-04-25 09:00:00,0.6597,0.6597,0.65872,0.6588,HOLD
2019-04-25 12:00:00,0.65883,0.66296,0.65865,0.6621199999999999,SELL
2019-04-25 15:00:00,0.66215,0.66238,0.66133,0.66208,SELL
2019-04-25 18:00:00,0.66206,0.66278,0.66194,0.6625800000000001,SELL
2019-04-25 21:00:00,0.6622600000000001,0.6641600000000001,0.66217,0.6632,SELL
2019-04-26 00:00:00,0.66317,0.66456,0.66266,0.6642600000000001,HOLD
2019-04-26 03:00:00,0.6642399999999999,0.66468,0.66382,0.66459,HOLD
2019-04-26 06:00:00,0.66457,0.6655399999999999,0.6641600000000001,0.66532,HOLD
2019-04-26 09:00:00,0.6653399999999999,0.66584,0.66489,0.6653399999999999,HOLD
2019-04-26 12:00:00,0.6653100000000001,0.6682,0.66356,0.66656,HOLD
2019-04-26 15:00:00,0.6665800000000001,0.66728,0.66627,0.66657,HOLD
2019-04-26 18:00:00,0.6665399999999999,0.66657,0.66566,0.66595,HOLD
2019-04-28 21:00:00,0.6653399999999999,0.66666,0.6653399999999999,0.66659,HOLD
2019-04-29 00:00:00,0.66657,0.66798,0.6665,0.6679,HOLD
2019-04-29 03:00:00,0.66787,0.66808,0.6675300000000001,0.66757,HOLD
2019-04-29 06:00:00,0.66759,0.66786,0.6663,0.66668,HOLD
2019-04-29 09:00:00,0.66666,0.66698,0.6664800000000001,0.66656,HOLD
2019-04-29 12:00:00,0.6665399999999999,0.6672,0.66568,0.66657,HOLD
2019-04-29 15:00:00,0.66659,0.66687,0.6662399999999999,0.6666,HOLD
2019-04-29 18:00:00,0.6666300000000001,0.6671199999999999,0.6666,0.66684,HOLD
2019-04-29 21:00:00,0.66651,0.66737,0.6664899999999999,0.66697,HOLD
2019-04-30 00:00:00,0.66695,0.66818,0.66552,0.6666,HOLD
2019-04-30 03:00:00,0.6665800000000001,0.66681,0.66567,0.66576,HOLD
2019-04-30 06:00:00,0.66578,0.66759,0.66546,0.6674399999999999,HOLD
2019-04-30 09:00:00,0.66746,0.66798,0.667,0.66792,HOLD
2019-04-30 12:00:00,0.66795,0.66802,0.66628,0.66682,HOLD
2019-04-30 15:00:00,0.66684,0.6685,0.66627,0.66799,HOLD
2019-04-30 18:00:00,0.66801,0.6682,0.66752,0.6676300000000001,HOLD
2019-04-30 21:00:00,0.66746,0.66802,0.66287,0.6652,HOLD
2019-05-01 00:00:00,0.66518,0.66564,0.6647,0.6655800000000001,HOLD
2019-05-01 03:00:00,0.6656,0.66566,0.66486,0.6653399999999999,HOLD
2019-05-01 06:00:00,0.66538,0.666,0.66464,0.66578,HOLD
2019-05-01 09:00:00,0.6658,0.6665399999999999,0.6653399999999999,0.66562,HOLD
2019-05-01 12:00:00,0.66564,0.66583,0.66438,0.66509,HOLD
2019-05-01 15:00:00,0.66506,0.66594,0.6644800000000001,0.66594,HOLD
2019-05-01 18:00:00,0.66599,0.6665800000000001,0.66164,0.6622100000000001,HOLD
2019-05-01 21:00:00,0.6622600000000001,0.6629,0.66184,0.66272,HOLD
2019-05-02 00:00:00,0.66268,0.66395,0.6623600000000001,0.66313,HOLD
2019-05-02 03:00:00,0.6631100000000001,0.66393,0.66287,0.66292,HOLD
2019-05-02 06:00:00,0.66294,0.66376,0.66252,0.6632600000000001,HOLD
2019-05-02 09:00:00,0.6632399999999999,0.66354,0.6625,0.6625800000000001,HOLD
2019-05-02 12:00:00,0.6626,0.6629,0.66082,0.6614300000000001,HOLD
2019-05-02 15:00:00,0.66146,0.6623600000000001,0.6609,0.66194,HOLD
2019-05-02 18:00:00,0.66196,0.66222,0.66133,0.66171,HOLD
2019-05-02 21:00:00,0.66175,0.6620199999999999,0.66142,0.6614399999999999,HOLD
2019-05-03 00:00:00,0.66142,0.66218,0.66086,0.66194,HOLD
2019-05-03 03:00:00,0.66196,0.66262,0.6619,0.6623600000000001,HOLD
2019-05-03 06:00:00,0.6623399999999999,0.6623399999999999,0.6613899999999999,0.66191,HOLD
2019-05-03 09:00:00,0.66194,0.66194,0.6613,0.66176,HOLD
2019-05-03 12:00:00,0.66178,0.6652,0.66064,0.66457,SELL
2019-05-03 15:00:00,0.66459,0.66532,0.66396,0.66398,SELL
2019-05-03 18:00:00,0.66396,0.6645399999999999,0.66361,0.6644899999999999,SELL
2019-05-03 21:00:00,0.6645399999999999,0.6646,0.6645399999999999,0.6645399999999999,HOLD
2019-05-05 21:00:00,0.6604399999999999,0.66286,0.6604399999999999,0.66068,HOLD
2019-05-06 00:00:00,0.6607,0.6614800000000001,0.66014,0.66106,HOLD
2019-05-06 03:00:00,0.6610199999999999,0.66262,0.66095,0.6623600000000001,HOLD
2019-05-06 06:00:00,0.6623399999999999,0.66296,0.66174,0.66174,HOLD
2019-05-06 09:00:00,0.6617,0.66222,0.66118,0.66132,HOLD
2019-05-06 12:00:00,0.6613399999999999,0.66156,0.6602399999999999,0.66088,HOLD
2019-05-06 15:00:00,0.66086,0.6611,0.66028,0.6607,HOLD
2019-05-06 18:00:00,0.66067,0.6612399999999999,0.66052,0.66084,HOLD
2019-05-06 21:00:00,0.66076,0.66098,0.65996,0.66076,HOLD
2019-05-07 00:00:00,0.66074,0.6612600000000001,0.66022,0.66082,HOLD
2019-05-07 03:00:00,0.66084,0.6631,0.65957,0.66192,HOLD
2019-05-07 06:00:00,0.6619,0.66228,0.66052,0.66057,HOLD
2019-05-07 09:00:00,0.66054,0.66076,0.6593899999999999,0.65972,HOLD
2019-05-07 12:00:00,0.6597,0.65996,0.65895,0.6594,HOLD
2019-05-07 15:00:00,0.65938,0.65968,0.65884,0.65945,HOLD
2019-05-07 18:00:00,0.6594300000000001,0.6604800000000001,0.65918,0.6600199999999999,HOLD
2019-05-07 21:00:00,0.66033,0.6604,0.6593899999999999,0.65958,HOLD
2019-05-08 00:00:00,0.65956,0.66042,0.6527,0.6575300000000001,HOLD
2019-05-08 03:00:00,0.65755,0.65937,0.65686,0.65896,HOLD
2019-05-08 06:00:00,0.65894,0.65984,0.65874,0.65891,HOLD
2019-05-08 09:00:00,0.65893,0.65922,0.65791,0.65888,HOLD
2019-05-08 12:00:00,0.65886,0.6597,0.6581600000000001,0.65883,HOLD
2019-05-08 15:00:00,0.65881,0.6594399999999999,0.65722,0.65745,HOLD
2019-05-08 18:00:00,0.6574800000000001,0.65788,0.6570600000000001,0.65778,HOLD
2019-05-08 21:00:00,0.65752,0.65876,0.6574800000000001,0.65837,HOLD
2019-05-09 00:00:00,0.65835,0.65866,0.65696,0.6573,HOLD
2019-05-09 03:00:00,0.65728,0.65794,0.65696,0.6577,HOLD
2019-05-09 06:00:00,0.65772,0.65823,0.6571,0.65788,HOLD
2019-05-09 09:00:00,0.65786,0.6581199999999999,0.65709,0.65758,HOLD
2019-05-09 12:00:00,0.6576,0.6591,0.6570699999999999,0.65818,HOLD
2019-05-09 15:00:00,0.6582,0.65978,0.65778,0.65962,HOLD
2019-05-09 18:00:00,0.65964,0.65976,0.65878,0.65895,HOLD
2019-05-09 21:00:00,0.6591199999999999,0.65956,0.65838,0.65856,HOLD
2019-05-10 00:00:00,0.65858,0.66142,0.6583399999999999,0.65972,HOLD
2019-05-10 03:00:00,0.65976,0.6606,0.65874,0.6592,HOLD
2019-05-10 06:00:00,0.65923,0.6601100000000001,0.65896,0.65976,HOLD
2019-05-10 09:00:00,0.65974,0.66015,0.6593,0.65946,HOLD
2019-05-10 12:00:00,0.6594800000000001,0.6612399999999999,0.6594300000000001,0.65974,HOLD
2019-05-10 15:00:00,0.65976,0.66022,0.65954,0.66015,HOLD
2019-05-10 18:00:00,0.6601199999999999,0.6603600000000001,0.65954,0.65977,HOLD
2019-05-10 21:00:00,0.65972,0.65976,0.65972,0.65976,HOLD
2019-05-12 21:00:00,0.65923,0.6604300000000001,0.65898,0.65898,HOLD
2019-05-13 00:00:00,0.65896,0.65905,0.65771,0.6583,HOLD
2019-05-13 03:00:00,0.65828,0.6584399999999999,0.65778,0.6580199999999999,HOLD
2019-05-13 06:00:00,0.65804,0.65852,0.6572600000000001,0.6582,HOLD
2019-05-13 09:00:00,0.65818,0.6591899999999999,0.65768,0.6581,HOLD
2019-05-13 12:00:00,0.65808,0.65932,0.6575300000000001,0.6579,HOLD
2019-05-13 15:00:00,0.65792,0.65798,0.6564,0.65694,HOLD
2019-05-13 18:00:00,0.65692,0.6574399999999999,0.65669,0.65674,HOLD
2019-05-13 21:00:00,0.65678,0.65746,0.65646,0.6572899999999999,HOLD
2019-05-14 00:00:00,0.65727,0.65914,0.65727,0.65868,HOLD
2019-05-14 03:00:00,0.6587,0.65892,0.6581600000000001,0.6582100000000001,HOLD
2019-05-14 06:00:00,0.65818,0.65862,0.65756,0.65825,HOLD
2019-05-14 09:00:00,0.65827,0.65841,0.65768,0.65818,HOLD
2019-05-14 12:00:00,0.6582,0.65832,0.65728,0.65808,HOLD
2019-05-14 15:00:00,0.6580600000000001,0.6582399999999999,0.65741,0.65758,HOLD
2019-05-14 18:00:00,0.65756,0.65798,0.65722,0.6575,HOLD
2019-05-14 21:00:00,0.65754,0.65779,0.65703,0.65703,HOLD
2019-05-15 00:00:00,0.65701,0.65747,0.65632,0.6571100000000001,HOLD
2019-05-15 03:00:00,0.65708,0.65708,0.65628,0.65694,HOLD
2019-05-15 06:00:00,0.65692,0.65696,0.656,0.6564399999999999,HOLD
2019-05-15 09:00:00,0.65647,0.65651,0.65523,0.6553,HOLD
2019-05-15 12:00:00,0.65532,0.65667,0.6551,0.6563399999999999,HOLD
2019-05-15 15:00:00,0.65636,0.65647,0.65576,0.65632,HOLD
2019-05-15 18:00:00,0.6563,0.65642,0.65586,0.65642,HOLD
2019-05-15 21:00:00,0.65633,0.65736,0.65613,0.6561899999999999,HOLD
2019-05-16 00:00:00,0.65622,0.65625,0.65487,0.65573,HOLD
2019-05-16 03:00:00,0.65575,0.65582,0.65482,0.65482,HOLD
2019-05-16 06:00:00,0.65484,0.65822,0.65455,0.6581,SELL
2019-05-16 09:00:00,0.65808,0.6582600000000001,0.6570199999999999,0.65732,HOLD
2019-05-16 12:00:00,0.6573,0.65742,0.65505,0.65508,SELL
2019-05-16 15:00:00,0.6551,0.6552399999999999,0.65395,0.65408,HOLD
2019-05-16 18:00:00,0.6541,0.6541,0.65325,0.65356,HOLD
2019-05-16 21:00:00,0.65363,0.65391,0.65342,0.65345,HOLD
2019-05-17 00:00:00,0.6534800000000001,0.6542600000000001,0.65276,0.6539,HOLD
2019-05-17 03:00:00,0.65392,0.65417,0.65352,0.6536,HOLD
2019-05-17 06:00:00,0.65362,0.65472,0.6530199999999999,0.6532399999999999,HOLD
2019-05-17 09:00:00,0.65322,0.65336,0.65254,0.65293,HOLD
2019-05-17 12:00:00,0.65295,0.65346,0.65198,0.6524800000000001,HOLD
2019-05-17 15:00:00,0.65246,0.65271,0.65196,0.65203,HOLD
2019-05-17 18:00:00,0.65166,0.65184,0.65141,0.6518,HOLD
2019-05-17 21:00:00,0.65176,0.65176,0.65171,0.65171,HOLD
2019-05-19 21:00:00,0.65282,0.6534,0.65209,0.65273,HOLD
2019-05-20 00:00:00,0.65271,0.65412,0.65259,0.65351,HOLD
2019-05-20 03:00:00,0.65354,0.65387,0.6534,0.65382,HOLD
2019-05-20 06:00:00,0.6538,0.65466,0.65364,0.65368,HOLD
2019-05-20 09:00:00,0.65372,0.65422,0.6534300000000001,0.65393,HOLD
2019-05-20 12:00:00,0.65395,0.65446,0.6535,0.65367,HOLD
2019-05-20 15:00:00,0.6537,0.654,0.65342,0.6534800000000001,HOLD
2019-05-20 18:00:00,0.65346,0.6534800000000001,0.65292,0.6533899999999999,HOLD
2019-05-20 21:00:00,0.65336,0.65432,0.65335,0.65386,HOLD
2019-05-21 00:00:00,0.65388,0.6542600000000001,0.6533,0.65359,HOLD
2019-05-21 03:00:00,0.65357,0.65381,0.65093,0.6512600000000001,HOLD
2019-05-21 06:00:00,0.6512399999999999,0.65128,0.6503399999999999,0.6507,HOLD
2019-05-21 09:00:00,0.65072,0.65132,0.65022,0.6506,HOLD
2019-05-21 12:00:00,0.65062,0.65156,0.65004,0.65117,HOLD
2019-05-21 15:00:00,0.6512,0.65156,0.6501399999999999,0.65035,HOLD
2019-05-21 18:00:00,0.65037,0.65086,0.6501399999999999,0.65046,HOLD
2019-05-21 21:00:00,0.6505,0.6510600000000001,0.65044,0.65058,HOLD
2019-05-22 00:00:00,0.65056,0.65074,0.64998,0.65008,HOLD
2019-05-22 03:00:00,0.6500600000000001,0.6503,0.6493800000000001,0.64954,HOLD
2019-05-22 06:00:00,0.64952,0.65086,0.64937,0.6503899999999999,HOLD
2019-05-22 09:00:00,0.65037,0.6510600000000001,0.6501,0.65028,HOLD
2019-05-22 12:00:00,0.6502600000000001,0.65088,0.64922,0.6493,HOLD
2019-05-22 15:00:00,0.64933,0.6501,0.6492399999999999,0.65004,HOLD
2019-05-22 18:00:00,0.65008,0.6501399999999999,0.64936,0.64937,HOLD
2019-05-22 21:00:00,0.64945,0.6498,0.64933,0.64946,HOLD
2019-05-23 00:00:00,0.64949,0.64958,0.6484,0.6490199999999999,HOLD
2019-05-23 03:00:00,0.649,0.6494800000000001,0.64882,0.64946,HOLD
2019-05-23 06:00:00,0.6494300000000001,0.6495,0.64872,0.6491600000000001,HOLD
2019-05-23 09:00:00,0.6491399999999999,0.6492100000000001,0.64818,0.64918,HOLD
2019-05-23 12:00:00,0.6492100000000001,0.6514800000000001,0.64825,0.65122,SELL
2019-05-23 15:00:00,0.6512399999999999,0.65261,0.6512100000000001,0.6517,HOLD
2019-05-23 18:00:00,0.65172,0.65218,0.65166,0.6521399999999999,HOLD
2019-05-23 21:00:00,0.652,0.65259,0.652,0.65215,HOLD
2019-05-24 00:00:00,0.65213,0.6524399999999999,0.65125,0.65152,HOLD
2019-05-24 03:00:00,0.65154,0.65188,0.65136,0.65178,HOLD
2019-05-24 06:00:00,0.65174,0.6532,0.65168,0.65284,HOLD
2019-05-24 09:00:00,0.65286,0.6545,0.65268,0.65384,HOLD
2019-05-24 12:00:00,0.65387,0.65547,0.65374,0.65496,HOLD
2019-05-24 15:00:00,0.65499,0.65558,0.65466,0.6552899999999999,HOLD
2019-05-24 18:00:00,0.65527,0.6554800000000001,0.6549699999999999,0.65518,HOLD
2019-05-26 21:00:00,0.6552600000000001,0.65588,0.6552600000000001,0.65554,BUY
2019-05-27 00:00:00,0.6555,0.65566,0.65496,0.65522,BUY
2019-05-27 03:00:00,0.6552,0.65592,0.65515,0.65581,BUY
2019-05-27 06:00:00,0.65579,0.65594,0.65449,0.6546,BUY
2019-05-27 09:00:00,0.65458,0.65478,0.65451,0.65462,BUY
2019-05-27 12:00:00,0.65464,0.65488,0.65437,0.6544,BUY
2019-05-27 15:00:00,0.6543800000000001,0.65452,0.6540600000000001,0.65418,BUY
2019-05-27 18:00:00,0.6542,0.65442,0.6541399999999999,0.65436,BUY
2019-05-27 21:00:00,0.6545300000000001,0.65471,0.6544,0.65468,BUY
